mapa,id_problema,exp_dijkstra,caminho_otimo
arena,0,16,3
arena,1,14,3
arena,2,9,2
arena,3,7,2
arena,4,60,5
arena,5,9,2
arena,6,20,3
arena,7,56,5
arena,8,23,5
arena,9,21,4
arena,10,80,7
arena,11,72,6
arena,12,212,10
arena,13,125,8
arena,14,47,5
arena,15,82,6
arena,16,84,6
arena,17,125,8
arena,18,53,5
arena,19,79,6
arena,20,147,14
arena,21,330,13
arena,22,199,11
arena,23,148,11
arena,24,227,11
arena,25,356,14
arena,26,193,11
arena,27,150,11
arena,28,219,11
arena,29,276,13
arena,30,444,16
arena,31,565,17
arena,32,238,14
arena,33,332,15
arena,34,611,21
arena,35,535,17
arena,36,266,14
arena,37,751,21
arena,38,423,16
arena,39,419,15
arena,40,635,22
arena,41,825,22
arena,42,729,21
arena,43,584,19
arena,44,794,25
arena,45,680,27
arena,46,273,18
arena,47,804,21
arena,48,850,26
arena,49,788,22
arena,50,1129,27
arena,51,947,27
arena,52,954,23
arena,53,1086,26
arena,54,970,27
arena,55,683,26
arena,56,990,31
arena,57,820,21
arena,58,579,23
arena,59,836,26
arena,60,1724,34
arena,61,1319,30
arena,62,1183,29
arena,63,877,33
arena,64,922,29
arena,65,981,35
arena,66,1378,33
arena,67,764,29
arena,68,1643,32
arena,69,463,24
arena,70,1843,38
arena,71,986,38
arena,72,1793,41
arena,73,1156,36
arena,74,1559,37
arena,75,1019,40
arena,76,1301,40
arena,77,1824,42
arena,78,1166,35
arena,79,1456,35
arena,80,1431,42
arena,81,1802,44
arena,82,1479,37
arena,83,1525,37
arena,84,753,38
arena,85,1120,36
arena,86,1921,47
arena,87,1178,37
arena,88,1482,41
arena,89,1799,49
arena,90,1891,48
arena,91,1510,40
arena,92,1864,47
arena,93,1805,45
arena,94,1823,45
arena,95,2038,54
arena,96,1577,47
arena,97,1348,47
arena,98,1708,46
arena,99,1807,52
arena,100,1526,53
arena,101,1720,55
arena,102,1808,48
arena,103,1815,57
arena,104,1856,56
arena,105,2037,55
arena,106,1856,49
arena,107,1815,47
arena,108,1628,58
arena,109,1355,47
arena,110,1680,57
arena,111,1722,57
arena,112,2053,64
arena,113,1645,50
arena,114,1894,61
arena,115,1935,58
arena,116,1986,65
arena,117,1876,59
arena,118,2045,64
arena,119,1859,55
arena,120,2002,70
arena,121,1875,68
arena,122,1747,61
arena,123,2027,63
arena,124,1883,70
arena,125,2020,70
arena,126,2038,68
arena,127,1996,70
arena,128,1942,62
arena,129,1875,56
arena2,0,57,5
arena2,1,41,4
arena2,2,20,3
arena2,3,21,3
arena2,4,51,5
arena2,5,22,3
arena2,6,52,5
arena2,7,20,3
arena2,8,3,1
arena2,9,2,1
arena2,10,123,9
arena2,11,28,4
arena2,12,105,7
arena2,13,129,9
arena2,14,76,7
arena2,15,91,7
arena2,16,125,9
arena2,17,39,4
arena2,18,127,8
arena2,19,47,7
arena2,20,248,11
arena2,21,403,16
arena2,22,283,16
arena2,23,452,15
arena2,24,305,12
arena2,25,135,11
arena2,26,220,11
arena2,27,162,10
arena2,28,336,14
arena2,29,247,11
arena2,30,721,19
arena2,31,497,19
arena2,32,566,18
arena2,33,436,18
arena2,34,550,18
arena2,35,541,17
arena2,36,398,17
arena2,37,317,14
arena2,38,271,16
arena2,39,542,17
arena2,40,867,22
arena2,41,602,20
arena2,42,879,24
arena2,43,477,20
arena2,44,786,21
arena2,45,1249,27
arena2,46,487,19
arena2,47,548,21
arena2,48,1102,24
arena2,49,544,22
arena2,50,1291,32
arena2,51,794,26
arena2,52,1111,28
arena2,53,1000,26
arena2,54,963,25
arena2,55,893,28
arena2,56,1022,25
arena2,57,1361,27
arena2,58,765,27
arena2,59,770,29
arena2,60,1347,35
arena2,61,911,31
arena2,62,1850,32
arena2,63,909,24
arena2,64,1271,29
arena2,65,882,28
arena2,66,1539,35
arena2,67,1057,29
arena2,68,1353,32
arena2,69,1823,37
arena2,70,962,30
arena2,71,1187,36
arena2,72,1234,35
arena2,73,1132,31
arena2,74,1501,33
arena2,75,1086,36
arena2,76,2029,34
arena2,77,2719,38
arena2,78,1153,35
arena2,79,1425,33
arena2,80,1606,34
arena2,81,884,38
arena2,82,2639,41
arena2,83,2567,40
arena2,84,2044,50
arena2,85,2861,44
arena2,86,2400,42
arena2,87,2383,45
arena2,88,1624,40
arena2,89,1938,49
arena2,90,2086,42
arena2,91,2049,39
arena2,92,2237,53
arena2,93,1932,39
arena2,94,2435,48
arena2,95,1851,40
arena2,96,2202,37
arena2,97,1889,42
arena2,98,1777,48
arena2,99,2061,47
arena2,100,2473,51
arena2,101,3324,51
arena2,102,5323,61
arena2,103,733,46
arena2,104,2504,56
arena2,105,2155,46
arena2,106,2821,59
arena2,107,3841,49
arena2,108,2283,46
arena2,109,3410,46
arena2,110,3726,50
arena2,111,1903,49
arena2,112,2521,54
arena2,113,5127,64
arena2,114,2970,55
arena2,115,2770,53
arena2,116,4240,53
arena2,117,4970,62
arena2,118,4585,59
arena2,119,2721,55
arena2,120,3506,70
arena2,121,3903,56
arena2,122,3519,59
arena2,123,2736,57
arena2,124,2962,55
arena2,125,2884,58
arena2,126,2445,55
arena2,127,2750,57
arena2,128,2691,64
arena2,129,7236,70
arena2,130,5411,60
arena2,131,4660,59
arena2,132,3551,60
arena2,133,4830,59
arena2,134,6715,69
arena2,135,2349,57
arena2,136,4182,64
arena2,137,3252,62
arena2,138,4313,70
arena2,139,6902,74
arena2,140,3282,72
arena2,141,5478,69
arena2,142,4551,78
arena2,143,5641,66
arena2,144,4693,79
arena2,145,5552,72
arena2,146,3993,69
arena2,147,3742,67
arena2,148,3186,61
arena2,149,5808,69
arena2,150,4127,71
arena2,151,2732,69
arena2,152,5908,70
arena2,153,3798,70
arena2,154,5589,77
arena2,155,4571,67
arena2,156,4125,68
arena2,157,4626,77
arena2,158,5913,78
arena2,159,4091,78
arena2,160,5927,72
arena2,161,7908,87
arena2,162,2760,79
arena2,163,8071,85
arena2,164,6839,80
arena2,165,7645,75
arena2,166,6978,86
arena2,167,5564,80
arena2,168,4023,82
arena2,169,5205,81
arena2,170,7696,83
arena2,171,6595,94
arena2,172,9117,87
arena2,173,4602,90
arena2,174,5905,79
arena2,175,4544,84
arena2,176,4024,80
arena2,177,3702,73
arena2,178,4112,77
arena2,179,6323,74
arena2,180,5454,81
arena2,181,6406,80
arena2,182,4742,83
arena2,183,5178,77
arena2,184,4318,77
arena2,185,6376,77
arena2,186,5824,87
arena2,187,4961,85
arena2,188,6373,90
arena2,189,5974,82
arena2,190,1709,84
arena2,191,8420,87
arena2,192,6344,92
arena2,193,8314,91
arena2,194,8313,86
arena2,195,6599,83
arena2,196,8358,99
arena2,197,3628,96
arena2,198,5332,78
arena2,199,4091,79
arena2,200,8184,92
arena2,201,5134,98
arena2,202,7497,108
arena2,203,6056,83
arena2,204,8224,95
arena2,205,3529,99
arena2,206,8192,86
arena2,207,5356,95
arena2,208,7696,104
arena2,209,8446,102
arena2,210,7308,93
arena2,211,6259,96
arena2,212,9204,100
arena2,213,3788,94
arena2,214,9006,94
arena2,215,7180,105
arena2,216,3807,102
arena2,217,8843,94
arena2,218,5547,108
arena2,219,5338,103
arena2,220,10278,102
arena2,221,10271,104
arena2,222,10105,107
arena2,223,3361,97
arena2,224,4603,106
arena2,225,9256,95
arena2,226,9916,116
arena2,227,5719,112
arena2,228,5516,101
arena2,229,10121,118
arena2,230,7494,105
arena2,231,11836,121
arena2,232,13450,119
arena2,233,13460,128
arena2,234,11370,123
arena2,235,12315,120
arena2,236,10690,108
arena2,237,10405,108
arena2,238,9705,100
arena2,239,6598,106
arena2,240,11946,127
arena2,241,7713,124
arena2,242,8809,119
arena2,243,11104,111
arena2,244,7968,115
arena2,245,9285,108
arena2,246,9946,113
arena2,247,9297,104
arena2,248,5462,107
arena2,249,13182,130
arena2,250,7074,119
arena2,251,10469,136
arena2,252,9517,118
arena2,253,11384,119
arena2,254,11113,111
arena2,255,7064,110
arena2,256,11516,111
arena2,257,9795,113
arena2,258,11473,117
arena2,259,10979,116
arena2,260,6341,120
arena2,261,11583,127
arena2,262,10566,132
arena2,263,8179,132
arena2,264,9004,121
arena2,265,8822,127
arena2,266,12041,127
arena2,267,9829,119
arena2,268,14949,136
arena2,269,6953,124
arena2,270,4329,127
arena2,271,15229,135
arena2,272,10528,137
arena2,273,12409,122
arena2,274,13659,129
arena2,275,9432,129
arena2,276,12393,116
arena2,277,14611,133
arena2,278,11354,119
arena2,279,11975,131
arena2,280,13869,126
arena2,281,8114,138
arena2,282,14102,129
arena2,283,14269,133
arena2,284,10979,141
arena2,285,14178,132
arena2,286,9841,137
arena2,287,9611,132
arena2,288,14727,146
arena2,289,12276,127
arena2,290,12709,147
arena2,291,12113,134
arena2,292,11342,160
arena2,293,8183,158
arena2,294,14768,150
arena2,295,12780,140
arena2,296,14755,140
arena2,297,9858,133
arena2,298,6580,143
arena2,299,13846,128
arena2,300,14216,141
arena2,301,8830,145
arena2,302,16992,146
arena2,303,15599,152
arena2,304,8580,139
arena2,305,13188,161
arena2,306,14161,131
arena2,307,15459,162
arena2,308,14437,132
arena2,309,15886,143
arena2,310,18762,165
arena2,311,9781,154
arena2,312,16493,161
arena2,313,18554,159
arena2,314,15710,139
arena2,315,14297,133
arena2,316,12205,157
arena2,317,12960,140
arena2,318,12513,143
arena2,319,5754,149
arena2,320,14988,154
arena2,321,17925,165
arena2,322,12810,167
arena2,323,17382,158
arena2,324,12574,156
arena2,325,7344,142
arena2,326,19284,155
arena2,327,11028,147
arena2,328,14661,160
arena2,329,15778,165
arena2,330,15264,143
arena2,331,20397,161
arena2,332,15606,154
arena2,333,15532,145
arena2,334,16210,149
arena2,335,17153,163
arena2,336,13994,153
arena2,337,6761,143
arena2,338,15701,152
arena2,339,4857,154
arena2,340,15041,174
arena2,341,15640,160
arena2,342,12771,149
arena2,343,19223,162
arena2,344,17674,175
arena2,345,17447,178
arena2,346,17368,165
arena2,347,15807,157
arena2,348,14728,152
arena2,349,15069,161
arena2,350,13447,176
arena2,351,9864,160
arena2,352,12462,169
arena2,353,18089,158
arena2,354,18392,153
arena2,355,15726,157
arena2,356,13037,174
arena2,357,19914,170
arena2,358,15174,182
arena2,359,8531,162
arena2,360,5894,158
arena2,361,7255,161
arena2,362,20116,161
arena2,363,16865,175
arena2,364,5377,160
arena2,365,10077,184
arena2,366,12805,169
arena2,367,14436,165
arena2,368,6457,166
arena2,369,16144,159
arena2,370,9604,173
arena2,371,16167,171
arena2,372,18806,182
arena2,373,8117,179
arena2,374,13531,163
arena2,375,23393,196
arena2,376,15130,179
arena2,377,6281,164
arena2,378,8590,188
arena2,379,16729,176
arena2,380,16743,192
arena2,381,8852,179
arena2,382,7601,164
arena2,383,18491,206
arena2,384,20707,198
arena2,385,13632,193
arena2,386,19265,201
arena2,387,20954,170
arena2,388,20910,191
arena2,389,16173,179
arena2,390,6605,180
arena2,391,19411,190
arena2,392,7580,176
arena2,393,17938,185
arena2,394,17251,176
arena2,395,22552,188
arena2,396,18155,170
arena2,397,13906,187
arena2,398,14754,186
arena2,399,21457,176
arena2,400,16129,199
arena2,401,14242,204
arena2,402,19717,189
arena2,403,16181,196
arena2,404,17401,180
arena2,405,11213,189
arena2,406,18424,176
arena2,407,19313,202
arena2,408,15676,198
arena2,409,10882,169
arena2,410,21904,186
arena2,411,7631,180
arena2,412,23544,201
arena2,413,17172,194
arena2,414,18438,206
arena2,415,18246,188
arena2,416,9049,199
arena2,417,13246,201
arena2,418,17738,188
arena2,419,21685,204
arena2,420,20269,215
arena2,421,17866,205
arena2,422,22603,183
arena2,423,10179,193
arena2,424,17422,184
arena2,425,22174,203
arena2,426,19170,212
arena2,427,15743,213
arena2,428,19184,195
arena2,429,13775,200
arena2,430,18168,207
arena2,431,15738,199
arena2,432,17971,219
arena2,433,16142,209
arena2,434,12253,212
arena2,435,21562,208
arena2,436,18149,212
arena2,437,19549,227
arena2,438,19415,194
arena2,439,18207,220
arena2,440,21697,209
arena2,441,21651,216
arena2,442,20435,199
arena2,443,8818,203
arena2,444,12608,192
arena2,445,9027,191
arena2,446,17985,189
arena2,447,14090,199
arena2,448,20434,212
arena2,449,20197,200
arena2,450,14201,192
arena2,451,12982,210
arena2,452,19399,213
arena2,453,18641,229
arena2,454,11131,199
arena2,455,20114,219
arena2,456,21252,208
arena2,457,21472,212
arena2,458,16755,230
arena2,459,21759,207
arena2,460,20948,224
arena2,461,15271,208
arena2,462,18500,239
arena2,463,15803,217
arena2,464,19202,214
arena2,465,14034,214
arena2,466,9399,201
arena2,467,8522,205
arena2,468,21542,209
arena2,469,18621,227
arena2,470,20509,229
arena2,471,20038,197
arena2,472,20565,216
arena2,473,21944,209
arena2,474,22236,227
arena2,475,19375,233
arena2,476,17989,202
arena2,477,19883,225
arena2,478,15041,215
arena2,479,15792,231
arena2,480,9093,214
arena2,481,14456,217
arena2,482,12401,242
arena2,483,22530,244
arena2,484,19803,223
arena2,485,20842,213
arena2,486,18270,209
arena2,487,11967,214
arena2,488,14112,227
arena2,489,15621,217
arena2,490,21995,226
arena2,491,19625,247
arena2,492,21072,212
arena2,493,24246,238
arena2,494,16073,228
arena2,495,17182,239
arena2,496,10780,228
arena2,497,20006,237
arena2,498,16877,239
arena2,499,12143,235
arena2,500,23788,234
arena2,501,23644,241
arena2,502,16747,241
arena2,503,19451,255
arena2,504,15468,236
arena2,505,18857,213
arena2,506,14039,226
arena2,507,21207,246
arena2,508,23875,228
arena2,509,18941,220
arena2,510,22620,243
arena2,511,10363,237
arena2,512,14087,219
arena2,513,23972,248
arena2,514,23234,228
arena2,515,21091,255
arena2,516,19290,234
arena2,517,18641,220
arena2,518,12638,230
arena2,519,23590,255
arena2,520,21923,266
arena2,521,14178,235
arena2,522,20865,242
arena2,523,17488,254
arena2,524,12215,229
arena2,525,22253,228
arena2,526,16171,232
arena2,527,11818,221
arena2,528,21261,246
arena2,529,18373,254
arena2,530,22433,238
arena2,531,21175,264
arena2,532,22797,265
arena2,533,18584,247
arena2,534,22630,232
arena2,535,22223,262
arena2,536,23838,236
arena2,537,16350,262
arena2,538,18772,233
arena2,539,23603,260
arena2,540,18542,246
arena2,541,16888,263
arena2,542,13276,237
arena2,543,21600,257
arena2,544,11802,240
arena2,545,20956,262
arena2,546,24153,233
arena2,547,19162,267
arena2,548,21787,268
arena2,549,21964,268
arena2,550,22952,248
arena2,551,23740,275
arena2,552,15400,231
arena2,553,19035,256
arena2,554,22883,265
arena2,555,18530,245
arena2,556,22622,268
arena2,557,23058,265
arena2,558,23526,244
arena2,559,23535,234
arena2,560,21048,278
arena2,561,12957,241
arena2,562,18383,275
arena2,563,21661,283
arena2,564,17567,238
arena2,565,19709,243
arena2,566,20113,242
arena2,567,22606,267
arena2,568,17149,242
arena2,569,21943,242
arena2,570,19417,247
arena2,571,22460,246
arena2,572,19646,248
arena2,573,21597,250
arena2,574,19456,270
arena2,575,21047,251
arena2,576,23796,256
arena2,577,20923,295
arena2,578,20071,250
arena2,579,24050,261
arena2,580,23698,295
arena2,581,21597,269
arena2,582,21725,286
arena2,583,22464,282
arena2,584,21055,288
arena2,585,18537,290
arena2,586,19537,253
arena2,587,21553,279
arena2,588,19428,269
arena2,589,23608,294
arena2,590,20639,277
arena2,591,19788,271
arena2,592,24074,266
arena2,593,19358,253
arena2,594,16675,277
arena2,595,19010,256
arena2,596,14938,278
arena2,597,20471,258
arena2,598,20826,278
arena2,599,24263,289
arena2,600,21100,299
arena2,601,21819,282
arena2,602,22733,269
arena2,603,21660,280
arena2,604,21723,310
arena2,605,23975,270
arena2,606,21193,271
arena2,607,24294,273
arena2,608,23870,297
arena2,609,20790,281
arena2,610,19343,266
arena2,611,22173,270
arena2,612,23089,291
arena2,613,21743,279
arena2,614,23262,303
arena2,615,22266,262
arena2,616,19921,274
arena2,617,23011,290
arena2,618,22663,287
arena2,619,15911,290
arena2,620,17832,263
arena2,621,22735,304
arena2,622,20947,309
arena2,623,23459,273
arena2,624,22200,287
arena2,625,23697,283
arena2,626,19933,300
arena2,627,18536,280
arena2,628,19951,290
arena2,629,20624,281
arena2,630,20189,272
arena2,631,22444,282
arena2,632,19268,282
arena2,633,23912,280
arena2,634,16845,286
arena2,635,19045,264
arena2,636,23777,289
arena2,637,22994,300
arena2,638,22071,303
arena2,639,18852,282
arena2,640,20440,284
arena2,641,24029,304
arena2,642,22274,281
arena2,643,21975,284
arena2,644,23962,277
arena2,645,22601,281
arena2,646,21685,280
arena2,647,20501,316
arena2,648,22950,306
arena2,649,21703,295
arena2,650,19272,306
arena2,651,20099,291
arena2,652,20693,315
arena2,653,22073,282
arena2,654,17790,320
arena2,655,23020,299
arena2,656,20594,278
arena2,657,22441,285
arena2,658,23630,277
arena2,659,23253,318
arena2,660,23135,314
arena2,661,20144,320
arena2,662,21054,316
arena2,663,22669,325
arena2,664,17769,318
arena2,665,23656,328
arena2,666,19258,307
arena2,667,23889,320
arena2,668,22740,308
arena2,669,24055,308
arena2,670,19073,306
arena2,671,20315,306
arena2,672,24035,315
arena2,673,23088,285
arena2,674,22664,327
arena2,675,23383,316
arena2,676,24260,290
arena2,677,22538,312
arena2,678,17997,294
arena2,679,23075,330
arena2,680,22856,317
arena2,681,19213,300
arena2,682,23510,327
arena2,683,22891,303
arena2,684,23441,293
arena2,685,23356,297
arena2,686,24231,305
arena2,687,23575,307
arena2,688,22542,302
arena2,689,19136,293
arena2,690,22656,294
arena2,691,23424,316
arena2,692,24179,333
arena2,693,23470,316
arena2,694,22837,295
arena2,695,23874,325
arena2,696,20420,341
arena2,697,23010,337
arena2,698,23326,309
arena2,699,23721,311
arena2,700,24298,350
arena2,701,19685,314
arena2,702,22784,309
arena2,703,19761,304
arena2,704,23782,303
arena2,705,23058,304
arena2,706,23878,325
arena2,707,21786,306
arena2,708,23411,300
arena2,709,18705,301
arena2,710,21297,332
arena2,711,21476,325
arena2,712,20853,305
arena2,713,20688,308
arena2,714,22367,302
arena2,715,20804,346
arena2,716,18878,312
arena2,717,24309,309
arena2,718,24258,335
arena2,719,21800,299
arena2,720,23901,344
arena2,721,23830,306
arena2,722,24102,316
arena2,723,20349,318
arena2,724,20722,314
arena2,725,22119,344
arena2,726,24291,311
arena2,727,24060,306
arena2,728,19906,319
arena2,729,19962,306
arena2,730,23509,319
arena2,731,21673,314
arena2,732,24134,335
arena2,733,23068,341
arena2,734,23167,319
arena2,735,22984,329
arena2,736,23876,353
arena2,737,21477,336
arena2,738,24260,324
arena2,739,24083,318
arena2,740,23665,326
arena2,741,23420,338
arena2,742,24080,330
arena2,743,24068,324
arena2,744,18814,332
arena2,745,19594,321
arena2,746,24111,333
arena2,747,23454,324
arena2,748,23515,326
arena2,749,20890,322
arena2,750,20064,320
arena2,751,24303,326
arena2,752,23951,366
arena2,753,23646,327
arena2,754,24106,367
arena2,755,23354,319
arena2,756,22466,326
arena2,757,24170,365
arena2,758,24090,335
arena2,759,24120,328
arena2,760,24283,338
arena2,761,23433,330
arena2,762,24299,336
arena2,763,21153,334
arena2,764,23930,326
arena2,765,23936,335
arena2,766,22096,344
arena2,767,21872,324
arena2,768,23010,320
arena2,769,23704,375
arena2,770,24187,335
arena2,771,20846,327
arena2,772,22464,331
arena2,773,21033,337
arena2,774,23606,332
arena2,775,19395,328
arena2,776,21636,335
arena2,777,21670,341
arena2,778,21493,341
arena2,779,22019,343
arena2,780,22713,339
arena2,781,24167,331
arena2,782,23084,343
arena2,783,24278,333
arena2,784,24240,335
arena2,785,24064,344
arena2,786,22847,333
arena2,787,23507,328
arena2,788,19951,336
arena2,789,23749,337
arena2,790,23899,339
arena2,791,24263,350
arena2,792,24307,394
arena2,793,24310,349
arena2,794,23034,354
arena2,795,22569,339
arena2,796,21255,337
arena2,797,24310,339
arena2,798,23173,337
arena2,799,23065,344
arena2,800,23212,356
arena2,801,24004,340
arena2,802,21498,340
arena2,803,23830,340
arena2,804,22549,344
arena2,805,22159,347
arena2,806,23484,335
arena2,807,23869,350
arena2,808,24114,344
arena2,809,24268,392
arena2,810,23794,350
arena2,811,22442,353
arena2,812,24198,359
arena2,813,23690,363
arena2,814,20927,345
arena2,815,24208,346
arena2,816,24304,361
arena2,817,22186,352
arena2,818,21918,349
arena2,819,23673,353
arena2,820,24187,359
arena2,821,23569,362
arena2,822,22672,351
arena2,823,23992,357
arena2,824,22732,353
arena2,825,22669,351
arena2,826,23996,361
arena2,827,23739,357
arena2,828,23981,366
arena2,829,24214,357
arena2,830,23790,358
arena2,831,23481,355
arena2,832,24311,364
arena2,833,23329,363
arena2,834,23450,367
arena2,835,22992,356
arena2,836,23990,360
arena2,837,24256,369
arena2,838,22994,367
arena2,839,24281,360
arena2,840,22615,364
arena2,841,22774,360
arena2,842,23742,373
arena2,843,22549,366
arena2,844,22989,366
arena2,845,24288,363
arena2,846,22494,368
arena2,847,24300,366
arena2,848,24158,369
arena2,849,23998,366
arena2,850,24278,365
arena2,851,24301,376
arena2,852,23668,368
arena2,853,24003,372
arena2,854,23630,365
arena2,855,24044,373
arena2,856,24048,365
arena2,857,23587,372
arena2,858,23863,368
arena2,859,22783,374
arena2,860,23507,372
arena2,861,24125,379
arena2,862,23842,374
arena2,863,23831,376
arena2,864,24084,372
arena2,865,23975,374
arena2,866,23821,378
arena2,867,22897,369
arena2,868,24053,370
arena2,869,24026,376
arena2,870,24304,382
arena2,871,23912,387
arena2,872,24181,385
arena2,873,24087,379
arena2,874,24111,383
arena2,875,23769,377
arena2,876,23205,374
arena2,877,23969,376
arena2,878,23824,381
arena2,879,24234,380
arena2,880,23612,391
arena2,881,24145,386
arena2,882,24146,377
arena2,883,24091,386
arena2,884,24172,387
arena2,885,23811,378
arena2,886,23151,376
arena2,887,24089,378
arena2,888,24216,379
arena2,889,24048,382
arena2,890,24277,393
arena2,891,23878,385
arena2,892,23105,382
arena2,893,24306,384
arena2,894,23968,386
arena2,895,23438,391
arena2,896,24147,383
arena2,897,24130,383
arena2,898,23821,386
arena2,899,24086,390
arena2,900,24182,390
arena2,901,24298,395
arena2,902,23694,386
arena2,903,24073,394
arena2,904,24100,391
arena2,905,24229,398
arena2,906,24305,385
arena2,907,24281,402
arena2,908,24158,393
arena2,909,23711,389
brc000d,0,37,4
brc000d,1,3,1
brc000d,2,6,2
brc000d,3,12,2
brc000d,4,23,4
brc000d,5,12,2
brc000d,6,31,4
brc000d,7,12,3
brc000d,8,7,2
brc000d,9,41,4
brc000d,10,34,5
brc000d,11,40,6
brc000d,12,39,5
brc000d,13,72,6
brc000d,14,47,5
brc000d,15,145,8
brc000d,16,92,7
brc000d,17,46,7
brc000d,18,173,9
brc000d,19,131,9
brc000d,20,241,12
brc000d,21,190,11
brc000d,22,327,16
brc000d,23,234,11
brc000d,24,286,13
brc000d,25,323,13
brc000d,26,229,12
brc000d,27,217,12
brc000d,28,471,15
brc000d,29,343,13
brc000d,30,310,14
brc000d,31,411,16
brc000d,32,472,18
brc000d,33,303,16
brc000d,34,386,15
brc000d,35,561,17
brc000d,36,555,18
brc000d,37,632,18
brc000d,38,380,17
brc000d,39,606,19
brc000d,40,1346,28
brc000d,41,1233,26
brc000d,42,595,20
brc000d,43,907,25
brc000d,44,661,20
brc000d,45,615,19
brc000d,46,891,22
brc000d,47,713,19
brc000d,48,544,21
brc000d,49,349,19
brc000d,50,501,28
brc000d,51,1351,31
brc000d,52,712,25
brc000d,53,1206,28
brc000d,54,866,22
brc000d,55,450,20
brc000d,56,703,23
brc000d,57,1448,30
brc000d,58,706,26
brc000d,59,948,23
brc000d,60,593,26
brc000d,61,714,26
brc000d,62,866,32
brc000d,63,568,30
brc000d,64,1765,30
brc000d,65,2166,35
brc000d,66,2156,35
brc000d,67,2238,35
brc000d,68,1559,30
brc000d,69,1381,38
brc000d,70,1265,32
brc000d,71,1696,33
brc000d,72,2851,43
brc000d,73,2308,37
brc000d,74,1917,36
brc000d,75,1618,38
brc000d,76,2008,35
brc000d,77,1554,39
brc000d,78,1706,33
brc000d,79,1986,35
brc000d,80,2536,38
brc000d,81,2402,37
brc000d,82,1742,45
brc000d,83,2218,37
brc000d,84,2446,43
brc000d,85,1358,33
brc000d,86,2277,38
brc000d,87,3137,50
brc000d,88,3047,46
brc000d,89,2139,35
brc000d,90,4641,53
brc000d,91,3357,47
brc000d,92,4221,52
brc000d,93,2509,41
brc000d,94,2612,45
brc000d,95,3485,53
brc000d,96,1998,45
brc000d,97,2865,39
brc000d,98,2318,39
brc000d,99,3654,48
brc000d,100,5689,59
brc000d,101,3176,45
brc000d,102,4013,54
brc000d,103,3806,52
brc000d,104,3101,46
brc000d,105,2588,45
brc000d,106,3789,48
brc000d,107,2169,52
brc000d,108,3266,43
brc000d,109,4666,52
brc000d,110,5670,58
brc000d,111,3421,60
brc000d,112,4829,56
brc000d,113,3494,45
brc000d,114,2394,51
brc000d,115,4967,56
brc000d,116,2985,52
brc000d,117,2786,58
brc000d,118,1319,57
brc000d,119,4707,52
brc000d,120,4126,58
brc000d,121,4930,58
brc000d,122,5350,60
brc000d,123,5713,67
brc000d,124,6274,67
brc000d,125,4612,56
brc000d,126,1373,58
brc000d,127,1217,59
brc000d,128,2485,55
brc000d,129,4605,63
brc000d,130,5133,64
brc000d,131,3956,56
brc000d,132,3395,70
brc000d,133,6906,69
brc000d,134,6907,67
brc000d,135,5463,59
brc000d,136,6232,67
brc000d,137,5650,64
brc000d,138,5071,59
brc000d,139,6035,71
brc000d,140,6996,65
brc000d,141,6967,73
brc000d,142,5603,69
brc000d,143,5589,65
brc000d,144,6402,67
brc000d,145,5095,62
brc000d,146,5327,61
brc000d,147,4919,65
brc000d,148,7633,78
brc000d,149,4554,73
brc000d,150,2121,69
brc000d,151,6970,70
brc000d,152,8442,76
brc000d,153,4855,66
brc000d,154,8133,71
brc000d,155,6919,69
brc000d,156,9330,85
brc000d,157,2110,82
brc000d,158,7669,73
brc000d,159,5154,76
brc000d,160,5399,78
brc000d,161,5013,89
brc000d,162,9190,79
brc000d,163,5438,71
brc000d,164,10428,86
brc000d,165,7314,73
brc000d,166,4995,68
brc000d,167,7204,77
brc000d,168,7168,75
brc000d,169,5720,74
brc000d,170,5117,74
brc000d,171,11083,91
brc000d,172,5276,82
brc000d,173,5777,87
brc000d,174,10254,93
brc000d,175,9847,90
brc000d,176,7126,93
brc000d,177,6153,80
brc000d,178,5882,81
brc000d,179,6581,89
brc000d,180,10725,87
brc000d,181,8950,93
brc000d,182,5232,93
brc000d,183,9049,79
brc000d,184,10304,90
brc000d,185,5956,95
brc000d,186,7053,81
brc000d,187,11059,89
brc000d,188,4609,80
brc000d,189,7612,92
brc000d,190,6396,86
brc000d,191,5152,94
brc000d,192,9640,88
brc000d,193,10769,101
brc000d,194,13547,103
brc000d,195,5968,92
brc000d,196,11561,98
brc000d,197,9147,88
brc000d,198,8907,78
brc000d,199,9087,97
brc000d,200,6582,100
brc000d,201,5979,91
brc000d,202,3043,92
brc000d,203,11351,103
brc000d,204,13481,107
brc000d,205,11187,101
brc000d,206,13179,100
brc000d,207,6636,99
brc000d,208,3121,108
brc000d,209,9461,103
brc000d,210,7487,106
brc000d,211,6676,100
brc000d,212,10525,92
brc000d,213,15239,111
brc000d,214,9859,116
brc000d,215,10887,111
brc000d,216,11200,100
brc000d,217,3954,97
brc000d,218,11843,99
brc000d,219,11529,110
brc000d,220,10391,108
brc000d,221,11595,112
brc000d,222,3084,98
brc000d,223,12231,109
brc000d,224,14862,104
brc000d,225,16164,116
brc000d,226,15962,125
brc000d,227,11096,102
brc000d,228,8629,93
brc000d,229,5229,113
brc000d,230,13633,104
brc000d,231,8870,114
brc000d,232,12697,125
brc000d,233,15528,118
brc000d,234,8058,97
brc000d,235,14246,128
brc000d,236,12495,125
brc000d,237,18452,124
brc000d,238,13511,102
brc000d,239,13243,125
brc000d,240,13264,121
brc000d,241,10755,107
brc000d,242,19853,129
brc000d,243,4862,126
brc000d,244,6436,115
brc000d,245,12756,110
brc000d,246,19623,137
brc000d,247,12630,126
brc000d,248,10947,134
brc000d,249,16164,126
brc000d,250,8228,134
brc000d,251,16734,129
brc000d,252,14037,138
brc000d,253,8610,121
brc000d,254,18408,127
brc000d,255,12461,115
brc000d,256,10722,124
brc000d,257,10700,126
brc000d,258,11597,127
brc000d,259,9810,107
brc000d,260,15601,122
brc000d,261,12400,130
brc000d,262,13560,142
brc000d,263,9577,142
brc000d,264,13048,145
brc000d,265,10683,118
brc000d,266,15885,137
brc000d,267,13706,127
brc000d,268,7380,134
brc000d,269,13226,122
brc000d,270,13020,128
brc000d,271,4566,138
brc000d,272,16822,138
brc000d,273,7625,113
brc000d,274,15255,129
brc000d,275,14536,126
brc000d,276,18824,144
brc000d,277,6699,136
brc000d,278,14022,123
brc000d,279,17618,123
brc000d,280,15505,124
brc000d,281,9815,134
brc000d,282,16360,147
brc000d,283,14328,130
brc000d,284,17754,135
brc000d,285,14989,124
brc000d,286,10819,137
brc000d,287,14645,127
brc000d,288,13504,128
brc000d,289,16127,151
brc000d,290,14544,126
brc000d,291,16816,148
brc000d,292,17924,152
brc000d,293,14125,161
brc000d,294,15573,155
brc000d,295,15943,156
brc000d,296,13261,159
brc000d,297,11307,144
brc000d,298,17878,142
brc000d,299,13760,127
brc000d,300,17722,143
brc000d,301,8646,146
brc000d,302,13406,147
brc000d,303,16303,151
brc000d,304,13091,147
brc000d,305,9752,146
brc000d,306,12442,145
brc000d,307,9442,141
brc000d,308,13377,135
brc000d,309,5861,155
brc000d,310,16817,167
brc000d,311,20411,168
brc000d,312,14642,160
brc000d,313,19574,139
brc000d,314,16119,152
brc000d,315,16696,143
brc000d,316,10455,152
brc000d,317,22847,159
brc000d,318,4852,160
brc000d,319,23160,171
brc000d,320,8739,153
brc000d,321,21795,157
brc000d,322,18988,150
brc000d,323,18816,150
brc000d,324,15423,153
brc000d,325,15892,147
brc000d,326,23362,152
brc000d,327,16364,143
brc000d,328,17598,147
brc000d,329,18462,155
brc000d,330,8648,153
brc000d,331,17148,162
brc000d,332,17136,161
brc000d,333,16621,174
brc000d,334,22942,171
brc000d,335,16461,162
brc000d,336,21972,157
brc000d,337,9054,159
brc000d,338,9083,142
brc000d,339,14805,170
brc000d,340,12062,193
brc000d,341,20244,173
brc000d,342,23917,183
brc000d,343,8522,164
brc000d,344,18594,176
brc000d,345,13953,163
brc000d,346,13342,154
brc000d,347,17019,166
brc000d,348,19517,184
brc000d,349,8430,175
brc000d,350,20710,177
brc000d,351,13435,157
brc000d,352,9717,170
brc000d,353,12970,168
brc000d,354,15447,176
brc000d,355,16011,183
brc000d,356,21209,178
brc000d,357,24986,195
brc000d,358,23629,187
brc000d,359,25025,181
brc000d,360,12715,183
brc000d,361,11904,151
brc000d,362,25747,186
brc000d,363,19178,187
brc000d,364,10303,177
brc000d,365,20916,173
brc000d,366,20973,180
brc000d,367,7562,200
brc000d,368,20818,172
brc000d,369,13166,175
brc000d,370,26148,194
brc000d,371,17011,199
brc000d,372,15140,193
brc000d,373,14651,178
brc000d,374,19381,197
brc000d,375,13219,180
brc000d,376,25110,171
brc000d,377,19916,164
brc000d,378,12527,178
brc000d,379,15839,200
brc000d,380,18130,182
brc000d,381,18210,171
brc000d,382,12949,180
brc000d,383,13059,164
brc000d,384,19373,179
brc000d,385,20873,179
brc000d,386,21334,193
brc000d,387,18510,187
brc000d,388,20946,194
brc000d,389,20755,192
brc000d,390,15775,178
brc000d,391,22482,206
brc000d,392,15792,172
brc000d,393,24128,195
brc000d,394,18681,206
brc000d,395,15469,170
brc000d,396,20649,177
brc000d,397,22148,207
brc000d,398,15757,175
brc000d,399,21131,169
brc000d,400,17434,184
brc000d,401,25759,184
brc000d,402,25710,183
brc000d,403,22371,185
brc000d,404,19001,177
brc000d,405,20134,182
brc000d,406,15947,199
brc000d,407,19505,205
brc000d,408,20307,204
brc000d,409,16072,181
brc000d,410,15387,201
brc000d,411,20949,207
brc000d,412,24707,200
brc000d,413,22004,222
brc000d,414,11862,201
brc000d,415,14826,178
brc000d,416,24852,204
brc000d,417,20249,200
brc000d,418,18701,196
brc000d,419,24560,176
brc000d,420,20764,211
brc000d,421,17979,181
brc000d,422,24233,208
brc000d,423,13810,212
brc000d,424,23615,214
brc000d,425,21916,226
brc000d,426,25538,213
brc000d,427,12742,205
brc000d,428,24475,190
brc000d,429,14761,204
brc000d,430,21904,193
brc000d,431,26246,234
brc000d,432,9860,206
brc000d,433,18521,207
brc000d,434,21137,194
brc000d,435,12335,189
brc000d,436,23510,231
brc000d,437,24052,206
brc000d,438,17220,215
brc000d,439,23183,217
brc000d,440,21996,216
brc000d,441,19294,192
brc000d,442,22207,222
brc000d,443,18970,221
brc000d,444,14150,225
brc000d,445,13840,230
brc000d,446,25987,208
brc000d,447,25716,218
brc000d,448,23289,217
brc000d,449,22932,236
brc000d,450,25947,208
brc000d,451,25046,202
brc000d,452,21585,199
brc000d,453,18892,220
brc000d,454,24153,216
brc000d,455,17214,208
brc000d,456,18881,189
brc000d,457,23505,210
brc000d,458,27384,232
brc000d,459,21253,222
brc000d,460,14092,197
brc000d,461,24887,218
brc000d,462,17779,203
brc000d,463,17246,209
brc000d,464,10507,219
brc000d,465,25204,203
brc000d,466,22932,238
brc000d,467,16560,233
brc000d,468,21533,214
brc000d,469,23256,248
brc000d,470,21395,222
brc000d,471,24486,234
brc000d,472,19360,243
brc000d,473,25781,245
brc000d,474,19236,242
brc000d,475,24241,228
brc000d,476,21457,214
brc000d,477,23891,222
brc000d,478,25106,235
brc000d,479,22816,235
brc000d,480,18838,261
brc000d,481,27121,223
brc000d,482,20249,234
brc000d,483,21912,236
brc000d,484,19872,232
brc000d,485,26578,229
brc000d,486,23075,258
brc000d,487,24704,253
brc000d,488,24948,228
brc000d,489,19971,232
brc000d,490,27054,252
brc000d,491,24014,210
brc000d,492,14257,240
brc000d,493,26089,241
brc000d,494,22950,216
brc000d,495,18484,241
brc000d,496,24216,212
brc000d,497,26194,239
brc000d,498,24906,232
brc000d,499,26162,233
brc000d,500,24201,248
brc000d,501,15230,260
brc000d,502,26323,266
brc000d,503,26451,269
brc000d,504,21178,234
brc000d,505,20788,225
brc000d,506,18075,243
brc000d,507,19770,242
brc000d,508,25021,251
brc000d,509,24484,215
brc000d,510,25695,230
brc000d,511,19757,236
brc000d,512,23531,241
brc000d,513,24238,233
brc000d,514,17973,264
brc000d,515,13736,224
brc000d,516,24303,218
brc000d,517,16025,248
brc000d,518,24189,227
brc000d,519,15204,260
brc000d,520,22086,242
brc000d,521,27373,267
brc000d,522,17954,251
brc000d,523,26297,225
brc000d,524,25571,225
brc000d,525,27220,269
brc000d,526,26224,268
brc000d,527,19209,244
brc000d,528,25389,248
brc000d,529,20957,232
brc000d,530,23221,248
brc000d,531,20186,252
brc000d,532,25620,249
brc000d,533,23740,254
brc000d,534,25709,227
brc000d,535,18567,235
brc000d,536,20144,268
brc000d,537,26018,266
brc000d,538,26988,245
brc000d,539,22533,261
brc000d,540,25184,268
brc000d,541,26135,258
brc000d,542,21397,248
brc000d,543,20348,264
brc000d,544,18700,250
brc000d,545,20534,288
brc000d,546,26110,285
brc000d,547,26555,255
brc000d,548,26458,265
brc000d,549,22967,267
brc000d,550,25397,278
brc000d,551,20664,267
brc000d,552,25285,258
brc000d,553,25046,262
brc000d,554,17711,242
brc000d,555,19406,236
brc000d,556,19020,271
brc000d,557,21449,259
brc000d,558,20508,247
brc000d,559,16902,282
brc000d,560,22895,265
brc000d,561,24425,282
brc000d,562,24829,270
brc000d,563,25358,248
brc000d,564,22988,274
brc000d,565,22710,266
brc000d,566,25642,303
brc000d,567,26257,300
brc000d,568,17936,283
brc000d,569,24412,301
brc000d,570,23561,271
brc000d,571,26511,306
brc000d,572,16632,261
brc000d,573,26089,302
brc000d,574,19137,248
brc000d,575,23148,266
brc000d,576,21721,270
brc000d,577,25987,251
brc000d,578,25531,279
brc000d,579,27077,285
brc000d,580,25120,272
brc000d,581,25536,313
brc000d,582,21697,288
brc000d,583,26817,261
brc000d,584,27037,300
brc000d,585,27235,302
brc000d,586,19141,300
brc000d,587,25476,265
brc000d,588,21235,275
brc000d,589,23224,261
brc000d,590,25551,278
brc000d,591,22561,275
brc000d,592,26781,286
brc000d,593,26949,293
brc000d,594,27019,297
brc000d,595,18723,259
brc000d,596,22128,266
brc000d,597,26530,288
brc000d,598,23567,296
brc000d,599,25747,290
brc000d,600,23226,290
brc000d,601,26004,285
brc000d,602,24438,300
brc000d,603,27171,276
brc000d,604,20344,287
brc000d,605,26742,306
brc000d,606,24868,281
brc000d,607,21960,271
brc000d,608,26783,318
brc000d,609,25269,297
brc000d,610,24937,298
brc000d,611,25020,301
brc000d,612,27221,273
brc000d,613,23527,304
brc000d,614,26565,325
brc000d,615,25464,277
brc000d,616,24559,291
brc000d,617,27131,309
brc000d,618,26280,297
brc000d,619,23278,317
brc000d,620,23391,308
brc000d,621,22303,275
brc000d,622,26332,299
brc000d,623,25165,278
brc000d,624,24747,294
brc000d,625,20373,320
brc000d,626,26090,269
brc000d,627,22760,333
brc000d,628,26446,289
brc000d,629,26466,296
brc000d,630,26289,305
brc000d,631,26468,328
brc000d,632,24057,296
brc000d,633,24743,291
brc000d,634,21499,299
brc000d,635,24264,316
brc000d,636,23894,333
brc000d,637,26105,304
brc000d,638,27093,308
brc000d,639,26209,296
brc000d,640,25940,326
brc000d,641,23586,312
brc000d,642,26983,326
brc000d,643,25809,317
brc000d,644,25673,329
brc000d,645,23480,317
brc000d,646,23916,316
brc000d,647,25566,303
brc000d,648,26993,326
brc000d,649,25205,289
brc000d,650,24128,331
brc000d,651,24536,312
brc000d,652,26683,326
brc000d,653,22897,307
brc000d,654,27369,327
brc000d,655,24434,296
brc000d,656,20746,306
brc000d,657,23889,307
brc000d,658,24123,314
brc000d,659,25370,314
brc000d,660,25210,325
brc000d,661,26297,333
brc000d,662,26923,337
brc000d,663,27264,300
brc000d,664,24741,321
brc000d,665,26592,336
brc000d,666,26046,314
brc000d,667,26835,316
brc000d,668,23358,328
brc000d,669,25423,327
brc000d,670,22855,327
brc000d,671,26682,322
brc000d,672,23657,351
brc000d,673,27242,332
brc000d,674,25670,319
brc000d,675,23147,339
brc000d,676,26514,313
brc000d,677,25503,308
brc000d,678,26229,314
brc000d,679,26718,314
brc000d,680,27210,341
brc000d,681,26542,330
brc000d,682,27370,346
brc000d,683,26807,314
brc000d,684,26953,347
brc000d,685,26776,317
brc000d,686,25611,342
brc000d,687,26987,350
brc000d,688,21719,330
brc000d,689,26865,325
brc000d,690,25748,323
brc000d,691,27352,319
brc000d,692,23810,345
brc000d,693,25577,335
brc000d,694,26634,338
brc000d,695,26267,352
brc000d,696,26855,341
brc000d,697,26551,323
brc000d,698,25215,342
brc000d,699,22633,319
brc000d,700,26873,361
brc000d,701,27115,349
brc000d,702,27255,347
brc000d,703,27259,345
brc000d,704,26945,321
brc000d,705,22501,324
brc000d,706,26277,325
brc000d,707,25361,347
brc000d,708,27143,317
brc000d,709,26304,360
brc000d,710,27123,366
brc000d,711,23794,344
brc000d,712,26999,360
brc000d,713,27372,330
brc000d,714,25810,335
brc000d,715,25358,330
brc000d,716,26976,370
brc000d,717,22221,328
brc000d,718,26396,327
brc000d,719,27162,333
brc000d,720,27117,344
brc000d,721,25898,360
brc000d,722,25449,346
brc000d,723,25900,362
brc000d,724,26972,340
brc000d,725,25350,336
brc000d,726,25709,375
brc000d,727,26053,342
brc000d,728,27379,378
brc000d,729,25072,349
brc000d,730,27331,349
brc000d,731,26717,366
brc000d,732,26715,354
brc000d,733,27042,372
brc000d,734,27262,376
brc000d,735,26067,348
brc000d,736,26805,368
brc000d,737,26882,365
brc000d,738,24475,344
brc000d,739,26154,352
brc000d,740,24912,359
brc000d,741,27043,373
brc000d,742,25823,374
brc000d,743,25616,361
brc000d,744,27093,363
brc000d,745,26420,345
brc000d,746,27383,352
brc000d,747,24829,360
brc000d,748,24586,352
brc000d,749,26065,358
brc000d,750,26540,365
brc000d,751,27138,384
brc000d,752,25847,360
brc000d,753,26831,372
brc000d,754,26379,357
brc000d,755,26753,351
brc000d,756,24877,347
brc000d,757,26115,387
brc000d,758,26706,361
brc000d,759,27078,356
brc000d,760,26027,382
brc000d,761,27160,373
brc000d,762,25982,370
brc000d,763,27302,372
brc000d,764,25767,361
brc000d,765,26315,379
brc000d,766,25325,368
brc000d,767,26809,347
brc000d,768,26808,380
brc000d,769,26213,373
brc000d,770,26588,368
brc000d,771,26869,358
brc000d,772,25149,359
brc000d,773,26498,363
brc000d,774,27105,378
brc000d,775,27029,383
brc000d,776,25099,362
brc000d,777,26256,368
brc000d,778,27084,392
brc000d,779,26372,355
brc000d,780,26631,366
brc000d,781,26777,358
brc000d,782,26561,366
brc000d,783,26737,363
brc000d,784,26402,378
brc000d,785,26551,371
brc000d,786,26068,373
brc000d,787,27386,400
brc000d,788,27373,382
brc000d,789,26152,386
brc000d,790,26952,385
brc000d,791,27053,398
brc000d,792,25956,373
brc000d,793,25857,373
brc000d,794,27353,386
brc000d,795,27051,397
brc000d,796,26559,364
brc000d,797,26987,402
brc000d,798,26928,380
brc000d,799,26935,384
brc000d,800,26287,376
brc000d,801,26867,410
brc000d,802,26955,378
brc000d,803,26359,388
brc000d,804,27151,406
brc000d,805,27359,388
brc000d,806,26501,382
brc000d,807,27124,382
brc000d,808,27073,374
brc000d,809,27202,374
brc000d,810,26708,378
brc000d,811,27334,405
brc000d,812,26934,399
brc000d,813,26419,380
brc000d,814,27317,404
brc000d,815,26459,386
brc000d,816,26890,406
brc000d,817,27126,385
brc000d,818,27153,392
brc000d,819,26173,375
brc000d,820,26802,389
brc000d,821,27240,410
brc000d,822,26727,404
brc000d,823,26617,391
brc000d,824,27179,395
brc000d,825,26736,384
brc000d,826,27110,410
brc000d,827,26752,395
brc000d,828,27144,414
brc000d,829,26996,413
brc000d,830,27163,416
brc000d,831,27357,406
brc000d,832,26921,397
brc000d,833,27155,416
brc000d,834,27375,426
brc000d,835,26761,395
brc000d,836,27365,418
brc000d,837,27059,420
brc000d,838,26897,401
brc000d,839,27230,421
brc000d,840,27324,423
brc000d,841,27312,423
brc000d,842,27266,420
brc000d,843,27382,426
brc000d,844,27229,415
brc000d,845,27281,427
brc000d,846,26754,399
brc000d,847,27385,406
brc000d,848,27002,420
brc000d,849,26930,408
brc100d,0,6,2
brc100d,1,10,2
brc100d,2,16,3
brc100d,3,26,4
brc100d,4,39,4
brc100d,5,14,3
brc100d,6,19,3
brc100d,7,12,3
brc100d,8,18,4
brc100d,9,4,1
brc100d,10,54,6
brc100d,11,133,9
brc100d,12,52,7
brc100d,13,116,8
brc100d,14,100,7
brc100d,15,57,5
brc100d,16,158,9
brc100d,17,58,5
brc100d,18,138,9
brc100d,19,73,6
brc100d,20,178,10
brc100d,21,324,13
brc100d,22,121,13
brc100d,23,346,16
brc100d,24,147,11
brc100d,25,255,12
brc100d,26,352,14
brc100d,27,148,11
brc100d,28,264,12
brc100d,29,290,12
brc100d,30,257,13
brc100d,31,508,19
brc100d,32,232,17
brc100d,33,548,17
brc100d,34,303,17
brc100d,35,196,15
brc100d,36,358,15
brc100d,37,165,14
brc100d,38,339,14
brc100d,39,412,15
brc100d,40,361,19
brc100d,41,415,22
brc100d,42,663,22
brc100d,43,554,19
brc100d,44,786,23
brc100d,45,1049,24
brc100d,46,362,24
brc100d,47,939,23
brc100d,48,779,20
brc100d,49,1321,27
brc100d,50,1355,33
brc100d,51,495,29
brc100d,52,1019,23
brc100d,53,1058,25
brc100d,54,788,25
brc100d,55,1315,26
brc100d,56,1321,30
brc100d,57,881,26
brc100d,58,1511,31
brc100d,59,1110,26
brc100d,60,1364,36
brc100d,61,1852,34
brc100d,62,1635,33
brc100d,63,993,34
brc100d,64,804,35
brc100d,65,986,34
brc100d,66,861,28
brc100d,67,1045,27
brc100d,68,776,29
brc100d,69,802,30
brc100d,70,2249,37
brc100d,71,1292,39
brc100d,72,635,33
brc100d,73,1500,39
brc100d,74,2314,36
brc100d,75,1572,34
brc100d,76,1669,33
brc100d,77,1461,38
brc100d,78,1754,38
brc100d,79,1042,33
brc100d,80,1821,39
brc100d,81,1677,41
brc100d,82,3073,47
brc100d,83,2363,41
brc100d,84,1459,35
brc100d,85,1023,35
brc100d,86,2201,40
brc100d,87,1218,39
brc100d,88,1623,34
brc100d,89,2931,44
brc100d,90,3000,44
brc100d,91,775,44
brc100d,92,2334,52
brc100d,93,2503,48
brc100d,94,1874,38
brc100d,95,2788,52
brc100d,96,2311,42
brc100d,97,1576,40
brc100d,98,1705,44
brc100d,99,2696,48
brc100d,100,1404,49
brc100d,101,2152,52
brc100d,102,2747,50
brc100d,103,2915,52
brc100d,104,1227,47
brc100d,105,3069,58
brc100d,106,2787,45
brc100d,107,2620,50
brc100d,108,1301,48
brc100d,109,3402,50
brc100d,110,4077,60
brc100d,111,2243,52
brc100d,112,2957,55
brc100d,113,989,52
brc100d,114,2924,50
brc100d,115,3008,51
brc100d,116,2782,56
brc100d,117,2644,55
brc100d,118,2720,57
brc100d,119,2506,56
brc100d,120,3103,64
brc100d,121,2033,61
brc100d,122,3773,59
brc100d,123,2474,65
brc100d,124,3864,59
brc100d,125,1542,63
brc100d,126,4450,63
brc100d,127,4093,61
brc100d,128,3448,55
brc100d,129,2007,53
brc100d,130,1318,67
brc100d,131,3673,65
brc100d,132,3194,58
brc100d,133,1833,57
brc100d,134,4533,60
brc100d,135,3352,58
brc100d,136,3710,70
brc100d,137,3564,68
brc100d,138,1400,73
brc100d,139,1965,72
brc100d,140,3586,74
brc100d,141,3917,72
brc100d,142,3783,65
brc100d,143,3239,62
brc100d,144,4733,66
brc100d,145,3972,74
brc100d,146,2118,72
brc100d,147,2262,60
brc100d,148,3910,68
brc100d,149,4123,70
brc100d,150,2595,74
brc100d,151,3630,80
brc100d,152,4772,71
brc100d,153,3817,74
brc100d,154,1570,66
brc100d,155,5417,78
brc100d,156,5526,77
brc100d,157,5586,81
brc100d,158,4078,62
brc100d,159,4445,82
brc100d,160,5960,80
brc100d,161,3841,82
brc100d,162,2227,81
brc100d,163,4083,89
brc100d,164,1875,78
brc100d,165,1622,73
brc100d,166,4259,72
brc100d,167,4297,81
brc100d,168,4557,66
brc100d,169,4249,75
brc100d,170,2298,78
brc100d,171,5096,78
brc100d,172,4616,80
brc100d,173,1817,88
brc100d,174,3934,88
brc100d,175,5754,89
brc100d,176,2874,84
brc100d,177,6477,91
brc100d,178,5837,87
brc100d,179,5686,87
brc100d,180,5360,86
brc100d,181,4852,94
brc100d,182,6216,86
brc100d,183,5389,94
brc100d,184,4154,82
brc100d,185,3343,83
brc100d,186,5141,78
brc100d,187,7160,102
brc100d,188,5045,84
brc100d,189,1922,92
brc100d,190,6062,97
brc100d,191,4326,93
brc100d,192,4712,84
brc100d,193,6154,101
brc100d,194,6436,87
brc100d,195,7660,103
brc100d,196,2038,91
brc100d,197,5147,97
brc100d,198,4557,95
brc100d,199,5804,97
brc100d,200,4706,92
brc100d,201,7465,107
brc100d,202,4967,106
brc100d,203,4909,101
brc100d,204,5570,91
brc100d,205,7413,109
brc100d,206,5404,89
brc100d,207,6563,102
brc100d,208,3646,103
brc100d,209,6212,102
brc100d,210,5047,94
brc100d,211,6504,98
brc100d,212,5008,96
brc100d,213,7023,114
brc100d,214,5815,94
brc100d,215,6317,108
brc100d,216,5600,110
brc100d,217,6702,122
brc100d,218,5466,111
brc100d,219,5952,113
brc100d,220,6423,103
brc100d,221,4885,105
brc100d,222,6048,108
brc100d,223,7117,106
brc100d,224,4729,103
brc100d,225,5902,116
brc100d,226,4253,101
brc100d,227,6068,113
brc100d,228,5684,100
brc100d,229,6208,112
brc100d,230,8550,124
brc100d,231,7606,104
brc100d,232,3439,112
brc100d,233,7926,110
brc100d,234,7406,117
brc100d,235,9000,134
brc100d,236,7591,125
brc100d,237,7555,117
brc100d,238,2700,106
brc100d,239,7360,103
brc100d,240,6428,112
brc100d,241,6733,114
brc100d,242,3415,112
brc100d,243,7605,112
brc100d,244,7772,121
brc100d,245,5428,134
brc100d,246,5688,109
brc100d,247,8932,118
brc100d,248,6325,115
brc100d,249,6954,106
brc100d,250,7496,112
brc100d,251,7351,123
brc100d,252,5148,119
brc100d,253,3004,120
brc100d,254,6516,109
brc100d,255,9638,118
brc100d,256,6890,110
brc100d,257,5414,119
brc100d,258,7175,125
brc100d,259,5403,127
brc100d,260,5909,133
brc100d,261,7100,122
brc100d,262,6608,129
brc100d,263,3539,128
brc100d,264,6972,134
brc100d,265,7368,123
brc100d,266,4200,134
brc100d,267,6763,137
brc100d,268,8498,137
brc100d,269,6504,136
brc100d,270,7687,146
brc100d,271,5155,128
brc100d,272,10723,143
brc100d,273,9128,128
brc100d,274,9372,141
brc100d,275,7887,128
brc100d,276,6663,122
brc100d,277,6828,127
brc100d,278,9946,137
brc100d,279,9352,136
brc100d,280,6916,135
brc100d,281,10392,141
brc100d,282,9542,146
brc100d,283,9988,139
brc100d,284,5165,133
brc100d,285,10911,133
brc100d,286,9064,140
brc100d,287,8321,132
brc100d,288,5975,135
brc100d,289,9141,139
brc100d,290,10078,148
brc100d,291,11924,137
brc100d,292,13629,147
brc100d,293,6166,159
brc100d,294,4489,133
brc100d,295,8997,158
brc100d,296,7014,128
brc100d,297,8165,134
brc100d,298,10149,138
brc100d,299,9828,122
brc100d,300,2456,157
brc100d,301,8054,154
brc100d,302,10297,139
brc100d,303,7637,154
brc100d,304,10189,159
brc100d,305,9062,139
brc100d,306,11123,158
brc100d,307,13830,148
brc100d,308,12619,154
brc100d,309,7197,150
brc100d,310,8504,149
brc100d,311,7760,166
brc100d,312,7554,149
brc100d,313,8367,147
brc100d,314,4818,140
brc100d,315,4046,147
brc100d,316,7415,151
brc100d,317,11786,161
brc100d,318,8692,147
brc100d,319,10194,148
brc100d,320,9983,159
brc100d,321,9713,168
brc100d,322,11848,164
brc100d,323,9587,171
brc100d,324,12654,162
brc100d,325,12812,163
brc100d,326,10158,152
brc100d,327,4742,154
brc100d,328,13636,168
brc100d,329,8441,169
brc100d,330,7575,144
brc100d,331,10423,184
brc100d,332,11398,165
brc100d,333,8238,162
brc100d,334,7661,156
brc100d,335,8650,165
brc100d,336,6224,166
brc100d,337,9927,159
brc100d,338,12620,161
brc100d,339,9025,161
brc100d,340,10225,181
brc100d,341,13193,176
brc100d,342,10275,170
brc100d,343,6984,161
brc100d,344,10458,167
brc100d,345,7585,187
brc100d,346,10671,173
brc100d,347,12631,174
brc100d,348,10951,179
brc100d,349,6516,170
brc100d,350,10184,170
brc100d,351,8652,171
brc100d,352,7969,192
brc100d,353,10732,191
brc100d,354,7109,155
brc100d,355,12665,179
brc100d,356,7787,169
brc100d,357,11913,180
brc100d,358,3479,157
brc100d,359,7210,159
brc100d,360,13056,161
brc100d,361,9392,192
brc100d,362,9604,165
brc100d,363,8588,181
brc100d,364,9852,174
brc100d,365,14237,181
brc100d,366,9913,189
brc100d,367,4086,178
brc100d,368,8538,186
brc100d,369,8251,180
brc100d,370,11517,190
brc100d,371,12595,185
brc100d,372,6156,166
brc100d,373,6512,173
brc100d,374,17100,184
brc100d,375,8359,183
brc100d,376,7961,186
brc100d,377,11979,191
brc100d,378,11795,172
brc100d,379,16968,194
brc100d,380,8541,187
brc100d,381,9461,209
brc100d,382,12478,172
brc100d,383,9532,182
brc100d,384,12292,193
brc100d,385,14055,194
brc100d,386,8365,189
brc100d,387,8742,199
brc100d,388,11078,178
brc100d,389,13814,199
brc100d,390,11527,204
brc100d,391,8594,191
brc100d,392,16009,203
brc100d,393,9747,204
brc100d,394,10623,198
brc100d,395,9726,203
brc100d,396,11844,192
brc100d,397,8492,185
brc100d,398,17467,211
brc100d,399,11613,198
brc100d,400,8742,212
brc100d,401,8675,193
brc100d,402,12155,204
brc100d,403,15651,202
brc100d,404,16109,205
brc100d,405,10710,205
brc100d,406,15122,195
brc100d,407,17583,196
brc100d,408,9915,199
brc100d,409,16547,195
brc100d,410,15736,206
brc100d,411,19252,202
brc100d,412,17686,221
brc100d,413,17939,211
brc100d,414,7796,191
brc100d,415,17288,207
brc100d,416,11611,205
brc100d,417,8730,194
brc100d,418,11907,218
brc100d,419,14092,203
brc100d,420,16424,206
brc100d,421,13695,210
brc100d,422,15232,202
brc100d,423,13289,208
brc100d,424,6335,222
brc100d,425,16023,215
brc100d,426,13837,199
brc100d,427,19373,213
brc100d,428,9782,226
brc100d,429,16934,208
brc100d,430,12181,212
brc100d,431,10941,220
brc100d,432,13063,232
brc100d,433,18782,211
brc100d,434,19824,221
brc100d,435,12161,211
brc100d,436,15249,222
brc100d,437,8492,225
brc100d,438,17089,217
brc100d,439,15783,232
brc100d,440,10563,205
brc100d,441,12904,223
brc100d,442,12027,227
brc100d,443,11675,219
brc100d,444,12822,228
brc100d,445,10489,200
brc100d,446,10581,231
brc100d,447,10201,205
brc100d,448,10062,219
brc100d,449,13276,227
brc100d,450,13215,228
brc100d,451,10627,233
brc100d,452,12295,218
brc100d,453,16353,221
brc100d,454,18646,237
brc100d,455,13432,230
brc100d,456,15894,221
brc100d,457,13100,226
brc100d,458,12684,237
brc100d,459,9036,198
brc100d,460,7639,226
brc100d,461,12140,222
brc100d,462,12686,223
brc100d,463,12093,214
brc100d,464,12623,220
brc100d,465,11366,214
brc100d,466,15147,231
brc100d,467,11910,228
brc100d,468,13690,224
brc100d,469,16455,234
brc100d,470,12116,234
brc100d,471,21033,230
brc100d,472,12441,207
brc100d,473,11062,229
brc100d,474,17770,224
brc100d,475,13450,233
brc100d,476,17137,246
brc100d,477,12028,228
brc100d,478,19780,223
brc100d,479,12002,226
brc100d,480,18470,245
brc100d,481,15743,237
brc100d,482,12557,225
brc100d,483,15084,242
brc100d,484,11121,238
brc100d,485,20321,241
brc100d,486,13982,236
brc100d,487,11581,231
brc100d,488,20366,241
brc100d,489,22054,235
brc100d,490,12504,253
brc100d,491,11426,251
brc100d,492,17067,259
brc100d,493,13417,260
brc100d,494,17305,248
brc100d,495,13646,258
brc100d,496,11206,247
brc100d,497,23178,253
brc100d,498,11238,236
brc100d,499,18028,255
brc100d,500,14613,236
brc100d,501,17821,253
brc100d,502,16379,237
brc100d,503,14744,240
brc100d,504,9762,231
brc100d,505,10200,265
brc100d,506,24259,258
brc100d,507,11905,253
brc100d,508,13831,237
brc100d,509,20352,247
brc100d,510,21080,247
brc100d,511,19309,257
brc100d,512,19226,264
brc100d,513,21429,246
brc100d,514,18593,254
brc100d,515,12506,249
brc100d,516,14336,251
brc100d,517,14548,248
brc100d,518,12387,252
brc100d,519,12009,264
brc100d,520,12859,247
brc100d,521,24217,257
brc100d,522,9339,275
brc100d,523,17220,281
brc100d,524,10035,277
brc100d,525,12009,255
brc100d,526,10404,252
brc100d,527,19885,266
brc100d,528,10368,249
brc100d,529,19467,258
brc100d,530,17670,273
brc100d,531,14982,255
brc100d,532,15800,275
brc100d,533,24546,266
brc100d,534,11976,261
brc100d,535,19468,267
brc100d,536,22482,263
brc100d,537,21898,270
brc100d,538,15151,262
brc100d,539,15964,278
brc100d,540,23658,265
brc100d,541,16165,259
brc100d,542,9737,247
brc100d,543,17968,273
brc100d,544,10699,239
brc100d,545,16462,261
brc100d,546,14446,266
brc100d,547,14867,269
brc100d,548,10522,284
brc100d,549,16951,262
brc100d,550,21818,272
brc100d,551,10902,266
brc100d,552,22677,274
brc100d,553,16326,281
brc100d,554,16521,258
brc100d,555,20191,283
brc100d,556,12552,263
brc100d,557,20630,278
brc100d,558,24887,262
brc100d,559,14985,266
brc100d,560,16971,280
brc100d,561,16220,283
brc100d,562,22239,283
brc100d,563,12450,283
brc100d,564,13692,268
brc100d,565,13583,268
brc100d,566,19533,271
brc100d,567,27185,289
brc100d,568,25125,278
brc100d,569,20474,275
brc100d,570,25909,279
brc100d,571,23830,272
brc100d,572,9892,297
brc100d,573,18803,298
brc100d,574,27525,304
brc100d,575,20639,280
brc100d,576,13365,266
brc100d,577,27488,297
brc100d,578,24039,270
brc100d,579,15902,281
brc100d,580,17357,286
brc100d,581,10151,313
brc100d,582,15487,285
brc100d,583,17705,293
brc100d,584,14194,285
brc100d,585,19990,284
brc100d,586,16681,290
brc100d,587,25190,273
brc100d,588,19470,287
brc100d,589,15835,289
brc100d,590,21079,289
brc100d,591,24938,289
brc100d,592,18543,279
brc100d,593,12021,302
brc100d,594,19323,309
brc100d,595,23985,293
brc100d,596,15868,297
brc100d,597,24870,291
brc100d,598,20873,289
brc100d,599,11947,299
brc100d,600,23002,306
brc100d,601,17607,294
brc100d,602,17279,287
brc100d,603,19859,275
brc100d,604,13141,311
brc100d,605,18798,300
brc100d,606,26432,286
brc100d,607,21624,283
brc100d,608,17851,315
brc100d,609,16873,285
brc100d,610,15543,295
brc100d,611,28315,316
brc100d,612,15504,287
brc100d,613,15154,285
brc100d,614,18654,301
brc100d,615,22695,299
brc100d,616,27587,308
brc100d,617,20316,304
brc100d,618,16902,295
brc100d,619,19798,296
brc100d,620,21372,311
brc100d,621,20208,294
brc100d,622,19990,301
brc100d,623,14994,284
brc100d,624,23613,306
brc100d,625,18517,287
brc100d,626,16079,302
brc100d,627,28585,304
brc100d,628,23543,299
brc100d,629,16732,321
brc100d,630,18885,305
brc100d,631,22901,310
brc100d,632,20002,320
brc100d,633,26227,316
brc100d,634,12588,330
brc100d,635,16384,296
brc100d,636,24613,311
brc100d,637,20839,319
brc100d,638,17823,328
brc100d,639,10931,306
brc100d,640,26724,319
brc100d,641,20426,324
brc100d,642,19277,306
brc100d,643,17429,301
brc100d,644,26480,301
brc100d,645,19490,299
brc100d,646,13460,318
brc100d,647,12339,315
brc100d,648,17031,309
brc100d,649,20330,314
brc100d,650,19409,321
brc100d,651,19402,311
brc100d,652,19560,305
brc100d,653,18877,318
brc100d,654,25071,317
brc100d,655,24669,312
brc100d,656,17882,297
brc100d,657,20248,332
brc100d,658,16676,314
brc100d,659,15960,297
brc100d,660,30557,351
brc100d,661,11387,343
brc100d,662,20688,313
brc100d,663,11141,345
brc100d,664,16901,314
brc100d,665,28046,343
brc100d,666,21152,328
brc100d,667,14814,320
brc100d,668,16819,342
brc100d,669,15009,326
brc100d,670,23365,333
brc100d,671,16407,323
brc100d,672,26785,315
brc100d,673,21216,321
brc100d,674,25398,322
brc100d,675,15934,317
brc100d,676,19921,322
brc100d,677,23431,335
brc100d,678,16621,320
brc100d,679,20735,316
brc100d,680,24084,317
brc100d,681,22032,343
brc100d,682,15796,311
brc100d,683,22573,340
brc100d,684,19225,330
brc100d,685,22827,315
brc100d,686,24500,334
brc100d,687,28548,342
brc100d,688,13691,331
brc100d,689,21316,334
brc100d,690,18644,340
brc100d,691,14208,345
brc100d,692,26609,337
brc100d,693,21451,331
brc100d,694,21658,344
brc100d,695,20733,334
brc100d,696,18892,333
brc100d,697,22129,320
brc100d,698,23040,333
brc100d,699,26091,328
brc100d,700,21539,350
brc100d,701,20427,335
brc100d,702,30196,346
brc100d,703,24575,346
brc100d,704,15274,326
brc100d,705,28210,334
brc100d,706,14753,337
brc100d,707,22758,352
brc100d,708,30222,343
brc100d,709,19453,319
brc100d,710,25542,358
brc100d,711,22982,352
brc100d,712,28284,354
brc100d,713,21879,367
brc100d,714,25226,350
brc100d,715,30080,363
brc100d,716,13729,374
brc100d,717,29702,343
brc100d,718,14808,360
brc100d,719,22138,353
brc100d,720,23873,348
brc100d,721,20420,359
brc100d,722,26098,337
brc100d,723,17100,352
brc100d,724,28486,340
brc100d,725,14979,354
brc100d,726,28190,343
brc100d,727,18376,369
brc100d,728,26426,355
brc100d,729,23756,363
brc100d,730,28997,365
brc100d,731,27855,356
brc100d,732,12581,360
brc100d,733,18063,343
brc100d,734,26326,369
brc100d,735,19301,375
brc100d,736,23482,367
brc100d,737,18734,358
brc100d,738,17930,371
brc100d,739,22946,365
brc100d,740,14948,356
brc100d,741,21268,377
brc100d,742,21961,373
brc100d,743,26637,373
brc100d,744,26815,372
brc100d,745,22745,375
brc100d,746,26789,345
brc100d,747,22104,364
brc100d,748,25627,372
brc100d,749,16307,359
brc100d,750,23414,376
brc100d,751,15639,376
brc100d,752,17224,373
brc100d,753,22547,375
brc100d,754,29104,363
brc100d,755,27442,362
brc100d,756,20828,359
brc100d,757,20143,340
brc100d,758,23561,377
brc100d,759,20647,377
brc100d,760,20755,384
brc100d,761,19721,398
brc100d,762,22627,383
brc100d,763,27940,385
brc100d,764,14851,369
brc100d,765,16841,372
brc100d,766,14441,373
brc100d,767,19522,390
brc100d,768,13756,376
brc100d,769,28369,367
brc100d,770,23491,381
brc100d,771,20010,381
brc100d,772,23340,399
brc100d,773,18797,388
brc100d,774,26335,367
brc100d,775,21971,356
brc100d,776,24116,393
brc100d,777,24934,363
brc100d,778,24556,392
brc100d,779,22162,389
brc100d,780,17301,395
brc100d,781,26711,389
brc100d,782,27544,372
brc100d,783,19038,380
brc100d,784,28894,372
brc100d,785,22257,380
brc100d,786,30514,390
brc100d,787,20846,384
brc100d,788,18731,389
brc100d,789,23705,378
brc100d,790,30370,383
brc100d,791,23890,391
brc100d,792,26813,384
brc100d,793,29812,394
brc100d,794,16385,383
brc100d,795,21334,402
brc100d,796,17316,384
brc100d,797,28306,404
brc100d,798,19878,388
brc100d,799,28776,390
brc100d,800,28499,385
brc100d,801,30467,389
brc100d,802,27459,408
brc100d,803,24021,393
brc100d,804,21907,397
brc100d,805,21105,405
brc100d,806,24094,376
brc100d,807,23531,402
brc100d,808,28386,402
brc100d,809,28072,381
brc100d,810,25354,405
brc100d,811,17680,414
brc100d,812,19962,396
brc100d,813,16909,378
brc100d,814,19074,390
brc100d,815,21630,410
brc100d,816,26445,395
brc100d,817,15684,403
brc100d,818,25496,382
brc100d,819,30659,424
brc100d,820,22670,406
brc100d,821,30433,403
brc100d,822,26251,409
brc100d,823,26468,385
brc100d,824,26470,423
brc100d,825,23954,419
brc100d,826,21062,396
brc100d,827,16406,381
brc100d,828,27711,402
brc100d,829,23166,411
brc100d,830,22728,415
brc100d,831,19713,409
brc100d,832,23315,419
brc100d,833,21405,408
brc100d,834,23299,408
brc100d,835,25733,413
brc100d,836,23261,408
brc100d,837,30362,402
brc100d,838,26767,410
brc100d,839,22847,412
brc100d,840,22518,406
brc100d,841,22312,423
brc100d,842,24449,430
brc100d,843,18283,402
brc100d,844,25947,438
brc100d,845,21309,414
brc100d,846,23112,400
brc100d,847,21104,402
brc100d,848,26827,433
brc100d,849,20614,419
brc100d,850,22322,419
brc100d,851,29482,414
brc100d,852,23311,417
brc100d,853,21263,426
brc100d,854,27513,419
brc100d,855,26328,419
brc100d,856,23335,436
brc100d,857,23052,410
brc100d,858,23782,411
brc100d,859,21742,421
brc100d,860,23652,429
brc100d,861,20774,428
brc100d,862,25912,420
brc100d,863,20064,422
brc100d,864,22729,426
brc100d,865,31019,419
brc100d,866,30852,445
brc100d,867,24341,425
brc100d,868,24249,438
brc100d,869,22158,428
brc100d,870,25163,429
brc100d,871,22070,426
brc100d,872,30567,442
brc100d,873,28451,424
brc100d,874,22489,429
brc100d,875,25974,422
brc100d,876,26270,443
brc100d,877,25647,432
brc100d,878,28424,421
brc100d,879,23555,421
brc100d,880,22793,441
brc100d,881,29899,408
brc100d,882,23777,446
brc100d,883,23623,433
brc100d,884,29464,432
brc100d,885,18083,414
brc100d,886,24734,429
brc100d,887,24608,434
brc100d,888,26974,423
brc100d,889,24563,435
brc100d,890,29061,424
brc100d,891,25478,440
brc100d,892,27210,447
brc100d,893,25510,451
brc100d,894,30840,432
brc100d,895,27148,432
brc100d,896,23522,432
brc100d,897,26743,451
brc100d,898,20588,433
brc100d,899,19462,442
brc100d,900,28229,438
brc100d,901,20743,420
brc100d,902,27018,440
brc100d,903,27230,457
brc100d,904,19381,435
brc100d,905,27794,445
brc100d,906,25853,452
brc100d,907,24108,448
brc100d,908,18256,424
brc100d,909,22505,455
brc100d,910,27496,458
brc100d,911,21744,460
brc100d,912,27611,443
brc100d,913,21654,445
brc100d,914,26828,445
brc100d,915,24419,440
brc100d,916,22714,448
brc100d,917,27574,462
brc100d,918,16842,438
brc100d,919,22664,454
brc100d,920,24766,459
brc100d,921,28436,458
brc100d,922,24053,460
brc100d,923,28496,455
brc100d,924,24015,453
brc100d,925,23999,458
brc100d,926,24193,454
brc100d,927,28541,452
brc100d,928,23925,442
brc100d,929,26821,440
brc100d,930,27900,464
brc100d,931,30588,440
brc100d,932,23184,447
brc100d,933,30173,473
brc100d,934,28424,469
brc100d,935,25949,463
brc100d,936,24562,457
brc100d,937,27847,451
brc100d,938,27349,460
brc100d,939,27579,456
brc100d,940,24157,463
brc100d,941,27795,472
brc100d,942,29359,443
brc100d,943,26718,466
brc100d,944,27049,469
brc100d,945,27201,454
brc100d,946,23821,470
brc100d,947,21144,475
brc100d,948,21761,455
brc100d,949,23733,468
brc100d,950,29758,482
brc100d,951,26815,457
brc100d,952,30251,441
brc100d,953,29928,467
brc100d,954,25223,467
brc100d,955,27823,474
brc100d,956,25686,468
brc100d,957,29206,468
brc100d,958,27337,482
brc100d,959,26105,459
brc100d,960,20735,446
brc100d,961,30484,478
brc100d,962,26503,471
brc100d,963,24877,470
brc100d,964,29778,454
brc100d,965,28631,493
brc100d,966,27687,494
brc100d,967,20555,457
brc100d,968,20151,438
brc100d,969,30336,461
brc100d,970,30591,455
brc100d,971,22677,469
brc100d,972,28699,477
brc100d,973,26237,475
brc100d,974,28680,468
brc100d,975,26597,462
brc100d,976,22382,488
brc100d,977,29477,498
brc100d,978,27696,480
brc100d,979,24204,472
brc100d,980,30294,479
brc100d,981,18498,463
brc100d,982,26670,482
brc100d,983,28154,478
brc100d,984,28138,500
brc100d,985,20689,478
brc100d,986,24854,487
brc100d,987,28551,493
brc100d,988,28829,487
brc100d,989,26264,479
brc100d,990,29963,485
brc100d,991,29346,483
brc100d,992,27485,483
brc100d,993,20482,459
brc100d,994,30270,489
brc100d,995,24090,500
brc100d,996,26404,486
brc100d,997,21846,488
brc100d,998,26066,487
brc100d,999,23595,506
brc100d,1000,28351,503
brc100d,1001,28370,478
brc100d,1002,25370,492
brc100d,1003,27758,490
brc100d,1004,26669,501
brc100d,1005,27548,498
brc100d,1006,25464,480
brc100d,1007,24319,485
brc100d,1008,24059,516
brc100d,1009,30163,505
brc100d,1010,21950,488
brc100d,1011,24904,491
brc100d,1012,30779,519
brc100d,1013,28128,478
brc100d,1014,29629,513
brc100d,1015,23462,524
brc100d,1016,29805,498
brc100d,1017,28415,493
brc100d,1018,28898,501
brc100d,1019,28973,520
brc100d,1020,23425,506
brc100d,1021,27542,498
brc100d,1022,27255,498
brc100d,1023,24998,506
brc100d,1024,29548,521
brc100d,1025,30492,506
brc100d,1026,26039,507
brc100d,1027,23062,522
brc100d,1028,19772,482
brc100d,1029,26904,495
brc100d,1030,30931,485
brc100d,1031,25897,507
brc100d,1032,25596,514
brc100d,1033,29715,498
brc100d,1034,30730,508
brc100d,1035,29459,519
brc100d,1036,28457,520
brc100d,1037,23481,516
brc100d,1038,27719,523
brc100d,1039,28580,507
brc100d,1040,25257,505
brc100d,1041,26191,507
brc100d,1042,26591,500
brc100d,1043,24938,502
brc100d,1044,26345,521
brc100d,1045,30619,510
brc100d,1046,28311,507
brc100d,1047,19263,487
brc100d,1048,26651,501
brc100d,1049,29899,531
brc100d,1050,23232,528
brc100d,1051,24305,515
brc100d,1052,22289,529
brc100d,1053,28372,514
brc100d,1054,26115,508
brc100d,1055,24812,513
brc100d,1056,25479,506
brc100d,1057,29271,514
brc100d,1058,28814,521
brc100d,1059,28381,519
brc100d,1060,28598,533
brc100d,1061,30037,523
brc100d,1062,27448,525
brc100d,1063,30843,542
brc100d,1064,28701,517
brc100d,1065,24841,533
brc100d,1066,30390,543
brc100d,1067,24138,523
brc100d,1068,30643,533
brc100d,1069,29694,517
brc100d,1070,29047,523
brc100d,1071,30196,546
brc100d,1072,28760,516
brc100d,1073,28412,533
brc100d,1074,27593,537
brc100d,1075,30047,524
brc100d,1076,29035,515
brc100d,1077,27971,531
brc100d,1078,23318,519
brc100d,1079,23808,530
brc100d,1080,29649,531
brc100d,1081,30601,532
brc100d,1082,23203,541
brc100d,1083,24697,529
brc100d,1084,29453,531
brc100d,1085,26204,555
brc100d,1086,29279,529
brc100d,1087,29216,531
brc100d,1088,30891,533
brc100d,1089,27719,532
brc100d,1090,23379,548
brc100d,1091,22312,524
brc100d,1092,29479,528
brc100d,1093,26115,522
brc100d,1094,29357,538
brc100d,1095,30288,524
brc100d,1096,29137,526
brc100d,1097,30977,554
brc100d,1098,28190,536
brc100d,1099,24701,532
brc100d,1100,28986,554
brc100d,1101,29494,542
brc100d,1102,27605,545
brc100d,1103,28302,541
brc100d,1104,29063,540
brc100d,1105,29549,538
brc100d,1106,26228,559
brc100d,1107,29814,534
brc100d,1108,24989,532
brc100d,1109,29502,538
brc100d,1110,25139,554
brc100d,1111,30000,560
brc100d,1112,28321,567
brc100d,1113,30516,539
brc100d,1114,29549,540
brc100d,1115,25559,564
brc100d,1116,30086,535
brc100d,1117,29276,538
brc100d,1118,24156,550
brc100d,1119,28589,550
brc100d,1120,26419,547
brc100d,1121,24648,550
brc100d,1122,30543,540
brc100d,1123,26397,554
brc100d,1124,27275,565
brc100d,1125,24764,558
brc100d,1126,23824,547
brc100d,1127,30858,562
brc100d,1128,30487,566
brc100d,1129,30971,559
brc100d,1130,30559,569
brc100d,1131,25578,548
brc100d,1132,30102,570
brc100d,1133,30615,566
brc100d,1134,22754,549
brc100d,1135,29609,548
brc100d,1136,26629,547
brc100d,1137,28762,563
brc100d,1138,28852,561
brc100d,1139,29665,552
brc100d,1140,24549,568
brc100d,1141,29109,557
brc100d,1142,24304,572
brc100d,1143,30239,582
brc100d,1144,28033,558
brc100d,1145,29672,550
brc100d,1146,30940,577
brc100d,1147,27135,570
brc100d,1148,24434,574
brc100d,1149,25966,567
brc100d,1150,30713,573
brc100d,1151,30526,561
brc100d,1152,27911,577
brc100d,1153,26969,582
brc100d,1154,30140,586
brc100d,1155,30295,585
brc100d,1156,29012,569
brc100d,1157,27725,559
brc100d,1158,26975,558
brc100d,1159,28507,566
brc100d,1160,30778,559
brc100d,1161,27544,555
brc100d,1162,30018,581
brc100d,1163,25752,595
brc100d,1164,25558,589
brc100d,1165,28232,577
brc100d,1166,24848,569
brc100d,1167,28970,563
brc100d,1168,28693,566
brc100d,1169,30434,573
brc100d,1170,30010,571
brc100d,1171,30841,599
brc100d,1172,27784,566
brc100d,1173,26398,563
brc100d,1174,25937,592
brc100d,1175,28429,578
brc100d,1176,29695,572
brc100d,1177,29597,585
brc100d,1178,30541,574
brc100d,1179,23730,564
brc100d,1180,25924,572
brc100d,1181,28587,590
brc100d,1182,29014,585
brc100d,1183,27579,598
brc100d,1184,28770,568
brc100d,1185,30894,608
brc100d,1186,29745,572
brc100d,1187,30123,565
brc100d,1188,26595,584
brc100d,1189,29129,583
brc100d,1190,30851,609
brc100d,1191,28639,605
brc100d,1192,30682,595
brc100d,1193,30912,608
brc100d,1194,25436,597
brc100d,1195,30591,580
brc100d,1196,29944,571
brc100d,1197,31011,585
brc100d,1198,30832,591
brc100d,1199,27325,577
brc100d,1200,30917,603
brc100d,1201,30524,577
brc100d,1202,28095,577
brc100d,1203,30339,595
brc100d,1204,30318,599
brc100d,1205,29315,579
brc100d,1206,29222,579
brc100d,1207,29335,597
brc100d,1208,27449,608
brc100d,1209,26369,611
brc100d,1210,26341,612
brc100d,1211,30923,608
brc100d,1212,27700,589
brc100d,1213,28033,601
brc100d,1214,26417,607
brc100d,1215,27959,606
brc100d,1216,28326,605
brc100d,1217,28487,603
brc100d,1218,31013,625
brc100d,1219,29750,601
brc100d,1220,30366,614
brc100d,1221,30621,616
brc100d,1222,29292,613
brc100d,1223,28892,594
brc100d,1224,30216,599
brc100d,1225,30330,608
brc100d,1226,28635,611
brc100d,1227,27835,611
brc100d,1228,30389,612
brc100d,1229,30989,624
brc100d,1230,29831,604
brc100d,1231,30302,619
brc100d,1232,28225,595
brc100d,1233,30880,598
brc100d,1234,30545,607
brc100d,1235,31003,620
brc100d,1236,30366,609
brc100d,1237,26399,592
brc100d,1238,31015,594
brc100d,1239,30966,597
brc100d,1240,29229,622
brc100d,1241,30893,602
brc100d,1242,30439,622
brc100d,1243,29225,625
brc100d,1244,30702,593
brc100d,1245,28182,601
brc100d,1246,28394,601
brc100d,1247,29099,597
brc100d,1248,31015,621
brc100d,1249,30544,617
brc100d,1250,29725,628
brc100d,1251,30697,616
brc100d,1252,29010,622
brc100d,1253,30868,634
brc100d,1254,30806,616
brc100d,1255,30733,595
brc100d,1256,29363,613
brc100d,1257,29500,629
brc100d,1258,28226,618
brc100d,1259,30368,619
brc100d,1260,29394,629
brc100d,1261,30451,631
brc100d,1262,30868,605
brc100d,1263,31017,642
brc100d,1264,29707,612
brc100d,1265,31006,629
brc100d,1266,30381,633
brc100d,1267,30662,628
brc100d,1268,29697,633
brc100d,1269,29442,630
brc100d,1270,28927,629
brc100d,1271,29305,637
brc100d,1272,29707,623
brc100d,1273,30832,638
brc100d,1274,29185,634
brc100d,1275,30793,642
brc100d,1276,31016,615
brc100d,1277,31023,640
brc100d,1278,29750,622
brc100d,1279,28812,629
brc100d,1280,30845,643
brc100d,1281,28724,620
brc100d,1282,30638,638
brc100d,1283,28525,616
brc100d,1284,28105,619
brc100d,1285,29022,621
brc100d,1286,30321,636
brc100d,1287,30166,638
brc100d,1288,27609,617
brc100d,1289,30717,645
brc100d,1290,30990,622
brc100d,1291,30103,642
brc100d,1292,30745,644
brc100d,1293,29556,641
brc100d,1294,30625,642
brc100d,1295,28992,643
brc100d,1296,29972,647
brc100d,1297,30677,624
brc100d,1298,30986,649
brc100d,1299,30066,646
brc100d,1300,28407,624
brc100d,1301,30998,647
brc100d,1302,29924,646
brc100d,1303,29461,644
brc100d,1304,29776,646
brc100d,1305,30222,653
brc100d,1306,29857,649
brc100d,1307,30546,644
brc100d,1308,30343,650
brc100d,1309,29623,654
brc100d,1310,30726,632
brc100d,1311,30689,655
brc100d,1312,30172,657
brc100d,1313,29447,651
brc100d,1314,30414,655
brc100d,1315,30992,660
brc100d,1316,30001,657
brc100d,1317,30544,651
brc100d,1318,29923,654
brc100d,1319,28633,629
brc100d,1320,30592,667
brc100d,1321,30510,657
brc100d,1322,30160,657
brc100d,1323,30938,642
brc100d,1324,28504,632
brc100d,1325,30825,657
brc100d,1326,30318,664
brc100d,1327,30658,665
brc100d,1328,30306,655
brc100d,1329,30952,647
brc100d,1330,30908,644
brc100d,1331,30726,653
brc100d,1332,30384,670
brc100d,1333,30105,662
brc100d,1334,30476,672
brc100d,1335,30410,664
brc100d,1336,30454,668
brc100d,1337,30460,659
brc100d,1338,30317,659
brc100d,1339,30883,668
brc100d,1340,30737,658
brc100d,1341,30770,662
brc100d,1342,30861,666
brc100d,1343,30638,667
brc100d,1344,29718,676
brc100d,1345,30690,667
brc100d,1346,30618,668
brc100d,1347,30814,674
brc100d,1348,30465,665
brc100d,1349,30053,670
brc100d,1350,30907,683
brc100d,1351,30519,672
brc100d,1352,29885,657
brc100d,1353,29867,667
brc100d,1354,29803,664
brc100d,1355,30680,671
brc100d,1356,29793,667
brc100d,1357,30144,667
brc100d,1358,30955,675
brc100d,1359,30613,679
brc101d,0,52,5
brc101d,1,48,5
brc101d,2,9,2
brc101d,3,6,2
brc101d,4,7,2
brc101d,5,20,3
brc101d,6,14,3
brc101d,7,18,3
brc101d,8,19,3
brc101d,9,18,3
brc101d,10,83,8
brc101d,11,176,10
brc101d,12,91,7
brc101d,13,47,5
brc101d,14,33,4
brc101d,15,117,10
brc101d,16,47,5
brc101d,17,88,8
brc101d,18,63,6
brc101d,19,128,8
brc101d,20,159,11
brc101d,21,170,12
brc101d,22,373,14
brc101d,23,265,14
brc101d,24,132,12
brc101d,25,236,13
brc101d,26,200,11
brc101d,27,206,10
brc101d,28,194,10
brc101d,29,325,13
brc101d,30,342,16
brc101d,31,384,15
brc101d,32,447,16
brc101d,33,701,21
brc101d,34,632,20
brc101d,35,730,21
brc101d,36,253,13
brc101d,37,400,18
brc101d,38,591,17
brc101d,39,383,18
brc101d,40,474,22
brc101d,41,872,22
brc101d,42,660,25
brc101d,43,433,21
brc101d,44,370,21
brc101d,45,360,18
brc101d,46,616,24
brc101d,47,721,23
brc101d,48,434,20
brc101d,49,568,23
brc101d,50,963,28
brc101d,51,746,23
brc101d,52,975,22
brc101d,53,754,26
brc101d,54,787,29
brc101d,55,1156,32
brc101d,56,877,28
brc101d,57,637,25
brc101d,58,876,32
brc101d,59,534,23
brc101d,60,1092,30
brc101d,61,1027,25
brc101d,62,1379,30
brc101d,63,1172,32
brc101d,64,1094,26
brc101d,65,1597,32
brc101d,66,724,31
brc101d,67,1358,32
brc101d,68,1096,31
brc101d,69,1599,35
brc101d,70,1119,44
brc101d,71,1756,41
brc101d,72,787,33
brc101d,73,672,38
brc101d,74,709,33
brc101d,75,1106,41
brc101d,76,1782,41
brc101d,77,1210,37
brc101d,78,868,34
brc101d,79,1391,39
brc101d,80,852,40
brc101d,81,2240,45
brc101d,82,2240,40
brc101d,83,1943,38
brc101d,84,1609,36
brc101d,85,2348,45
brc101d,86,995,35
brc101d,87,1772,44
brc101d,88,1018,39
brc101d,89,1829,35
brc101d,90,2281,48
brc101d,91,1963,51
brc101d,92,1719,50
brc101d,93,1263,39
brc101d,94,1644,47
brc101d,95,1363,43
brc101d,96,2377,50
brc101d,97,1782,44
brc101d,98,1495,41
brc101d,99,2092,48
brc101d,100,2154,54
brc101d,101,2010,45
brc101d,102,1157,48
brc101d,103,1852,45
brc101d,104,2110,47
brc101d,105,1979,52
brc101d,106,2349,52
brc101d,107,1969,48
brc101d,108,1435,45
brc101d,109,3052,57
brc101d,110,2332,57
brc101d,111,2137,56
brc101d,112,2236,61
brc101d,113,2298,58
brc101d,114,1659,62
brc101d,115,1417,49
brc101d,116,1085,49
brc101d,117,1506,61
brc101d,118,2254,55
brc101d,119,2166,58
brc101d,120,2113,62
brc101d,121,3309,68
brc101d,122,2745,67
brc101d,123,2100,54
brc101d,124,2084,65
brc101d,125,2389,65
brc101d,126,2205,60
brc101d,127,2228,55
brc101d,128,2490,62
brc101d,129,2035,53
brc101d,130,2754,68
brc101d,131,1688,62
brc101d,132,2317,58
brc101d,133,3336,76
brc101d,134,3034,66
brc101d,135,2716,64
brc101d,136,3310,65
brc101d,137,3215,68
brc101d,138,2803,70
brc101d,139,3091,69
brc101d,140,2586,72
brc101d,141,2915,65
brc101d,142,2708,67
brc101d,143,4000,80
brc101d,144,1745,68
brc101d,145,3258,76
brc101d,146,4439,78
brc101d,147,3163,69
brc101d,148,2734,70
brc101d,149,3070,75
brc101d,150,4072,75
brc101d,151,3577,72
brc101d,152,2735,80
brc101d,153,3141,69
brc101d,154,2732,65
brc101d,155,2186,82
brc101d,156,2306,65
brc101d,157,3375,85
brc101d,158,3101,77
brc101d,159,2802,79
brc101d,160,4081,82
brc101d,161,4188,83
brc101d,162,3652,80
brc101d,163,3982,89
brc101d,164,3351,77
brc101d,165,2388,74
brc101d,166,2853,81
brc101d,167,1868,70
brc101d,168,3444,85
brc101d,169,3229,86
brc101d,170,4051,84
brc101d,171,3434,96
brc101d,172,2099,72
brc101d,173,1671,84
brc101d,174,3200,82
brc101d,175,2064,80
brc101d,176,4716,90
brc101d,177,3230,82
brc101d,178,2626,84
brc101d,179,4843,94
brc101d,180,2753,82
brc101d,181,4809,84
brc101d,182,4154,91
brc101d,183,5879,98
brc101d,184,4592,74
brc101d,185,2905,79
brc101d,186,2901,94
brc101d,187,2865,92
brc101d,188,3604,89
brc101d,189,1881,92
brc101d,190,4796,94
brc101d,191,4123,95
brc101d,192,3568,95
brc101d,193,4243,100
brc101d,194,5815,92
brc101d,195,2815,93
brc101d,196,6078,101
brc101d,197,4025,85
brc101d,198,5144,98
brc101d,199,3996,91
brc101d,200,3722,100
brc101d,201,4333,102
brc101d,202,2998,103
brc101d,203,3423,106
brc101d,204,6112,106
brc101d,205,3817,99
brc101d,206,3214,95
brc101d,207,3847,104
brc101d,208,6759,101
brc101d,209,4652,92
brc101d,210,6525,111
brc101d,211,3800,100
brc101d,212,3666,89
brc101d,213,2501,104
brc101d,214,6134,101
brc101d,215,3176,110
brc101d,216,5521,107
brc101d,217,4319,102
brc101d,218,5667,111
brc101d,219,4908,94
brc101d,220,3948,103
brc101d,221,3881,119
brc101d,222,4690,115
brc101d,223,7088,105
brc101d,224,2751,114
brc101d,225,5415,114
brc101d,226,3882,97
brc101d,227,6989,109
brc101d,228,8216,120
brc101d,229,7742,116
brc101d,230,5927,111
brc101d,231,3394,111
brc101d,232,6372,126
brc101d,233,3952,120
brc101d,234,7266,111
brc101d,235,3982,111
brc101d,236,4862,120
brc101d,237,6171,122
brc101d,238,3237,100
brc101d,239,6716,114
brc101d,240,4009,127
brc101d,241,3978,107
brc101d,242,4578,119
brc101d,243,3672,118
brc101d,244,3323,123
brc101d,245,2548,116
brc101d,246,8096,129
brc101d,247,2966,120
brc101d,248,3606,120
brc101d,249,4928,122
brc101d,250,8468,135
brc101d,251,7504,116
brc101d,252,4810,125
brc101d,253,5703,129
brc101d,254,4004,112
brc101d,255,4260,116
brc101d,256,4675,115
brc101d,257,6577,133
brc101d,258,4106,117
brc101d,259,5271,123
brc101d,260,4238,119
brc101d,261,4433,129
brc101d,262,6452,118
brc101d,263,6936,123
brc101d,264,4180,141
brc101d,265,5028,129
brc101d,266,4771,131
brc101d,267,8982,133
brc101d,268,6822,136
brc101d,269,4942,128
brc101d,270,7230,131
brc101d,271,5334,131
brc101d,272,5378,146
brc101d,273,7990,118
brc101d,274,2579,130
brc101d,275,9343,134
brc101d,276,4691,144
brc101d,277,3986,132
brc101d,278,3893,123
brc101d,279,5919,145
brc101d,280,3674,134
brc101d,281,4827,135
brc101d,282,4623,134
brc101d,283,8947,134
brc101d,284,6305,135
brc101d,285,3431,138
brc101d,286,6784,152
brc101d,287,6386,130
brc101d,288,5737,143
brc101d,289,3720,137
brc101d,290,6751,137
brc101d,291,5719,134
brc101d,292,3272,141
brc101d,293,9794,152
brc101d,294,5502,155
brc101d,295,8167,152
brc101d,296,8340,127
brc101d,297,6369,143
brc101d,298,6331,140
brc101d,299,5849,142
brc101d,300,5385,146
brc101d,301,10519,152
brc101d,302,6399,164
brc101d,303,5637,149
brc101d,304,5391,151
brc101d,305,9448,152
brc101d,306,7243,145
brc101d,307,8250,150
brc101d,308,9883,143
brc101d,309,6365,150
brc101d,310,10654,164
brc101d,311,10223,158
brc101d,312,9844,154
brc101d,313,9451,144
brc101d,314,9957,148
brc101d,315,6331,132
brc101d,316,6185,145
brc101d,317,5660,171
brc101d,318,10077,149
brc101d,319,8901,152
brc101d,320,10013,159
brc101d,321,6016,154
brc101d,322,7072,149
brc101d,323,5689,158
brc101d,324,7200,174
brc101d,325,10733,157
brc101d,326,7185,159
brc101d,327,5577,168
brc101d,328,4692,153
brc101d,329,5411,154
brc101d,330,11149,167
brc101d,331,5260,162
brc101d,332,10118,151
brc101d,333,6167,159
brc101d,334,6903,148
brc101d,335,10711,165
brc101d,336,8938,147
brc101d,337,7481,167
brc101d,338,10179,159
brc101d,339,6136,152
brc101d,340,9854,180
brc101d,341,8648,189
brc101d,342,8371,186
brc101d,343,5573,177
brc101d,344,12524,176
brc101d,345,7413,166
brc101d,346,4863,164
brc101d,347,7211,161
brc101d,348,8389,162
brc101d,349,11875,175
brc101d,350,8863,159
brc101d,351,10494,175
brc101d,352,8947,167
brc101d,353,11591,174
brc101d,354,7019,172
brc101d,355,5992,169
brc101d,356,9630,177
brc101d,357,10640,168
brc101d,358,11436,172
brc101d,359,12197,178
brc101d,360,9168,189
brc101d,361,12119,177
brc101d,362,12772,187
brc101d,363,5819,170
brc101d,364,12043,176
brc101d,365,7303,181
brc101d,366,8558,181
brc101d,367,11144,166
brc101d,368,6165,198
brc101d,369,10854,165
brc101d,370,6778,180
brc101d,371,13528,186
brc101d,372,8091,186
brc101d,373,7623,180
brc101d,374,5358,183
brc101d,375,11513,168
brc101d,376,12589,186
brc101d,377,6085,180
brc101d,378,8357,176
brc101d,379,5217,186
brc101d,380,14209,198
brc101d,381,8533,183
brc101d,382,11886,180
brc101d,383,9178,172
brc101d,384,4761,171
brc101d,385,7107,197
brc101d,386,9762,194
brc101d,387,6573,183
brc101d,388,5904,184
brc101d,389,13064,192
brc101d,390,12714,176
brc101d,391,6301,189
brc101d,392,13147,204
brc101d,393,4846,201
brc101d,394,8467,188
brc101d,395,11998,194
brc101d,396,7162,201
brc101d,397,7980,201
brc101d,398,7138,191
brc101d,399,10373,211
brc101d,400,7713,196
brc101d,401,8441,188
brc101d,402,13455,192
brc101d,403,5007,182
brc101d,404,12332,189
brc101d,405,6870,204
brc101d,406,10447,190
brc101d,407,7131,201
brc101d,408,3793,192
brc101d,409,4890,183
brc101d,410,7770,209
brc101d,411,6238,192
brc101d,412,14917,204
brc101d,413,15058,207
brc101d,414,11959,207
brc101d,415,13342,201
brc101d,416,7259,201
brc101d,417,10131,186
brc101d,418,8882,196
brc101d,419,15697,207
brc101d,420,9986,203
brc101d,421,15301,208
brc101d,422,10300,191
brc101d,423,13241,197
brc101d,424,8549,212
brc101d,425,14759,205
brc101d,426,12953,208
brc101d,427,7592,206
brc101d,428,3956,213
brc101d,429,5543,205
brc101d,430,14245,208
brc101d,431,16076,212
brc101d,432,8305,209
brc101d,433,4039,197
brc101d,434,4305,194
brc101d,435,7946,197
brc101d,436,13313,211
brc101d,437,6651,206
brc101d,438,8259,216
brc101d,439,4171,197
brc101d,440,4473,209
brc101d,441,7118,220
brc101d,442,7846,224
brc101d,443,14378,202
brc101d,444,7867,205
brc101d,445,7085,217
brc101d,446,9990,208
brc101d,447,4867,205
brc101d,448,13839,204
brc101d,449,8083,230
brc101d,450,10833,212
brc101d,451,17018,224
brc101d,452,8338,224
brc101d,453,14676,210
brc101d,454,12876,216
brc101d,455,13562,222
brc101d,456,9397,218
brc101d,457,7829,224
brc101d,458,12848,212
brc101d,459,5160,226
brc101d,460,14330,210
brc101d,461,7870,221
brc101d,462,16385,225
brc101d,463,8385,228
brc101d,464,7798,224
brc101d,465,11526,225
brc101d,466,14813,217
brc101d,467,13133,219
brc101d,468,10344,234
brc101d,469,13025,230
brc101d,470,9165,230
brc101d,471,6436,219
brc101d,472,17352,231
brc101d,473,17052,223
brc101d,474,13089,217
brc101d,475,6982,230
brc101d,476,15171,228
brc101d,477,16965,223
brc101d,478,9680,241
brc101d,479,16531,229
brc101d,480,8699,246
brc101d,481,10758,228
brc101d,482,12402,237
brc101d,483,8985,233
brc101d,484,8652,240
brc101d,485,10178,232
brc101d,486,15398,255
brc101d,487,17047,232
brc101d,488,9963,244
brc101d,489,6919,218
brc101d,490,9974,243
brc101d,491,6356,238
brc101d,492,8293,232
brc101d,493,14868,232
brc101d,494,17130,231
brc101d,495,17899,231
brc101d,496,7365,251
brc101d,497,19529,246
brc101d,498,5637,250
brc101d,499,16747,235
brc101d,500,8610,249
brc101d,501,15421,239
brc101d,502,19649,249
brc101d,503,15850,245
brc101d,504,17161,253
brc101d,505,17764,238
brc101d,506,13334,238
brc101d,507,18940,244
brc101d,508,5738,238
brc101d,509,10018,244
brc101d,510,9713,257
brc101d,511,5518,236
brc101d,512,17281,247
brc101d,513,20270,261
brc101d,514,12492,253
brc101d,515,17608,255
brc101d,516,16609,239
brc101d,517,11976,243
brc101d,518,9186,255
brc101d,519,18281,247
brc101d,520,14075,250
brc101d,521,18968,253
brc101d,522,19447,267
brc101d,523,7205,252
brc101d,524,12814,263
brc101d,525,8367,246
brc101d,526,6939,265
brc101d,527,4927,235
brc101d,528,13819,251
brc101d,529,17979,250
brc101d,530,20625,269
brc101d,531,12755,255
brc101d,532,8721,267
brc101d,533,20114,249
brc101d,534,20438,258
brc101d,535,9965,260
brc101d,536,17144,258
brc101d,537,16861,264
brc101d,538,18805,256
brc101d,539,9021,253
brc101d,540,15524,262
brc101d,541,10636,259
brc101d,542,10395,257
brc101d,543,15361,278
brc101d,544,20021,266
brc101d,545,10337,262
brc101d,546,10746,262
brc101d,547,8576,260
brc101d,548,17293,274
brc101d,549,10477,260
brc101d,550,21544,273
brc101d,551,11350,275
brc101d,552,10161,273
brc101d,553,18428,268
brc101d,554,16578,272
brc101d,555,22377,267
brc101d,556,19955,276
brc101d,557,12308,262
brc101d,558,10049,273
brc101d,559,9620,280
brc101d,560,17500,278
brc101d,561,8786,271
brc101d,562,21058,283
brc101d,563,21892,287
brc101d,564,20293,275
brc101d,565,16383,282
brc101d,566,11676,276
brc101d,567,19531,270
brc101d,568,16258,267
brc101d,569,13353,281
brc101d,570,20225,279
brc101d,571,16618,280
brc101d,572,14706,279
brc101d,573,16634,280
brc101d,574,16955,281
brc101d,575,21324,283
brc101d,576,17089,253
brc101d,577,14721,288
brc101d,578,19769,279
brc101d,579,16147,279
brc101d,580,9973,272
brc101d,581,12895,283
brc101d,582,9067,273
brc101d,583,6606,285
brc101d,584,16600,289
brc101d,585,13598,289
brc101d,586,15719,295
brc101d,587,11359,298
brc101d,588,19278,275
brc101d,589,12079,289
brc101d,590,17605,291
brc101d,591,14312,291
brc101d,592,22968,278
brc101d,593,14801,297
brc101d,594,13213,290
brc101d,595,15415,278
brc101d,596,22443,300
brc101d,597,11711,276
brc101d,598,20022,284
brc101d,599,13618,278
brc101d,600,24516,305
brc101d,601,8086,283
brc101d,602,15498,300
brc101d,603,15432,291
brc101d,604,14061,290
brc101d,605,25248,304
brc101d,606,15209,301
brc101d,607,8562,287
brc101d,608,10299,283
brc101d,609,10938,297
brc101d,610,19595,281
brc101d,611,24822,290
brc101d,612,24960,309
brc101d,613,21544,302
brc101d,614,15422,290
brc101d,615,16382,300
brc101d,616,16573,301
brc101d,617,19844,297
brc101d,618,8894,283
brc101d,619,20129,309
brc101d,620,11082,313
brc101d,621,21444,281
brc101d,622,19741,309
brc101d,623,22864,299
brc101d,624,12753,305
brc101d,625,14107,293
brc101d,626,24925,300
brc101d,627,21259,290
brc101d,628,19349,290
brc101d,629,23233,310
brc101d,630,24423,326
brc101d,631,19296,317
brc101d,632,19708,313
brc101d,633,19646,311
brc101d,634,17337,315
brc101d,635,19058,303
brc101d,636,24124,324
brc101d,637,17023,309
brc101d,638,24467,306
brc101d,639,24662,304
brc101d,640,22586,314
brc101d,641,12923,299
brc101d,642,24278,303
brc101d,643,12301,312
brc101d,644,16263,314
brc101d,645,12772,311
brc101d,646,20130,295
brc101d,647,18715,318
brc101d,648,24902,328
brc101d,649,9530,327
brc101d,650,13839,320
brc101d,651,14074,317
brc101d,652,26429,314
brc101d,653,19118,324
brc101d,654,17359,323
brc101d,655,25011,324
brc101d,656,8526,325
brc101d,657,13910,313
brc101d,658,23718,302
brc101d,659,23255,315
brc101d,660,16602,325
brc101d,661,14235,325
brc101d,662,15158,321
brc101d,663,20925,313
brc101d,664,24401,328
brc101d,665,25355,320
brc101d,666,21934,326
brc101d,667,11506,327
brc101d,668,18667,323
brc101d,669,11834,322
brc101d,670,9616,328
brc101d,671,8214,333
brc101d,672,17444,315
brc101d,673,9244,354
brc101d,674,23209,343
brc101d,675,15410,333
brc101d,676,18025,331
brc101d,677,12323,314
brc101d,678,11704,318
brc101d,679,16206,331
brc101d,680,27451,341
brc101d,681,21336,337
brc101d,682,17971,332
brc101d,683,25901,334
brc101d,684,25376,336
brc101d,685,20355,337
brc101d,686,15301,332
brc101d,687,14301,333
brc101d,688,14947,324
brc101d,689,17793,341
brc101d,690,19115,340
brc101d,691,15397,340
brc101d,692,22132,335
brc101d,693,23431,349
brc101d,694,25719,326
brc101d,695,24825,325
brc101d,696,13476,340
brc101d,697,9975,339
brc101d,698,9402,354
brc101d,699,24158,347
brc101d,700,17685,334
brc101d,701,17173,346
brc101d,702,17219,338
brc101d,703,14155,356
brc101d,704,24676,324
brc101d,705,25410,332
brc101d,706,15200,339
brc101d,707,20598,348
brc101d,708,18275,324
brc101d,709,23186,342
brc101d,710,26196,343
brc101d,711,13427,337
brc101d,712,16557,345
brc101d,713,8783,361
brc101d,714,24207,361
brc101d,715,12983,343
brc101d,716,21056,341
brc101d,717,16909,337
brc101d,718,26926,348
brc101d,719,27191,364
brc101d,720,16167,344
brc101d,721,14245,346
brc101d,722,23788,348
brc101d,723,26813,347
brc101d,724,20795,354
brc101d,725,26813,352
brc101d,726,27363,378
brc101d,727,25749,334
brc101d,728,15319,358
brc101d,729,9268,361
brc101d,730,14185,363
brc101d,731,16060,358
brc101d,732,12791,340
brc101d,733,17833,354
brc101d,734,19984,353
brc101d,735,15648,352
brc101d,736,15577,362
brc101d,737,14931,351
brc101d,738,17063,334
brc101d,739,28819,367
brc101d,740,27566,365
brc101d,741,17171,366
brc101d,742,27990,371
brc101d,743,14940,361
brc101d,744,13730,354
brc101d,745,19961,344
brc101d,746,23367,370
brc101d,747,21829,356
brc101d,748,13657,366
brc101d,749,16364,356
brc101d,750,16573,363
brc101d,751,18414,377
brc101d,752,27791,385
brc101d,753,20912,367
brc101d,754,27262,363
brc101d,755,20340,367
brc101d,756,21712,368
brc101d,757,25060,379
brc101d,758,25767,387
brc101d,759,25351,371
brc101d,760,7333,376
brc101d,761,17567,366
brc101d,762,27770,384
brc101d,763,15151,371
brc101d,764,21274,356
brc101d,765,27810,390
brc101d,766,16955,377
brc101d,767,23363,359
brc101d,768,17810,372
brc101d,769,16041,377
brc101d,770,28793,385
brc101d,771,14695,390
brc101d,772,10438,389
brc101d,773,22051,375
brc101d,774,14041,379
brc101d,775,20947,376
brc101d,776,15212,386
brc101d,777,17537,365
brc101d,778,23728,383
brc101d,779,16094,351
brc101d,780,28327,389
brc101d,781,15855,379
brc101d,782,21207,362
brc101d,783,14453,379
brc101d,784,24743,389
brc101d,785,13177,371
brc101d,786,24306,366
brc101d,787,17323,387
brc101d,788,17843,393
brc101d,789,19821,390
brc101d,790,26152,379
brc101d,791,28075,392
brc101d,792,28744,398
brc101d,793,27890,399
brc101d,794,23722,396
brc101d,795,20722,394
brc101d,796,29483,403
brc101d,797,18273,380
brc101d,798,23505,382
brc101d,799,28470,393
brc101d,800,20871,361
brc101d,801,19268,394
brc101d,802,16721,395
brc101d,803,18777,396
brc101d,804,22929,383
brc101d,805,18782,372
brc101d,806,26659,384
brc101d,807,16715,375
brc101d,808,17150,400
brc101d,809,17949,369
brc101d,810,25926,381
brc101d,811,16692,390
brc101d,812,9581,419
brc101d,813,19310,385
brc101d,814,21479,401
brc101d,815,16763,391
brc101d,816,21514,398
brc101d,817,19296,404
brc101d,818,28894,405
brc101d,819,16446,392
brc101d,820,17419,400
brc101d,821,13588,416
brc101d,822,17027,379
brc101d,823,19173,391
brc101d,824,27625,405
brc101d,825,20566,410
brc101d,826,28625,412
brc101d,827,19773,394
brc101d,828,14307,420
brc101d,829,9992,419
brc101d,830,21195,400
brc101d,831,13900,411
brc101d,832,9495,414
brc101d,833,22385,412
brc101d,834,21470,413
brc101d,835,25204,415
brc101d,836,28841,409
brc101d,837,18703,410
brc101d,838,18621,388
brc101d,839,20181,402
brc101d,840,28028,429
brc101d,841,23333,415
brc101d,842,19874,407
brc101d,843,24530,411
brc101d,844,20887,417
brc101d,845,17485,421
brc101d,846,18449,394
brc101d,847,27436,409
brc101d,848,17393,396
brc101d,849,19583,419
brc101d,850,29066,427
brc101d,851,17806,423
brc101d,852,16560,399
brc101d,853,16300,424
brc101d,854,21105,421
brc101d,855,18546,397
brc101d,856,29285,409
brc101d,857,18849,413
brc101d,858,13892,420
brc101d,859,24493,398
brc101d,860,24591,428
brc101d,861,16843,397
brc101d,862,29116,419
brc101d,863,18095,413
brc101d,864,24979,397
brc101d,865,19668,437
brc101d,866,18295,402
brc101d,867,25438,423
brc101d,868,28493,410
brc101d,869,27471,418
brc101d,870,19008,402
brc101d,871,10477,429
brc101d,872,9770,429
brc101d,873,17242,444
brc101d,874,22353,422
brc101d,875,17391,439
brc101d,876,14876,436
brc101d,877,19666,431
brc101d,878,28912,423
brc101d,879,19842,402
brc101d,880,10271,447
brc101d,881,23264,420
brc101d,882,13955,421
brc101d,883,21595,446
brc101d,884,25543,411
brc101d,885,24899,423
brc101d,886,12021,439
brc101d,887,22578,428
brc101d,888,26441,408
brc101d,889,28956,431
brc101d,890,24692,418
brc101d,891,13272,425
brc101d,892,18351,433
brc101d,893,17527,424
brc101d,894,16507,436
brc101d,895,28410,431
brc101d,896,18107,427
brc101d,897,22490,440
brc101d,898,16654,434
brc101d,899,15544,456
brc101d,900,23173,438
brc101d,901,17857,453
brc101d,902,22639,423
brc101d,903,20653,447
brc101d,904,14106,454
brc101d,905,24461,441
brc101d,906,9566,443
brc101d,907,14905,446
brc101d,908,20546,445
brc101d,909,25026,454
brc101d,910,25808,427
brc101d,911,22087,436
brc101d,912,19166,446
brc101d,913,22465,445
brc101d,914,29015,440
brc101d,915,29147,467
brc101d,916,26063,446
brc101d,917,15835,460
brc101d,918,23377,443
brc101d,919,24005,445
brc101d,920,13022,453
brc101d,921,18859,443
brc101d,922,20641,433
brc101d,923,19228,436
brc101d,924,19989,449
brc101d,925,10859,456
brc101d,926,21647,459
brc101d,927,23138,424
brc101d,928,17745,444
brc101d,929,18679,451
brc101d,930,10831,459
brc101d,931,29170,455
brc101d,932,18192,457
brc101d,933,25250,472
brc101d,934,21898,458
brc101d,935,26478,439
brc101d,936,22222,452
brc101d,937,21084,444
brc101d,938,16438,450
brc101d,939,22538,457
brc101d,940,20383,465
brc101d,941,24753,475
brc101d,942,25692,469
brc101d,943,20301,452
brc101d,944,29409,464
brc101d,945,26963,470
brc101d,946,18345,463
brc101d,947,10648,465
brc101d,948,12067,471
brc101d,949,17112,471
brc101d,950,23680,467
brc101d,951,21156,449
brc101d,952,22602,471
brc101d,953,12381,466
brc101d,954,26366,465
brc101d,955,23190,460
brc101d,956,20244,457
brc101d,957,27936,477
brc101d,958,23137,468
brc101d,959,18721,446
brc101d,960,28409,489
brc101d,961,26801,447
brc101d,962,22337,466
brc101d,963,24025,451
brc101d,964,23658,463
brc101d,965,25307,441
brc101d,966,18680,466
brc101d,967,17714,477
brc101d,968,23222,460
brc101d,969,26195,484
brc101d,970,19007,453
brc101d,971,29378,473
brc101d,972,21460,453
brc101d,973,17839,494
brc101d,974,25510,464
brc101d,975,26445,461
brc101d,976,23748,487
brc101d,977,21978,455
brc101d,978,28353,494
brc101d,979,21261,480
brc101d,980,23303,485
brc101d,981,25290,477
brc101d,982,24687,464
brc101d,983,13086,469
brc101d,984,16724,473
brc101d,985,27300,488
brc101d,986,22266,458
brc101d,987,20854,466
brc101d,988,18818,504
brc101d,989,13102,485
brc101d,990,28182,482
brc101d,991,24319,494
brc101d,992,21324,484
brc101d,993,23636,483
brc101d,994,26517,485
brc101d,995,26316,488
brc101d,996,21478,463
brc101d,997,26598,463
brc101d,998,15844,495
brc101d,999,26731,456
brc101d,1000,25673,469
brc101d,1001,27764,501
brc101d,1002,26453,457
brc101d,1003,28083,509
brc101d,1004,13696,480
brc101d,1005,24010,489
brc101d,1006,26736,477
brc101d,1007,21387,511
brc101d,1008,24086,505
brc101d,1009,19919,471
brc101d,1010,26238,504
brc101d,1011,17623,491
brc101d,1012,21848,504
brc101d,1013,26279,492
brc101d,1014,19662,490
brc101d,1015,26265,475
brc101d,1016,25953,508
brc101d,1017,23727,489
brc101d,1018,25074,495
brc101d,1019,19881,494
brc101d,1020,23065,505
brc101d,1021,24350,478
brc101d,1022,25919,507
brc101d,1023,25805,517
brc101d,1024,22078,469
brc101d,1025,21806,507
brc101d,1026,29690,505
brc101d,1027,24266,471
brc101d,1028,26632,482
brc101d,1029,25559,467
brc101d,1030,22215,502
brc101d,1031,25812,497
brc101d,1032,27047,513
brc101d,1033,16558,515
brc101d,1034,15545,505
brc101d,1035,18038,501
brc101d,1036,24336,477
brc101d,1037,28443,513
brc101d,1038,23900,477
brc101d,1039,23355,509
brc101d,1040,25206,510
brc101d,1041,25625,503
brc101d,1042,28122,518
brc101d,1043,29226,523
brc101d,1044,21669,487
brc101d,1045,25086,511
brc101d,1046,19398,511
brc101d,1047,18948,525
brc101d,1048,25754,507
brc101d,1049,25025,508
brc101d,1050,17297,526
brc101d,1051,26281,501
brc101d,1052,23943,525
brc101d,1053,21383,528
brc101d,1054,20363,525
brc101d,1055,22859,522
brc101d,1056,28146,496
brc101d,1057,24376,498
brc101d,1058,24266,513
brc101d,1059,23936,523
brc101d,1060,25496,500
brc101d,1061,23535,525
brc101d,1062,28090,527
brc101d,1063,23443,527
brc101d,1064,26511,505
brc101d,1065,26338,505
brc101d,1066,19536,524
brc101d,1067,20239,528
brc101d,1068,26127,496
brc101d,1069,24746,510
brc101d,1070,24137,532
brc101d,1071,19870,504
brc101d,1072,24783,518
brc101d,1073,20338,514
brc101d,1074,24578,498
brc101d,1075,24734,502
brc101d,1076,20496,534
brc101d,1077,25787,538
brc101d,1078,23721,547
brc101d,1079,27085,527
brc101d,1080,27597,538
brc101d,1081,25632,538
brc101d,1082,24286,516
brc101d,1083,23166,530
brc101d,1084,23985,531
brc101d,1085,26021,491
brc101d,1086,27761,527
brc101d,1087,29624,509
brc101d,1088,27982,534
brc101d,1089,23827,515
brc101d,1090,29560,528
brc101d,1091,23659,502
brc101d,1092,26785,529
brc101d,1093,29802,548
brc101d,1094,25824,528
brc101d,1095,25598,520
brc101d,1096,24265,539
brc101d,1097,23199,522
brc101d,1098,18926,551
brc101d,1099,28257,528
brc101d,1100,20023,561
brc101d,1101,26433,518
brc101d,1102,24657,531
brc101d,1103,22299,538
brc101d,1104,25266,526
brc101d,1105,24865,553
brc101d,1106,26632,536
brc101d,1107,27360,537
brc101d,1108,26076,522
brc101d,1109,28279,559
brc101d,1110,29291,552
brc101d,1111,23201,539
brc101d,1112,24623,534
brc101d,1113,23559,521
brc101d,1114,25685,541
brc101d,1115,29096,560
brc101d,1116,26872,535
brc101d,1117,25361,521
brc101d,1118,24091,554
brc101d,1119,20597,513
brc101d,1120,22184,556
brc101d,1121,26824,528
brc101d,1122,27346,556
brc101d,1123,21970,523
brc101d,1124,22522,562
brc101d,1125,18305,557
brc101d,1126,23412,535
brc101d,1127,22677,516
brc101d,1128,25990,529
brc101d,1129,27645,565
brc101d,1130,22558,565
brc101d,1131,29520,563
brc101d,1132,27341,544
brc101d,1133,15940,539
brc101d,1134,28122,570
brc101d,1135,20480,566
brc101d,1136,24185,573
brc101d,1137,24877,535
brc101d,1138,22984,579
brc101d,1139,27196,547
brc101d,1140,23372,558
brc101d,1141,23729,571
brc101d,1142,27041,539
brc101d,1143,27117,550
brc101d,1144,18782,571
brc101d,1145,24995,571
brc101d,1146,25011,574
brc101d,1147,29138,548
brc101d,1148,28433,553
brc101d,1149,29281,542
brc101d,1150,18685,577
brc101d,1151,29368,574
brc101d,1152,19954,580
brc101d,1153,28106,561
brc101d,1154,27138,541
brc101d,1155,28953,566
brc101d,1156,22842,568
brc101d,1157,28538,576
brc101d,1158,29614,553
brc101d,1159,23495,570
brc101d,1160,22017,581
brc101d,1161,26816,555
brc101d,1162,29882,575
brc101d,1163,24788,563
brc101d,1164,27751,570
brc101d,1165,26472,580
brc101d,1166,28054,578
brc101d,1167,29477,570
brc101d,1168,26461,569
brc101d,1169,28636,571
brc101d,1170,26967,561
brc101d,1171,27400,561
brc101d,1172,22050,577
brc101d,1173,19021,563
brc101d,1174,22739,579
brc101d,1175,26721,580
brc101d,1176,23815,542
brc101d,1177,23138,590
brc101d,1178,28542,574
brc101d,1179,25058,583
brc101d,1180,24943,593
brc101d,1181,26662,560
brc101d,1182,25928,580
brc101d,1183,28853,591
brc101d,1184,21983,577
brc101d,1185,23528,580
brc101d,1186,25102,591
brc101d,1187,26933,579
brc101d,1188,21748,585
brc101d,1189,27971,572
brc101d,1190,25217,594
brc101d,1191,26281,590
brc101d,1192,26353,588
brc101d,1193,29419,567
brc101d,1194,26008,569
brc101d,1195,29102,570
brc101d,1196,29827,593
brc101d,1197,24891,597
brc101d,1198,23746,589
brc101d,1199,28778,592
brc101d,1200,28734,590
brc101d,1201,23145,585
brc101d,1202,29276,580
brc101d,1203,28756,598
brc101d,1204,28470,588
brc101d,1205,27346,595
brc101d,1206,19095,580
brc101d,1207,28106,597
brc101d,1208,26094,595
brc101d,1209,28738,601
brc101d,1210,22373,605
brc101d,1211,28411,585
brc101d,1212,26674,602
brc101d,1213,27530,591
brc101d,1214,28658,600
brc101d,1215,28759,612
brc101d,1216,28792,600
brc101d,1217,25545,581
brc101d,1218,26774,592
brc101d,1219,28505,590
brc101d,1220,27450,596
brc101d,1221,21117,599
brc101d,1222,27409,607
brc101d,1223,27967,598
brc101d,1224,26828,598
brc101d,1225,27071,605
brc101d,1226,27159,602
brc101d,1227,26522,577
brc101d,1228,24177,608
brc101d,1229,27496,599
brc101d,1230,24150,593
brc101d,1231,25592,616
brc101d,1232,29155,596
brc101d,1233,28215,598
brc101d,1234,26946,593
brc101d,1235,20406,593
brc101d,1236,29805,602
brc101d,1237,29166,615
brc101d,1238,24630,597
brc101d,1239,27665,590
brc101d,1240,26692,601
brc101d,1241,27418,603
brc101d,1242,27652,608
brc101d,1243,27136,621
brc101d,1244,19671,595
brc101d,1245,29010,615
brc101d,1246,22011,613
brc101d,1247,22627,623
brc101d,1248,28634,599
brc101d,1249,26861,618
brc101d,1250,29582,631
brc101d,1251,27792,609
brc101d,1252,29301,604
brc101d,1253,27857,608
brc101d,1254,28501,607
brc101d,1255,22445,606
brc101d,1256,26166,619
brc101d,1257,27855,618
brc101d,1258,26897,596
brc101d,1259,25333,610
brc101d,1260,25466,606
brc101d,1261,29833,610
brc101d,1262,27423,636
brc101d,1263,24257,634
brc101d,1264,27149,603
brc101d,1265,27887,636
brc101d,1266,26622,633
brc101d,1267,26853,622
brc101d,1268,29494,635
brc101d,1269,29768,616
brc101d,1270,23007,625
brc101d,1271,27438,619
brc101d,1272,25424,617
brc101d,1273,25433,628
brc101d,1274,26865,610
brc101d,1275,27443,619
brc101d,1276,29457,615
brc101d,1277,29570,622
brc101d,1278,24156,624
brc101d,1279,21820,618
brc101d,1280,29744,631
brc101d,1281,29347,632
brc101d,1282,29276,643
brc101d,1283,27535,624
brc101d,1284,22879,633
brc101d,1285,29829,626
brc101d,1286,25371,620
brc101d,1287,23156,621
brc101d,1288,27690,629
brc101d,1289,29386,633
brc101d,1290,27316,625
brc101d,1291,29416,629
brc101d,1292,29209,625
brc101d,1293,27810,624
brc101d,1294,28928,625
brc101d,1295,24925,637
brc101d,1296,29312,636
brc101d,1297,27849,628
brc101d,1298,27568,630
brc101d,1299,28224,642
brc101d,1300,27138,627
brc101d,1301,27170,624
brc101d,1302,29629,647
brc101d,1303,24364,646
brc101d,1304,29143,658
brc101d,1305,29649,639
brc101d,1306,26547,626
brc101d,1307,22743,625
brc101d,1308,28300,633
brc101d,1309,29750,652
brc101d,1310,24970,628
brc101d,1311,27235,654
brc101d,1312,28393,636
brc101d,1313,28804,633
brc101d,1314,22624,629
brc101d,1315,24125,639
brc101d,1316,27616,642
brc101d,1317,27183,630
brc101d,1318,29530,650
brc101d,1319,23629,629
brc101d,1320,29651,655
brc101d,1321,25241,638
brc101d,1322,27505,646
brc101d,1323,28778,656
brc101d,1324,27122,637
brc101d,1325,29110,663
brc101d,1326,26908,637
brc101d,1327,29009,647
brc101d,1328,29234,659
brc101d,1329,24536,653
brc101d,1330,23378,650
brc101d,1331,28552,642
brc101d,1332,25511,654
brc101d,1333,27322,650
brc101d,1334,29481,660
brc101d,1335,28722,659
brc101d,1336,29847,661
brc101d,1337,24275,656
brc101d,1338,24891,649
brc101d,1339,22657,644
brc101d,1340,23983,654
brc101d,1341,28386,661
brc101d,1342,23504,657
brc101d,1343,29414,670
brc101d,1344,28915,645
brc101d,1345,28840,668
brc101d,1346,25706,647
brc101d,1347,28812,669
brc101d,1348,28773,661
brc101d,1349,24011,640
brc101d,1350,29165,654
brc101d,1351,25586,662
brc101d,1352,29213,672
brc101d,1353,29447,677
brc101d,1354,24878,662
brc101d,1355,24571,647
brc101d,1356,29876,663
brc101d,1357,25705,652
brc101d,1358,29597,674
brc101d,1359,26650,669
brc101d,1360,28564,675
brc101d,1361,29017,664
brc101d,1362,27217,646
brc101d,1363,28702,663
brc101d,1364,28991,660
brc101d,1365,28556,665
brc101d,1366,27672,670
brc101d,1367,27523,658
brc101d,1368,25015,668
brc101d,1369,29753,653
brc101d,1370,27834,692
brc101d,1371,29593,689
brc101d,1372,27852,656
brc101d,1373,27640,665
brc101d,1374,29589,655
brc101d,1375,29655,691
brc101d,1376,28083,687
brc101d,1377,27881,684
brc101d,1378,28096,662
brc101d,1379,29780,679
brc101d,1380,26244,690
brc101d,1381,29510,683
brc101d,1382,29714,691
brc101d,1383,28549,678
brc101d,1384,24657,666
brc101d,1385,29088,655
brc101d,1386,24914,657
brc101d,1387,27664,690
brc101d,1388,29372,690
brc101d,1389,25231,664
brc101d,1390,28801,671
brc101d,1391,24956,682
brc101d,1392,29828,693
brc101d,1393,28602,684
brc101d,1394,29793,672
brc101d,1395,28893,685
brc101d,1396,25806,680
brc101d,1397,29236,682
brc101d,1398,28880,681
brc101d,1399,25515,683
brc101d,1400,28851,678
brc101d,1401,28967,702
brc101d,1402,29379,672
brc101d,1403,28519,707
brc101d,1404,26373,676
brc101d,1405,29137,688
brc101d,1406,28502,680
brc101d,1407,29034,674
brc101d,1408,26556,676
brc101d,1409,28927,667
brc101d,1410,29732,681
brc101d,1411,29147,682
brc101d,1412,29473,686
brc101d,1413,25249,670
brc101d,1414,28343,692
brc101d,1415,29172,689
brc101d,1416,27242,687
brc101d,1417,29604,669
brc101d,1418,26492,692
brc101d,1419,29575,678
brc101d,1420,28892,687
brc101d,1421,29868,708
brc101d,1422,29611,688
brc101d,1423,25464,679
brc101d,1424,29185,692
brc101d,1425,28857,684
brc101d,1426,26091,678
brc101d,1427,28164,687
brc101d,1428,29652,702
brc101d,1429,28999,675
brc101d,1430,29075,709
brc101d,1431,27070,691
brc101d,1432,29458,695
brc101d,1433,28039,684
brc101d,1434,27479,683
brc101d,1435,29578,684
brc101d,1436,29260,700
brc101d,1437,28963,717
brc101d,1438,28635,699
brc101d,1439,27146,701
brc101d,1440,28936,715
brc101d,1441,28152,696
brc101d,1442,25991,696
brc101d,1443,29841,685
brc101d,1444,29119,690
brc101d,1445,29647,689
brc101d,1446,26184,702
brc101d,1447,28980,701
brc101d,1448,28612,699
brc101d,1449,29615,720
brc101d,1450,27825,705
brc101d,1451,26362,699
brc101d,1452,29595,689
brc101d,1453,25620,689
brc101d,1454,28582,702
brc101d,1455,26416,696
brc101d,1456,29643,726
brc101d,1457,28354,701
brc101d,1458,26019,689
brc101d,1459,29880,695
brc101d,1460,29834,695
brc101d,1461,26866,711
brc101d,1462,25847,696
brc101d,1463,29595,693
brc101d,1464,29528,723
brc101d,1465,26453,691
brc101d,1466,26545,712
brc101d,1467,29527,699
brc101d,1468,29315,726
brc101d,1469,29600,711
brc101d,1470,26588,700
brc101d,1471,28480,729
brc101d,1472,27188,703
brc101d,1473,28815,710
brc101d,1474,28811,715
brc101d,1475,28992,720
brc101d,1476,29667,699
brc101d,1477,29497,730
brc101d,1478,29622,701
brc101d,1479,29785,730
brc101d,1480,28820,707
brc101d,1481,29747,713
brc101d,1482,29790,723
brc101d,1483,29076,740
brc101d,1484,28803,716
brc101d,1485,29567,727
brc101d,1486,26822,707
brc101d,1487,27749,713
brc101d,1488,28177,725
brc101d,1489,28615,730
brc101d,1490,29430,715
brc101d,1491,29352,740
brc101d,1492,28836,715
brc101d,1493,29848,720
brc101d,1494,29112,742
brc101d,1495,29634,725
brc101d,1496,29860,717
brc101d,1497,28215,717
brc101d,1498,29026,722
brc101d,1499,29797,737
brc101d,1500,28284,719
brc101d,1501,29659,748
brc101d,1502,29496,717
brc101d,1503,29011,737
brc101d,1504,28574,737
brc101d,1505,28754,741
brc101d,1506,28107,714
brc101d,1507,29023,720
brc101d,1508,29867,709
brc101d,1509,28964,715
brc101d,1510,29789,759
brc101d,1511,29546,726
brc101d,1512,29173,728
brc101d,1513,28819,722
brc101d,1514,29063,736
brc101d,1515,29045,734
brc101d,1516,29267,728
brc101d,1517,29495,747
brc101d,1518,28837,722
brc101d,1519,29608,753
brc101d,1520,29776,757
brc101d,1521,29177,743
brc101d,1522,29859,725
brc101d,1523,29383,733
brc101d,1524,29476,728
brc101d,1525,28941,735
brc101d,1526,29141,740
brc101d,1527,29701,726
brc101d,1528,29303,751
brc101d,1529,28759,746
brc101d,1530,29238,749
brc101d,1531,29602,727
brc101d,1532,29473,764
brc101d,1533,29719,731
brc101d,1534,29517,759
brc101d,1535,29563,733
brc101d,1536,29269,755
brc101d,1537,29482,740
brc101d,1538,29221,738
brc101d,1539,29102,735
brc101d,1540,29863,737
brc101d,1541,29748,766
brc101d,1542,29495,756
brc101d,1543,29680,736
brc101d,1544,29867,743
brc101d,1545,29352,761
brc101d,1546,29015,740
brc101d,1547,28411,737
brc101d,1548,29809,758
brc101d,1549,29576,741
brc101d,1550,29820,764
brc101d,1551,29141,740
brc101d,1552,28514,742
brc101d,1553,29514,747
brc101d,1554,29701,752
brc101d,1555,29165,746
brc101d,1556,29565,760
brc101d,1557,29091,759
brc101d,1558,29327,750
brc101d,1559,29595,736
brc101d,1560,29665,764
brc101d,1561,29603,741
brc101d,1562,29480,751
brc101d,1563,29226,741
brc101d,1564,29319,758
brc101d,1565,28541,748
brc101d,1566,29671,749
brc101d,1567,29822,772
brc101d,1568,29615,743
brc101d,1569,29777,773
brc201d,0,7,2
brc201d,1,38,4
brc201d,2,32,4
brc201d,3,12,2
brc201d,4,1,0
brc201d,5,55,5
brc201d,6,6,2
brc201d,7,25,3
brc201d,8,1,0
brc201d,9,17,3
brc201d,10,93,7
brc201d,11,100,7
brc201d,12,62,7
brc201d,13,92,8
brc201d,14,115,8
brc201d,15,46,5
brc201d,16,74,8
brc201d,17,109,7
brc201d,18,51,5
brc201d,19,61,8
brc201d,20,236,11
brc201d,21,125,13
brc201d,22,217,12
brc201d,23,224,12
brc201d,24,277,12
brc201d,25,166,14
brc201d,26,119,13
brc201d,27,214,13
brc201d,28,196,13
brc201d,29,156,11
brc201d,30,475,19
brc201d,31,460,17
brc201d,32,468,19
brc201d,33,380,15
brc201d,34,617,21
brc201d,35,549,18
brc201d,36,379,20
brc201d,37,346,20
brc201d,38,578,18
brc201d,39,403,20
brc201d,40,747,22
brc201d,41,714,25
brc201d,42,514,18
brc201d,43,816,21
brc201d,44,407,17
brc201d,45,545,24
brc201d,46,888,22
brc201d,47,541,19
brc201d,48,549,26
brc201d,49,452,18
brc201d,50,498,22
brc201d,51,1168,25
brc201d,52,353,23
brc201d,53,1315,27
brc201d,54,557,29
brc201d,55,988,28
brc201d,56,606,30
brc201d,57,708,22
brc201d,58,712,23
brc201d,59,909,28
brc201d,60,883,30
brc201d,61,1765,35
brc201d,62,1545,29
brc201d,63,734,30
brc201d,64,1581,39
brc201d,65,621,25
brc201d,66,881,28
brc201d,67,1424,27
brc201d,68,565,29
brc201d,69,1003,30
brc201d,70,815,34
brc201d,71,1770,42
brc201d,72,804,38
brc201d,73,1122,38
brc201d,74,848,36
brc201d,75,872,32
brc201d,76,1053,39
brc201d,77,1748,32
brc201d,78,773,34
brc201d,79,1302,37
brc201d,80,1131,39
brc201d,81,1110,34
brc201d,82,1276,37
brc201d,83,563,36
brc201d,84,927,44
brc201d,85,1440,45
brc201d,86,1895,45
brc201d,87,1448,35
brc201d,88,2306,37
brc201d,89,1802,40
brc201d,90,1416,50
brc201d,91,2081,45
brc201d,92,1681,50
brc201d,93,1429,49
brc201d,94,2229,42
brc201d,95,1494,42
brc201d,96,1339,48
brc201d,97,2318,52
brc201d,98,1741,48
brc201d,99,1039,51
brc201d,100,2656,49
brc201d,101,1267,45
brc201d,102,2235,50
brc201d,103,1690,50
brc201d,104,1920,54
brc201d,105,2349,50
brc201d,106,1969,50
brc201d,107,1757,47
brc201d,108,1751,42
brc201d,109,2413,54
brc201d,110,899,53
brc201d,111,2996,57
brc201d,112,2358,63
brc201d,113,1092,47
brc201d,114,1943,54
brc201d,115,2073,61
brc201d,116,1940,64
brc201d,117,1298,51
brc201d,118,1614,51
brc201d,119,1239,49
brc201d,120,1965,64
brc201d,121,1301,52
brc201d,122,1946,62
brc201d,123,3288,64
brc201d,124,2430,57
brc201d,125,3620,66
brc201d,126,3343,56
brc201d,127,1369,53
brc201d,128,2274,64
brc201d,129,1469,64
brc201d,130,3026,69
brc201d,131,3100,57
brc201d,132,2460,63
brc201d,133,2862,61
brc201d,134,3115,68
brc201d,135,1254,58
brc201d,136,2179,75
brc201d,137,2039,59
brc201d,138,2166,64
brc201d,139,2016,66
brc201d,140,1454,61
brc201d,141,2202,68
brc201d,142,1456,77
brc201d,143,3260,66
brc201d,144,3460,74
brc201d,145,3372,75
brc201d,146,3683,76
brc201d,147,2399,80
brc201d,148,1288,72
brc201d,149,3417,72
brc201d,150,3371,79
brc201d,151,3831,72
brc201d,152,1656,72
brc201d,153,3270,71
brc201d,154,2523,81
brc201d,155,4160,79
brc201d,156,3942,74
brc201d,157,3874,75
brc201d,158,4138,77
brc201d,159,3640,80
brc201d,160,2628,76
brc201d,161,1632,69
brc201d,162,3734,80
brc201d,163,4421,80
brc201d,164,4290,82
brc201d,165,1741,70
brc201d,166,1375,73
brc201d,167,2687,75
brc201d,168,2108,72
brc201d,169,3744,87
brc201d,170,2259,71
brc201d,171,1868,79
brc201d,172,1908,72
brc201d,173,2040,88
brc201d,174,2512,76
brc201d,175,3716,87
brc201d,176,2370,90
brc201d,177,4491,82
brc201d,178,4893,87
brc201d,179,2805,91
brc201d,180,2055,88
brc201d,181,3198,83
brc201d,182,1706,75
brc201d,183,2191,90
brc201d,184,4009,74
brc201d,185,3964,77
brc201d,186,2161,87
brc201d,187,2897,80
brc201d,188,4430,87
brc201d,189,4436,87
brc201d,190,5020,99
brc201d,191,5108,88
brc201d,192,2566,102
brc201d,193,5578,90
brc201d,194,4136,95
brc201d,195,3186,105
brc201d,196,4205,100
brc201d,197,1264,90
brc201d,198,4125,86
brc201d,199,1655,80
brc201d,200,4951,98
brc201d,201,4620,100
brc201d,202,5228,87
brc201d,203,2899,109
brc201d,204,2214,91
brc201d,205,2806,108
brc201d,206,3055,100
brc201d,207,2598,102
brc201d,208,2845,94
brc201d,209,2035,98
brc201d,210,3053,102
brc201d,211,3416,108
brc201d,212,3300,103
brc201d,213,4441,100
brc201d,214,4545,100
brc201d,215,3578,93
brc201d,216,4779,102
brc201d,217,2613,102
brc201d,218,5182,98
brc201d,219,2739,106
brc201d,220,1705,98
brc201d,221,5977,107
brc201d,222,3168,115
brc201d,223,3346,107
brc201d,224,6591,105
brc201d,225,2750,104
brc201d,226,4462,100
brc201d,227,4378,104
brc201d,228,2709,116
brc201d,229,4394,111
brc201d,230,2468,116
brc201d,231,4216,123
brc201d,232,3453,125
brc201d,233,4703,104
brc201d,234,6851,109
brc201d,235,5403,104
brc201d,236,5498,108
brc201d,237,3007,121
brc201d,238,4199,104
brc201d,239,3183,127
brc201d,240,3089,115
brc201d,241,5967,122
brc201d,242,4631,110
brc201d,243,5365,124
brc201d,244,5513,101
brc201d,245,4255,116
brc201d,246,5974,128
brc201d,247,3334,124
brc201d,248,5936,118
brc201d,249,4587,106
brc201d,250,4153,116
brc201d,251,2784,107
brc201d,252,3810,132
brc201d,253,5910,116
brc201d,254,7975,135
brc201d,255,3848,120
brc201d,256,4365,114
brc201d,257,5416,112
brc201d,258,4749,119
brc201d,259,5932,112
brc201d,260,3900,124
brc201d,261,4287,113
brc201d,262,3809,119
brc201d,263,6057,120
brc201d,264,4328,130
brc201d,265,4869,122
brc201d,266,4758,132
brc201d,267,6064,127
brc201d,268,6773,133
brc201d,269,5372,133
brc201d,270,4384,118
brc201d,271,5081,126
brc201d,272,4425,131
brc201d,273,3851,139
brc201d,274,6658,129
brc201d,275,4908,123
brc201d,276,3007,139
brc201d,277,4990,146
brc201d,278,3961,138
brc201d,279,6565,124
brc201d,280,4324,146
brc201d,281,4591,126
brc201d,282,5779,132
brc201d,283,6138,133
brc201d,284,3961,118
brc201d,285,7067,125
brc201d,286,5374,134
brc201d,287,6691,137
brc201d,288,4281,129
brc201d,289,5083,128
brc201d,290,4276,132
brc201d,291,7013,153
brc201d,292,4715,127
brc201d,293,3157,124
brc201d,294,6017,145
brc201d,295,4252,137
brc201d,296,2759,148
brc201d,297,5695,131
brc201d,298,7599,143
brc201d,299,7300,134
brc201d,300,3702,154
brc201d,301,7241,145
brc201d,302,5298,133
brc201d,303,4250,128
brc201d,304,7149,129
brc201d,305,4307,145
brc201d,306,3958,135
brc201d,307,4080,132
brc201d,308,6812,135
brc201d,309,4505,131
brc201d,310,7761,154
brc201d,311,6628,153
brc201d,312,4376,146
brc201d,313,5951,152
brc201d,314,5042,140
brc201d,315,8754,164
brc201d,316,7489,151
brc201d,317,8492,157
brc201d,318,6265,143
brc201d,319,7192,148
brc201d,320,5703,140
brc201d,321,4776,145
brc201d,322,5958,144
brc201d,323,4561,140
brc201d,324,5212,147
brc201d,325,4872,164
brc201d,326,7789,154
brc201d,327,5843,171
brc201d,328,4297,148
brc201d,329,4636,141
brc201d,330,6423,154
brc201d,331,7603,170
brc201d,332,8321,144
brc201d,333,7047,160
brc201d,334,7060,151
brc201d,335,4637,149
brc201d,336,5439,166
brc201d,337,6637,149
brc201d,338,7534,142
brc201d,339,8592,168
brc201d,340,6570,169
brc201d,341,5362,157
brc201d,342,5440,148
brc201d,343,7294,163
brc201d,344,3523,161
brc201d,345,8093,149
brc201d,346,5711,154
brc201d,347,8275,168
brc201d,348,5289,176
brc201d,349,7637,170
brc201d,350,7572,169
brc201d,351,2203,156
brc201d,352,5220,172
brc201d,353,3455,168
brc201d,354,6580,188
brc201d,355,8702,173
brc201d,356,8526,170
brc201d,357,4619,159
brc201d,358,7780,174
brc201d,359,7980,174
brc201d,360,4261,187
brc201d,361,5293,186
brc201d,362,7871,176
brc201d,363,5639,156
brc201d,364,7451,155
brc201d,365,4504,157
brc201d,366,8983,185
brc201d,367,7080,192
brc201d,368,9688,193
brc201d,369,5819,161
brc201d,370,4853,197
brc201d,371,5324,169
brc201d,372,5794,165
brc201d,373,4892,170
brc201d,374,6335,188
brc201d,375,2246,161
brc201d,376,8548,162
brc201d,377,9806,193
brc201d,378,5533,166
brc201d,379,8246,186
brc201d,380,8694,175
brc201d,381,5419,192
brc201d,382,9739,192
brc201d,383,7662,191
brc201d,384,5571,170
brc201d,385,5382,176
brc201d,386,5800,200
brc201d,387,6545,197
brc201d,388,9641,202
brc201d,389,3578,195
brc201d,390,7486,180
brc201d,391,8797,172
brc201d,392,6892,201
brc201d,393,3917,200
brc201d,394,5642,177
brc201d,395,5789,172
brc201d,396,7793,170
brc201d,397,8961,170
brc201d,398,5682,184
brc201d,399,8404,175
brc201d,400,9264,204
brc201d,401,8699,199
brc201d,402,3789,195
brc201d,403,5237,218
brc201d,404,7968,204
brc201d,405,8349,176
brc201d,406,9269,184
brc201d,407,4922,176
brc201d,408,6670,202
brc201d,409,9493,182
brc201d,410,10254,212
brc201d,411,6251,213
brc201d,412,6172,201
brc201d,413,6919,190
brc201d,414,4081,180
brc201d,415,7736,184
brc201d,416,8243,187
brc201d,417,4654,185
brc201d,418,3391,205
brc201d,419,9791,211
brc201d,420,9627,195
brc201d,421,8457,206
brc201d,422,9447,185
brc201d,423,3963,216
brc201d,424,9484,202
brc201d,425,9762,201
brc201d,426,6837,210
brc201d,427,7513,188
brc201d,428,6900,227
brc201d,429,6971,197
brc201d,430,6236,215
brc201d,431,2806,199
brc201d,432,5882,201
brc201d,433,5278,199
brc201d,434,5930,200
brc201d,435,6537,198
brc201d,436,9159,202
brc201d,437,5493,197
brc201d,438,5960,206
brc201d,439,4356,220
brc201d,440,7791,197
brc201d,441,10483,221
brc201d,442,8834,196
brc201d,443,9919,205
brc201d,444,5384,202
brc201d,445,5723,205
brc201d,446,10041,227
brc201d,447,6505,210
brc201d,448,9964,225
brc201d,449,5432,199
brc201d,450,8459,207
brc201d,451,9737,229
brc201d,452,9386,216
brc201d,453,9713,197
brc201d,454,10074,220
brc201d,455,8095,225
brc201d,456,5859,206
brc201d,457,10225,229
brc201d,458,5322,205
brc201d,459,9126,226
brc201d,460,6752,244
brc201d,461,10060,206
brc201d,462,7936,198
brc201d,463,3148,221
brc201d,464,10897,244
brc201d,465,9644,225
brc201d,466,10899,231
brc201d,467,9341,213
brc201d,468,5786,212
brc201d,469,9334,201
brc201d,470,11054,242
brc201d,471,6568,245
brc201d,472,9882,201
brc201d,473,7809,221
brc201d,474,5852,218
brc201d,475,5088,217
brc201d,476,10569,237
brc201d,477,9691,213
brc201d,478,8048,241
brc201d,479,9882,239
brc201d,480,8607,247
brc201d,481,4689,245
brc201d,482,5033,210
brc201d,483,6774,212
brc201d,484,9338,211
brc201d,485,9229,230
brc201d,486,8237,219
brc201d,487,8512,226
brc201d,488,10414,226
brc201d,489,10007,215
brc201d,490,6293,223
brc201d,491,9189,224
brc201d,492,9633,240
brc201d,493,9254,220
brc201d,494,6853,224
brc201d,495,7309,240
brc201d,496,10305,216
brc201d,497,10040,233
brc201d,498,10743,235
brc201d,499,4425,247
brc201d,500,10390,219
brc201d,501,8903,241
brc201d,502,7107,219
brc201d,503,11365,258
brc201d,504,10002,254
brc201d,505,7859,228
brc201d,506,5562,233
brc201d,507,11091,248
brc201d,508,6756,226
brc201d,509,8366,255
brc201d,510,7791,233
brc201d,511,7169,235
brc201d,512,9707,257
brc201d,513,10395,224
brc201d,514,9565,232
brc201d,515,8627,257
brc201d,516,10462,248
brc201d,517,10205,255
brc201d,518,9531,257
brc201d,519,8193,238
brc201d,520,11446,262
brc201d,521,11002,243
brc201d,522,6881,235
brc201d,523,10300,248
brc201d,524,8636,258
brc201d,525,7300,234
brc201d,526,9987,239
brc201d,527,5576,252
brc201d,528,6149,242
brc201d,529,7549,242
brc201d,530,11806,270
brc201d,531,8728,242
brc201d,532,9628,235
brc201d,533,11778,272
brc201d,534,7781,243
brc201d,535,9892,266
brc201d,536,5821,240
brc201d,537,8530,251
brc201d,538,11176,252
brc201d,539,5156,268
brc201d,540,9910,274
brc201d,541,5437,273
brc201d,542,9980,250
brc201d,543,11878,263
brc201d,544,10845,244
brc201d,545,7920,247
brc201d,546,11618,266
brc201d,547,6960,253
brc201d,548,11173,271
brc201d,549,11900,260
brc201d,550,8737,256
brc201d,551,11380,263
brc201d,552,11334,284
brc201d,553,7646,259
brc201d,554,10828,280
brc201d,555,11572,263
brc201d,556,11667,277
brc201d,557,5157,281
brc201d,558,9520,241
brc201d,559,7324,240
brc201d,560,11274,256
brc201d,561,11203,252
brc201d,562,10723,255
brc201d,563,6477,262
brc201d,564,8612,260
brc201d,565,9077,267
brc201d,566,8709,253
brc201d,567,9103,286
brc201d,568,11569,276
brc201d,569,9435,269
brc201d,570,8506,261
brc201d,571,11681,254
brc201d,572,9358,288
brc201d,573,9823,248
brc201d,574,8675,265
brc201d,575,11424,281
brc201d,576,7915,251
brc201d,577,10215,284
brc201d,578,9208,286
brc201d,579,12464,295
brc201d,580,11827,296
brc201d,581,8911,297
brc201d,582,5932,276
brc201d,583,7516,291
brc201d,584,6798,288
brc201d,585,7093,265
brc201d,586,8414,288
brc201d,587,10596,290
brc201d,588,10808,284
brc201d,589,8674,265
brc201d,590,10273,260
brc201d,591,7886,276
brc201d,592,11767,290
brc201d,593,11165,272
brc201d,594,5567,300
brc201d,595,9770,292
brc201d,596,4268,294
brc201d,597,10857,265
brc201d,598,4178,296
brc201d,599,12194,296
brc201d,600,11105,276
brc201d,601,9648,308
brc201d,602,9955,273
brc201d,603,12353,312
brc201d,604,6466,279
brc201d,605,6998,303
brc201d,606,11303,297
brc201d,607,10993,272
brc201d,608,8803,299
brc201d,609,12057,283
brc201d,610,9735,284
brc201d,611,10183,285
brc201d,612,12224,294
brc201d,613,11423,304
brc201d,614,8681,307
brc201d,615,7629,283
brc201d,616,10545,314
brc201d,617,12023,283
brc201d,618,11009,272
brc201d,619,9607,292
brc201d,620,12858,321
brc201d,621,12197,286
brc201d,622,10957,309
brc201d,623,6879,278
brc201d,624,12435,317
brc201d,625,12324,287
brc201d,626,11012,304
brc201d,627,10340,290
brc201d,628,12849,312
brc201d,629,12157,285
brc201d,630,7079,281
brc201d,631,12163,287
brc201d,632,12556,280
brc201d,633,5338,316
brc201d,634,10340,303
brc201d,635,13350,328
brc201d,636,10633,287
brc201d,637,11972,296
brc201d,638,13118,322
brc201d,639,6832,280
brc201d,640,12644,285
brc201d,641,12151,318
brc201d,642,12739,312
brc201d,643,13267,331
brc201d,644,6848,323
brc201d,645,6550,286
brc201d,646,11794,306
brc201d,647,10748,287
brc201d,648,10232,280
brc201d,649,13040,318
brc201d,650,13054,319
brc201d,651,7455,301
brc201d,652,13601,330
brc201d,653,11903,315
brc201d,654,13215,316
brc201d,655,8394,332
brc201d,656,9593,330
brc201d,657,12951,318
brc201d,658,12357,281
brc201d,659,13361,329
brc201d,660,11545,296
brc201d,661,10333,333
brc201d,662,13765,333
brc201d,663,9217,328
brc201d,664,12652,326
brc201d,665,13817,342
brc201d,666,12287,309
brc201d,667,12750,313
brc201d,668,12479,311
brc201d,669,13226,334
brc201d,670,13785,334
brc201d,671,12379,312
brc201d,672,5715,334
brc201d,673,12841,311
brc201d,674,7687,309
brc201d,675,8951,338
brc201d,676,10294,335
brc201d,677,8099,319
brc201d,678,11352,302
brc201d,679,12791,334
brc201d,680,12990,314
brc201d,681,10306,333
brc201d,682,11208,346
brc201d,683,12536,324
brc201d,684,14399,350
brc201d,685,13919,332
brc201d,686,12112,324
brc201d,687,12607,294
brc201d,688,10769,344
brc201d,689,13390,318
brc201d,690,13863,346
brc201d,691,14068,349
brc201d,692,10506,333
brc201d,693,13409,323
brc201d,694,10644,326
brc201d,695,11930,329
brc201d,696,13494,327
brc201d,697,4922,341
brc201d,698,13401,341
brc201d,699,14138,349
brc201d,700,11324,347
brc201d,701,9894,346
brc201d,702,13768,345
brc201d,703,12708,344
brc201d,704,14504,361
brc201d,705,11719,317
brc201d,706,12848,309
brc201d,707,13466,336
brc201d,708,13808,325
brc201d,709,14202,337
brc201d,710,13475,336
brc201d,711,13637,321
brc201d,712,5820,349
brc201d,713,13383,353
brc201d,714,7547,331
brc201d,715,11312,363
brc201d,716,12042,319
brc201d,717,13502,336
brc201d,718,13429,336
brc201d,719,12652,340
brc201d,720,10300,361
brc201d,721,14677,334
brc201d,722,9979,365
brc201d,723,8094,339
brc201d,724,13293,340
brc201d,725,14348,342
brc201d,726,13689,360
brc201d,727,14158,326
brc201d,728,12951,352
brc201d,729,7963,335
brc201d,730,13986,352
brc201d,731,13648,349
brc201d,732,13823,347
brc201d,733,13444,361
brc201d,734,14734,340
brc201d,735,14317,340
brc201d,736,11405,355
brc201d,737,14182,358
brc201d,738,12414,343
brc201d,739,7302,346
brc201d,740,15285,355
brc201d,741,8442,369
brc201d,742,12833,347
brc201d,743,14579,372
brc201d,744,8323,356
brc201d,745,12633,349
brc201d,746,14733,361
brc201d,747,9052,369
brc201d,748,13366,347
brc201d,749,7445,346
brc201d,750,14685,365
brc201d,751,15652,353
brc201d,752,10374,360
brc201d,753,13298,366
brc201d,754,11895,333
brc201d,755,11164,376
brc201d,756,10978,359
brc201d,757,14829,365
brc201d,758,14707,367
brc201d,759,7894,345
brc201d,760,14815,367
brc201d,761,12575,374
brc201d,762,15330,386
brc201d,763,15855,356
brc201d,764,13974,371
brc201d,765,16346,359
brc201d,766,5927,382
brc201d,767,14306,373
brc201d,768,7713,355
brc201d,769,10622,356
brc201d,770,10438,379
brc201d,771,12610,369
brc201d,772,16763,365
brc201d,773,8486,365
brc201d,774,15934,365
brc201d,775,15125,380
brc201d,776,14341,369
brc201d,777,9333,388
brc201d,778,12227,351
brc201d,779,11817,346
brc201d,780,15064,372
brc201d,781,14847,380
brc201d,782,13945,374
brc201d,783,14503,389
brc201d,784,15009,378
brc201d,785,12009,364
brc201d,786,14619,395
brc201d,787,14742,379
brc201d,788,16299,367
brc201d,789,16098,374
brc201d,790,14551,367
brc201d,791,8145,370
brc201d,792,13432,379
brc201d,793,14501,378
brc201d,794,6323,383
brc201d,795,8626,384
brc201d,796,11980,356
brc201d,797,7883,376
brc201d,798,8930,391
brc201d,799,11853,392
brc201d,800,16821,376
brc201d,801,13675,384
brc201d,802,8917,389
brc201d,803,14615,388
brc201d,804,15441,394
brc201d,805,16859,382
brc201d,806,14919,401
brc201d,807,11966,370
brc201d,808,8436,373
brc201d,809,11276,394
brc201d,810,13021,386
brc201d,811,17172,390
brc201d,812,16310,358
brc201d,813,9296,409
brc201d,814,14318,397
brc201d,815,9427,388
brc201d,816,15437,399
brc201d,817,15475,407
brc201d,818,8737,399
brc201d,819,15383,386
brc201d,820,17243,392
brc201d,821,10331,409
brc201d,822,15523,384
brc201d,823,15390,396
brc201d,824,15080,390
brc201d,825,12610,391
brc201d,826,15873,412
brc201d,827,17653,389
brc201d,828,9063,391
brc201d,829,15931,396
brc201d,830,15629,412
brc201d,831,15801,406
brc201d,832,8886,404
brc201d,833,11165,423
brc201d,834,12984,396
brc201d,835,11599,413
brc201d,836,12165,388
brc201d,837,16634,396
brc201d,838,17019,397
brc201d,839,16805,372
brc201d,840,14177,399
brc201d,841,12501,406
brc201d,842,16047,420
brc201d,843,8133,404
brc201d,844,15135,393
brc201d,845,15043,404
brc201d,846,7694,419
brc201d,847,9799,418
brc201d,848,15163,386
brc201d,849,8722,407
brc201d,850,13959,409
brc201d,851,12182,405
brc201d,852,15721,400
brc201d,853,12024,407
brc201d,854,14515,419
brc201d,855,12524,399
brc201d,856,12148,397
brc201d,857,16999,411
brc201d,858,12274,409
brc201d,859,10428,404
brc201d,860,15788,421
brc201d,861,17871,418
brc201d,862,14662,418
brc201d,863,12954,420
brc201d,864,13115,411
brc201d,865,17170,418
brc201d,866,15071,427
brc201d,867,9569,429
brc201d,868,13809,400
brc201d,869,13990,415
brc201d,870,7353,422
brc201d,871,15665,419
brc201d,872,18015,413
brc201d,873,10615,432
brc201d,874,12237,417
brc201d,875,17409,415
brc201d,876,14729,424
brc201d,877,14920,411
brc201d,878,17604,417
brc201d,879,8457,421
brc201d,880,15081,430
brc201d,881,8482,419
brc201d,882,14874,431
brc201d,883,13049,420
brc201d,884,16037,424
brc201d,885,9417,419
brc201d,886,8616,431
brc201d,887,15223,413
brc201d,888,7308,417
brc201d,889,15154,432
brc201d,890,14436,431
brc201d,891,17767,408
brc201d,892,8611,432
brc201d,893,15100,434
brc201d,894,8495,424
brc201d,895,8649,437
brc201d,896,14787,434
brc201d,897,16879,410
brc201d,898,15585,442
brc201d,899,16607,434
brc201d,900,17038,410
brc201d,901,6859,426
brc201d,902,15633,442
brc201d,903,14521,438
brc201d,904,13325,430
brc201d,905,15069,432
brc201d,906,16734,432
brc201d,907,8874,423
brc201d,908,18401,436
brc201d,909,16626,444
brc201d,910,9104,435
brc201d,911,13923,450
brc201d,912,8929,432
brc201d,913,15808,436
brc201d,914,11819,434
brc201d,915,15161,447
brc201d,916,11181,447
brc201d,917,15821,440
brc201d,918,15851,436
brc201d,919,17668,424
brc201d,920,11017,438
brc201d,921,9769,455
brc201d,922,15734,440
brc201d,923,16497,430
brc201d,924,16850,438
brc201d,925,16547,436
brc201d,926,16766,426
brc201d,927,11789,437
brc201d,928,18142,448
brc201d,929,18590,438
brc201d,930,18064,445
brc201d,931,12717,448
brc201d,932,18329,465
brc201d,933,16147,441
brc201d,934,17223,432
brc201d,935,16083,443
brc201d,936,18907,446
brc201d,937,14389,440
brc201d,938,8974,444
brc201d,939,15418,459
brc201d,940,15783,459
brc201d,941,9006,459
brc201d,942,10755,464
brc201d,943,12307,442
brc201d,944,17075,460
brc201d,945,18069,453
brc201d,946,12238,459
brc201d,947,11704,457
brc201d,948,12618,449
brc201d,949,9945,461
brc201d,950,16187,460
brc201d,951,15227,440
brc201d,952,15687,457
brc201d,953,15904,445
brc201d,954,17888,439
brc201d,955,14494,462
brc201d,956,16792,464
brc201d,957,10936,457
brc201d,958,13815,460
brc201d,959,14593,440
brc201d,960,16160,444
brc201d,961,14742,456
brc201d,962,15956,464
brc201d,963,17772,441
brc201d,964,16028,463
brc201d,965,15575,447
brc201d,966,19283,458
brc201d,967,18464,461
brc201d,968,9684,470
brc201d,969,9269,467
brc201d,970,16994,479
brc201d,971,10603,479
brc201d,972,11164,453
brc201d,973,13054,471
brc201d,974,15866,457
brc201d,975,15013,463
brc201d,976,15367,475
brc201d,977,15536,460
brc201d,978,17888,475
brc201d,979,19060,476
brc201d,980,16131,466
brc201d,981,15325,460
brc201d,982,16699,451
brc201d,983,17341,461
brc201d,984,16019,480
brc201d,985,19135,472
brc201d,986,16366,469
brc201d,987,15713,467
brc201d,988,17367,457
brc201d,989,16883,461
brc201d,990,12982,480
brc201d,991,9942,467
brc201d,992,16664,457
brc201d,993,14367,491
brc201d,994,19969,487
brc201d,995,15703,487
brc201d,996,14524,477
brc201d,997,10924,466
brc201d,998,19908,474
brc201d,999,16171,468
brc201d,1000,16872,470
brc201d,1001,18982,481
brc201d,1002,15766,494
brc201d,1003,16040,464
brc201d,1004,14536,479
brc201d,1005,19523,490
brc201d,1006,19564,478
brc201d,1007,11060,474
brc201d,1008,17204,478
brc201d,1009,18899,473
brc201d,1010,19631,480
brc201d,1011,16627,477
brc201d,1012,9933,486
brc201d,1013,12722,476
brc201d,1014,14655,461
brc201d,1015,13764,490
brc201d,1016,18818,498
brc201d,1017,13855,487
brc201d,1018,9461,491
brc201d,1019,14734,489
brc201d,1020,15674,480
brc201d,1021,16967,478
brc201d,1022,17926,481
brc201d,1023,9585,481
brc201d,1024,15037,493
brc201d,1025,19384,484
brc201d,1026,16653,484
brc201d,1027,16578,483
brc201d,1028,9637,493
brc201d,1029,13075,487
brc201d,1030,9930,494
brc201d,1031,16509,471
brc201d,1032,18590,510
brc201d,1033,12867,492
brc201d,1034,14728,498
brc201d,1035,15685,474
brc201d,1036,17101,473
brc201d,1037,17235,496
brc201d,1038,9433,495
brc201d,1039,12270,491
brc201d,1040,16914,484
brc201d,1041,18269,493
brc201d,1042,17312,484
brc201d,1043,12685,501
brc201d,1044,17128,479
brc201d,1045,17722,486
brc201d,1046,17018,482
brc201d,1047,9836,494
brc201d,1048,18542,493
brc201d,1049,17316,485
brc201d,1050,10412,489
brc201d,1051,16553,511
brc201d,1052,10842,507
brc201d,1053,18764,493
brc201d,1054,11426,493
brc201d,1055,17221,491
brc201d,1056,17074,487
brc201d,1057,11792,502
brc201d,1058,16219,492
brc201d,1059,16840,494
brc201d,1060,11556,510
brc201d,1061,18253,497
brc201d,1062,18112,488
brc201d,1063,15159,507
brc201d,1064,9761,494
brc201d,1065,18177,518
brc201d,1066,10257,497
brc201d,1067,13778,519
brc201d,1068,19133,495
brc201d,1069,16672,511
brc201d,1070,15462,521
brc201d,1071,11332,497
brc201d,1072,14582,504
brc201d,1073,10278,495
brc201d,1074,12791,515
brc201d,1075,13488,507
brc201d,1076,10429,502
brc201d,1077,17515,495
brc201d,1078,9671,502
brc201d,1079,18660,497
brc201d,1080,11196,512
brc201d,1081,16756,514
brc201d,1082,10423,498
brc201d,1083,9916,514
brc201d,1084,17154,506
brc201d,1085,18190,536
brc201d,1086,10572,513
brc201d,1087,11300,506
brc201d,1088,10195,499
brc201d,1089,9595,514
brc201d,1090,9895,507
brc201d,1091,18205,534
brc201d,1092,18621,535
brc201d,1093,11037,510
brc201d,1094,11238,517
brc201d,1095,10332,520
brc201d,1096,13962,537
brc201d,1097,17263,505
brc201d,1098,12489,520
brc201d,1099,16026,524
brc201d,1100,18811,540
brc201d,1101,17078,511
brc201d,1102,17724,516
brc201d,1103,11814,528
brc201d,1104,13153,513
brc201d,1105,18735,546
brc201d,1106,20918,524
brc201d,1107,19370,529
brc201d,1108,16879,527
brc201d,1109,13562,535
brc201d,1110,19432,538
brc201d,1111,19966,522
brc201d,1112,15277,522
brc201d,1113,16067,546
brc201d,1114,10026,527
brc201d,1115,14392,542
brc201d,1116,17644,513
brc201d,1117,12593,518
brc201d,1118,16950,532
brc201d,1119,17303,545
brc201d,1120,20865,531
brc201d,1121,10980,519
brc201d,1122,12655,532
brc201d,1123,17835,518
brc201d,1124,20897,534
brc201d,1125,20236,540
brc201d,1126,9907,529
brc201d,1127,12309,515
brc201d,1128,11821,520
brc201d,1129,10435,517
brc201d,1130,18195,526
brc201d,1131,15978,551
brc201d,1132,16630,548
brc201d,1133,20291,526
brc201d,1134,15359,553
brc201d,1135,11387,519
brc201d,1136,15886,544
brc201d,1137,15916,539
brc201d,1138,13468,552
brc201d,1139,10782,533
brc201d,1140,17107,532
brc201d,1141,20655,537
brc201d,1142,11930,528
brc201d,1143,15456,558
brc201d,1144,15507,532
brc201d,1145,17773,530
brc201d,1146,19558,534
brc201d,1147,13943,559
brc201d,1148,19067,562
brc201d,1149,13468,526
brc201d,1150,19773,541
brc201d,1151,20262,538
brc201d,1152,17289,538
brc201d,1153,11975,546
brc201d,1154,18923,563
brc201d,1155,19728,558
brc201d,1156,18947,533
brc201d,1157,18110,528
brc201d,1158,15109,538
brc201d,1159,17065,535
brc201d,1160,11819,532
brc201d,1161,17033,541
brc201d,1162,17861,550
brc201d,1163,10702,561
brc201d,1164,15508,535
brc201d,1165,20288,559
brc201d,1166,17874,548
brc201d,1167,15971,548
brc201d,1168,19917,565
brc201d,1169,17139,535
brc201d,1170,19856,566
brc201d,1171,10326,550
brc201d,1172,19811,571
brc201d,1173,11325,539
brc201d,1174,17389,567
brc201d,1175,15948,576
brc201d,1176,17924,544
brc201d,1177,19353,555
brc201d,1178,10600,547
brc201d,1179,16669,539
brc201d,1180,12089,542
brc201d,1181,14798,559
brc201d,1182,14743,582
brc201d,1183,11881,548
brc201d,1184,11549,547
brc201d,1185,16992,541
brc201d,1186,16137,584
brc201d,1187,17338,552
brc201d,1188,18741,546
brc201d,1189,17188,550
brc201d,1190,12229,550
brc201d,1191,17885,573
brc201d,1192,17307,577
brc201d,1193,12068,552
brc201d,1194,16184,552
brc201d,1195,18636,585
brc201d,1196,12236,546
brc201d,1197,19256,584
brc201d,1198,21006,562
brc201d,1199,11605,548
brc201d,1200,12184,550
brc201d,1201,17163,566
brc201d,1202,19738,588
brc201d,1203,14386,588
brc201d,1204,18362,590
brc201d,1205,15511,567
brc201d,1206,14756,562
brc201d,1207,20068,573
brc201d,1208,13915,560
brc201d,1209,17621,552
brc201d,1210,10748,571
brc201d,1211,20182,558
brc201d,1212,15864,604
brc201d,1213,19668,595
brc201d,1214,20731,579
brc201d,1215,12380,562
brc201d,1216,17700,561
brc201d,1217,17611,563
brc201d,1218,17022,562
brc201d,1219,12098,565
brc201d,1220,14959,600
brc201d,1221,12149,556
brc201d,1222,18528,562
brc201d,1223,20402,565
brc201d,1224,15097,600
brc201d,1225,11622,556
brc201d,1226,11035,577
brc201d,1227,11510,574
brc201d,1228,18647,602
brc201d,1229,19315,563
brc201d,1230,16229,571
brc201d,1231,20044,603
brc201d,1232,20217,594
brc201d,1233,12862,577
brc201d,1234,18847,611
brc201d,1235,12789,573
brc201d,1236,11801,574
brc201d,1237,19676,607
brc201d,1238,11901,561
brc201d,1239,18704,608
brc201d,1240,12120,579
brc201d,1241,18769,572
brc201d,1242,18879,608
brc201d,1243,13887,605
brc201d,1244,17677,581
brc201d,1245,18030,579
brc201d,1246,20340,577
brc201d,1247,14149,614
brc201d,1248,11624,579
brc201d,1249,15691,574
brc201d,1250,16483,578
brc201d,1251,19306,577
brc201d,1252,13333,604
brc201d,1253,19085,583
brc201d,1254,13208,583
brc201d,1255,18387,589
brc201d,1256,17782,580
brc201d,1257,20020,578
brc201d,1258,16526,589
brc201d,1259,13024,598
brc201d,1260,19587,619
brc201d,1261,17658,589
brc201d,1262,17787,577
brc201d,1263,18610,588
brc201d,1264,20324,604
brc201d,1265,20299,611
brc201d,1266,16345,621
brc201d,1267,17522,594
brc201d,1268,12474,583
brc201d,1269,18839,576
brc201d,1270,19566,631
brc201d,1271,19346,625
brc201d,1272,11979,591
brc201d,1273,20066,591
brc201d,1274,18282,580
brc201d,1275,19535,576
brc201d,1276,11918,583
brc201d,1277,20677,584
brc201d,1278,18169,622
brc201d,1279,19533,621
brc201d,1280,13367,593
brc201d,1281,17672,613
brc201d,1282,18530,622
brc201d,1283,11926,598
brc201d,1284,17638,598
brc201d,1285,19271,635
brc201d,1286,17564,596
brc201d,1287,13302,584
brc201d,1288,11966,589
brc201d,1289,16754,597
brc201d,1290,18761,596
brc201d,1291,16107,642
brc201d,1292,17773,592
brc201d,1293,14964,601
brc201d,1294,13783,600
brc201d,1295,18670,641
brc201d,1296,15730,588
brc201d,1297,18086,626
brc201d,1298,13348,593
brc201d,1299,16960,617
brc201d,1300,13133,597
brc201d,1301,17305,624
brc201d,1302,18465,603
brc201d,1303,17678,600
brc201d,1304,17718,610
brc201d,1305,13347,600
brc201d,1306,12100,601
brc201d,1307,18627,610
brc201d,1308,20896,608
brc201d,1309,17204,618
brc201d,1310,15403,636
brc201d,1311,13038,605
brc201d,1312,14128,604
brc201d,1313,12796,608
brc201d,1314,12597,599
brc201d,1315,20104,618
brc201d,1316,17075,606
brc201d,1317,16133,643
brc201d,1318,17413,606
brc201d,1319,16726,634
brc201d,1320,13462,619
brc201d,1321,17143,609
brc201d,1322,17308,603
brc201d,1323,12316,607
brc201d,1324,16947,607
brc201d,1325,20383,638
brc201d,1326,15625,610
brc201d,1327,14073,597
brc201d,1328,12955,621
brc201d,1329,20783,624
brc201d,1330,15279,653
brc201d,1331,18791,660
brc201d,1332,19078,645
brc201d,1333,19978,655
brc201d,1334,14702,654
brc201d,1335,12966,612
brc201d,1336,13236,609
brc201d,1337,17126,632
brc201d,1338,20779,631
brc201d,1339,13914,612
brc201d,1340,12645,611
brc201d,1341,18047,620
brc201d,1342,13591,619
brc201d,1343,20882,632
brc201d,1344,19645,615
brc201d,1345,20433,624
brc201d,1346,20718,616
brc201d,1347,12374,619
brc201d,1348,18063,622
brc201d,1349,13095,610
brc201d,1350,14467,630
brc201d,1351,19019,666
brc201d,1352,16226,640
brc201d,1353,19755,672
brc201d,1354,18607,635
brc201d,1355,13418,619
brc201d,1356,15748,623
brc201d,1357,18246,655
brc201d,1358,16195,666
brc201d,1359,21066,628
brc201d,1360,18789,643
brc201d,1361,19770,671
brc201d,1362,18845,642
brc201d,1363,13710,635
brc201d,1364,20017,634
brc201d,1365,12794,640
brc201d,1366,16172,643
brc201d,1367,20345,643
brc201d,1368,19199,619
brc201d,1369,18823,624
brc201d,1370,15808,669
brc201d,1371,16311,633
brc201d,1372,13563,639
brc201d,1373,18771,639
brc201d,1374,15540,680
brc201d,1375,13940,622
brc201d,1376,19473,648
brc201d,1377,16567,669
brc201d,1378,13627,631
brc201d,1379,15005,647
brc201d,1380,16403,633
brc201d,1381,20404,635
brc201d,1382,20393,635
brc201d,1383,20100,638
brc201d,1384,15062,642
brc201d,1385,19755,634
brc201d,1386,19383,645
brc201d,1387,17538,626
brc201d,1388,15901,671
brc201d,1389,15186,686
brc201d,1390,20675,658
brc201d,1391,14097,641
brc201d,1392,19896,654
brc201d,1393,14836,686
brc201d,1394,14896,637
brc201d,1395,20751,664
brc201d,1396,19089,683
brc201d,1397,20437,651
brc201d,1398,18712,633
brc201d,1399,20738,665
brc201d,1400,20411,682
brc201d,1401,13979,658
brc201d,1402,19304,637
brc201d,1403,20245,653
brc201d,1404,20950,661
brc201d,1405,18175,637
brc201d,1406,17003,659
brc201d,1407,14642,644
brc201d,1408,14801,660
brc201d,1409,20664,672
brc201d,1410,15580,641
brc201d,1411,14020,681
brc201d,1412,18037,677
brc201d,1413,19715,647
brc201d,1414,16141,665
brc201d,1415,15963,664
brc201d,1416,20751,668
brc201d,1417,17602,667
brc201d,1418,19038,684
brc201d,1419,13680,678
brc201d,1420,18802,652
brc201d,1421,14871,643
brc201d,1422,16080,658
brc201d,1423,15653,662
brc201d,1424,20477,660
brc201d,1425,19803,659
brc201d,1426,20589,687
brc201d,1427,16628,667
brc201d,1428,16137,696
brc201d,1429,18925,645
brc201d,1430,17943,672
brc201d,1431,17104,684
brc201d,1432,15636,661
brc201d,1433,19134,695
brc201d,1434,20576,672
brc201d,1435,20937,665
brc201d,1436,20149,697
brc201d,1437,20574,666
brc201d,1438,15808,669
brc201d,1439,19284,696
brc201d,1440,15706,664
brc201d,1441,14572,702
brc201d,1442,20644,662
brc201d,1443,16027,680
brc201d,1444,19965,674
brc201d,1445,18837,656
brc201d,1446,16191,703
brc201d,1447,16246,676
brc201d,1448,19228,699
brc201d,1449,15194,681
brc201d,1450,21006,692
brc201d,1451,14517,706
brc201d,1452,16008,672
brc201d,1453,18717,658
brc201d,1454,16732,658
brc201d,1455,17709,679
brc201d,1456,20155,667
brc201d,1457,15196,714
brc201d,1458,18428,655
brc201d,1459,16736,666
brc201d,1460,19737,659
brc201d,1461,18121,668
brc201d,1462,20807,680
brc201d,1463,18661,692
brc201d,1464,17017,666
brc201d,1465,16860,672
brc201d,1466,16817,663
brc201d,1467,19229,709
brc201d,1468,16569,668
brc201d,1469,21046,676
brc201d,1470,16665,689
brc201d,1471,16015,727
brc201d,1472,17525,677
brc201d,1473,17451,695
brc201d,1474,18846,677
brc201d,1475,16582,714
brc201d,1476,17643,703
brc201d,1477,18829,717
brc201d,1478,17320,710
brc201d,1479,16095,685
brc201d,1480,16780,676
brc201d,1481,20040,717
brc201d,1482,15852,730
brc201d,1483,15958,728
brc201d,1484,17024,675
brc201d,1485,16450,695
brc201d,1486,18767,720
brc201d,1487,19490,714
brc201d,1488,17527,682
brc201d,1489,16388,668
brc201d,1490,19314,707
brc201d,1491,19473,690
brc201d,1492,16666,729
brc201d,1493,14717,722
brc201d,1494,16305,739
brc201d,1495,19615,709
brc201d,1496,18369,712
brc201d,1497,18796,720
brc201d,1498,16684,724
brc201d,1499,17459,710
brc201d,1500,18958,687
brc201d,1501,14669,726
brc201d,1502,19371,687
brc201d,1503,16864,725
brc201d,1504,19169,690
brc201d,1505,14185,716
brc201d,1506,16622,692
brc201d,1507,18309,718
brc201d,1508,16900,730
brc201d,1509,16095,738
brc201d,1510,18770,712
brc201d,1511,16624,714
brc201d,1512,19362,684
brc201d,1513,20092,745
brc201d,1514,17842,693
brc201d,1515,16484,740
brc201d,1516,17613,710
brc201d,1517,14567,731
brc201d,1518,14505,730
brc201d,1519,20374,735
brc201d,1520,16770,696
brc201d,1521,18799,713
brc201d,1522,18647,733
brc201d,1523,17753,716
brc201d,1524,19776,720
brc201d,1525,17157,732
brc201d,1526,18476,683
brc201d,1527,16125,747
brc201d,1528,17441,729
brc201d,1529,14306,726
brc201d,1530,20360,725
brc201d,1531,19801,699
brc201d,1532,18638,704
brc201d,1533,17439,734
brc201d,1534,17069,739
brc201d,1535,14909,740
brc201d,1536,14984,748
brc201d,1537,17821,708
brc201d,1538,16720,748
brc201d,1539,19923,692
brc201d,1540,20469,752
brc201d,1541,17513,722
brc201d,1542,18140,730
brc201d,1543,17703,732
brc201d,1544,16440,750
brc201d,1545,20268,710
brc201d,1546,17278,734
brc201d,1547,20497,706
brc201d,1548,15014,750
brc201d,1549,16677,747
brc201d,1550,20165,763
brc201d,1551,20392,731
brc201d,1552,19006,751
brc201d,1553,15246,748
brc201d,1554,17407,732
brc201d,1555,17021,695
brc201d,1556,16406,759
brc201d,1557,19206,732
brc201d,1558,18054,731
brc201d,1559,17466,740
brc201d,1560,20523,738
brc201d,1561,18067,746
brc201d,1562,20758,712
brc201d,1563,17073,714
brc201d,1564,20634,761
brc201d,1565,18748,751
brc201d,1566,18878,751
brc201d,1567,17291,719
brc201d,1568,16046,767
brc201d,1569,18656,747
brc201d,1570,17865,724
brc201d,1571,21007,752
brc201d,1572,20042,743
brc201d,1573,21000,753
brc201d,1574,19853,764
brc201d,1575,17351,715
brc201d,1576,20625,758
brc201d,1577,18509,743
brc201d,1578,16978,724
brc201d,1579,18201,746
brc201d,1580,15739,773
brc201d,1581,20340,775
brc201d,1582,19155,729
brc201d,1583,20047,757
brc201d,1584,14854,759
brc201d,1585,20107,767
brc201d,1586,19893,776
brc201d,1587,20342,773
brc201d,1588,17938,752
brc201d,1589,16410,771
brc201d,1590,17997,763
brc201d,1591,17652,747
brc201d,1592,17467,759
brc201d,1593,18825,765
brc201d,1594,18608,761
brc201d,1595,20090,773
brc201d,1596,18513,755
brc201d,1597,20963,759
brc201d,1598,17054,731
brc201d,1599,20294,724
brc201d,1600,18022,766
brc201d,1601,17297,767
brc201d,1602,17554,746
brc201d,1603,18218,754
brc201d,1604,17329,774
brc201d,1605,16910,739
brc201d,1606,19698,740
brc201d,1607,14960,766
brc201d,1608,21035,740
brc201d,1609,20564,769
brc201d,1610,16655,787
brc201d,1611,18203,762
brc201d,1612,19301,774
brc201d,1613,21041,780
brc201d,1614,19822,783
brc201d,1615,17788,733
brc201d,1616,18353,762
brc201d,1617,18535,766
brc201d,1618,14923,770
brc201d,1619,18464,770
brc201d,1620,20410,790
brc201d,1621,19244,759
brc201d,1622,18021,777
brc201d,1623,20529,750
brc201d,1624,20059,774
brc201d,1625,18650,781
brc201d,1626,20426,769
brc201d,1627,18000,772
brc201d,1628,20065,740
brc201d,1629,18022,778
brc201d,1630,18789,778
brc201d,1631,19466,781
brc201d,1632,19680,765
brc201d,1633,20350,792
brc201d,1634,18390,778
brc201d,1635,18351,777
brc201d,1636,17676,756
brc201d,1637,19459,791
brc201d,1638,19862,790
brc201d,1639,18230,770
brc201d,1640,16962,796
brc201d,1641,16162,790
brc201d,1642,18502,785
brc201d,1643,18150,769
brc201d,1644,15669,782
brc201d,1645,18067,790
brc201d,1646,18576,783
brc201d,1647,20795,782
brc201d,1648,19621,780
brc201d,1649,16826,792
brc201d,1650,20216,789
brc201d,1651,19480,790
brc201d,1652,19158,788
brc201d,1653,18437,782
brc201d,1654,16232,799
brc201d,1655,18293,776
brc201d,1656,19718,799
brc201d,1657,18858,787
brc201d,1658,18309,790
brc201d,1659,20256,806
brc201d,1660,18412,798
brc201d,1661,16056,809
brc201d,1662,20817,794
brc201d,1663,18971,793
brc201d,1664,19128,799
brc201d,1665,20204,792
brc201d,1666,16941,803
brc201d,1667,19011,793
brc201d,1668,18898,791
brc201d,1669,15260,788
brc201d,1670,18740,798
brc201d,1671,18583,791
brc201d,1672,18371,801
brc201d,1673,18690,795
brc201d,1674,16532,811
brc201d,1675,19518,804
brc201d,1676,18805,801
brc201d,1677,18593,796
brc201d,1678,16607,811
brc201d,1679,15746,804
brc201d,1680,17656,806
brc201d,1681,19380,792
brc201d,1682,18477,812
brc201d,1683,18445,798
brc201d,1684,18880,800
brc201d,1685,18881,812
brc201d,1686,17963,801
brc201d,1687,21036,810
brc201d,1688,20205,815
brc201d,1689,18676,806
brc201d,1690,20100,813
brc201d,1691,18511,812
brc201d,1692,16293,817
brc201d,1693,16069,818
brc201d,1694,18536,807
brc201d,1695,19845,813
brc201d,1696,20216,813
brc201d,1697,16706,818
brc201d,1698,19551,804
brc201d,1699,18798,810
brc201d,1700,20183,821
brc201d,1701,16876,820
brc201d,1702,17013,826
brc201d,1703,18488,823
brc201d,1704,19957,809
brc201d,1705,20330,825
brc201d,1706,18491,817
brc201d,1707,19495,808
brc201d,1708,18645,812
brc201d,1709,16739,821
brc201d,1710,18800,817
brc201d,1711,16045,823
brc201d,1712,19026,819
brc201d,1713,19141,820
brc201d,1714,19492,823
brc201d,1715,17787,817
brc201d,1716,19950,827
brc201d,1717,18979,821
brc201d,1718,20727,825
brc201d,1719,19037,823
brc201d,1720,16156,821
brc201d,1721,20595,828
brc201d,1722,17323,828
brc201d,1723,20021,828
brc201d,1724,21045,827
brc201d,1725,18577,822
brc201d,1726,17235,831
brc201d,1727,20387,833
brc201d,1728,19635,820
brc201d,1729,20056,831
brc201d,1730,18717,823
brc201d,1731,17498,829
brc201d,1732,18853,823
brc201d,1733,19588,833
brc201d,1734,18728,832
brc201d,1735,17447,831
brc201d,1736,20266,827
brc201d,1737,17373,828
brc201d,1738,17738,820
brc201d,1739,18815,820
brc201d,1740,19486,843
brc201d,1741,20501,838
brc201d,1742,20832,836
brc201d,1743,18713,817
brc201d,1744,20662,836
brc201d,1745,20421,838
brc201d,1746,16641,840
brc201d,1747,16995,842
brc201d,1748,18518,836
brc201d,1749,17995,826
brc201d,1750,17442,840
brc201d,1751,18635,840
brc201d,1752,18725,841
brc201d,1753,19048,836
brc201d,1754,18852,842
brc201d,1755,20251,842
brc201d,1756,17733,840
brc201d,1757,16758,842
brc201d,1758,18667,839
brc201d,1759,20502,843
brc201d,1760,20511,845
brc201d,1761,17479,840
brc201d,1762,19373,838
brc201d,1763,19096,835
brc201d,1764,19487,838
brc201d,1765,19878,847
brc201d,1766,17262,851
brc201d,1767,18699,843
brc201d,1768,19163,840
brc201d,1769,18785,831
brc201d,1770,20006,842
brc201d,1771,20192,850
brc201d,1772,20847,851
brc201d,1773,20136,846
brc201d,1774,20038,850
brc201d,1775,17274,850
brc201d,1776,20900,846
brc201d,1777,16524,853
brc201d,1778,20961,851
brc201d,1779,20752,856
brc201d,1780,18555,849
brc201d,1781,17123,855
brc201d,1782,20390,853
brc201d,1783,18183,854
brc201d,1784,20700,856
brc201d,1785,19473,850
brc201d,1786,19448,847
brc201d,1787,17056,856
brc201d,1788,20352,852
brc201d,1789,18926,855
brc201d,1790,19501,851
brc201d,1791,19007,862
brc201d,1792,19190,854
brc201d,1793,20574,861
brc201d,1794,17546,855
brc201d,1795,20329,862
brc201d,1796,19221,860
brc201d,1797,18607,854
brc201d,1798,19977,858
brc201d,1799,20691,855
brc201d,1800,19234,862
brc201d,1801,16737,866
brc201d,1802,16986,864
brc201d,1803,17327,866
brc201d,1804,20442,863
brc201d,1805,20033,858
brc201d,1806,19565,862
brc201d,1807,18009,867
brc201d,1808,20724,860
brc201d,1809,20952,866
brc201d,1810,19172,859
brc201d,1811,19114,863
brc201d,1812,18977,868
brc201d,1813,18681,855
brc201d,1814,20798,869
brc201d,1815,18635,873
brc201d,1816,18889,862
brc201d,1817,19606,867
brc201d,1818,16870,868
brc201d,1819,20204,869
brc201d,1820,19896,881
brc201d,1821,19151,856
brc201d,1822,20943,874
brc201d,1823,16740,868
brc201d,1824,19112,870
brc201d,1825,19500,863
brc201d,1826,18531,876
brc201d,1827,17873,878
brc201d,1828,20822,871
brc201d,1829,19056,865
brc201d,1830,19960,883
brc201d,1831,20294,871
brc201d,1832,19131,874
brc201d,1833,20155,883
brc201d,1834,20946,874
brc201d,1835,19436,861
brc201d,1836,20262,877
brc201d,1837,17619,880
brc201d,1838,19816,879
brc201d,1839,19293,873
brc201d,1840,19435,874
brc201d,1841,19291,886
brc201d,1842,19638,879
brc201d,1843,20952,881
brc201d,1844,20349,878
brc201d,1845,17090,878
brc201d,1846,19610,876
brc201d,1847,18035,873
brc201d,1848,19552,875
brc201d,1849,19463,865
brc201d,1850,20876,888
brc201d,1851,19634,892
brc201d,1852,19017,881
brc201d,1853,17630,886
brc201d,1854,17549,883
brc201d,1855,19422,881
brc201d,1856,19844,881
brc201d,1857,18640,877
brc201d,1858,19327,870
brc201d,1859,19752,889
brc201d,1860,19481,894
brc201d,1861,19907,880
brc201d,1862,20627,890
brc201d,1863,20052,896
brc201d,1864,17219,888
brc201d,1865,19450,900
brc201d,1866,19677,894
brc201d,1867,17169,885
brc201d,1868,20296,887
brc201d,1869,17713,889
brc201d,1870,18099,889
brc201d,1871,19678,889
brc201d,1872,20907,897
brc201d,1873,17474,893
brc201d,1874,19739,891
brc201d,1875,19852,887
brc201d,1876,19786,882
brc201d,1877,20021,904
brc201d,1878,19376,901
brc201d,1879,19774,887
brc201d,1880,17207,893
brc201d,1881,18355,904
brc201d,1882,17229,894
brc201d,1883,18859,898
brc201d,1884,18208,898
brc201d,1885,21051,908
brc201d,1886,17130,894
brc201d,1887,19859,901
brc201d,1888,20589,891
brc201d,1889,17029,895
brc201d,1890,21000,902
brc201d,1891,20348,894
brc201d,1892,18814,906
brc201d,1893,19949,912
brc201d,1894,17380,897
brc201d,1895,19913,908
brc201d,1896,17472,896
brc201d,1897,20846,897
brc201d,1898,18690,904
brc201d,1899,19417,909
brc201d,1900,19783,914
brc201d,1901,18825,902
brc201d,1902,17463,906
brc201d,1903,20724,903
brc201d,1904,18334,912
brc201d,1905,20089,912
brc201d,1906,18819,909
brc201d,1907,19749,903
brc201d,1908,19231,913
brc201d,1909,18931,903
brc201d,1910,19863,914
brc201d,1911,19964,912
brc201d,1912,17139,908
brc201d,1913,20291,913
brc201d,1914,19622,912
brc201d,1915,17665,909
brc201d,1916,19722,912
brc201d,1917,20403,910
brc201d,1918,20240,917
brc201d,1919,19764,916
brc201d,1920,19888,929
brc201d,1921,20729,924
brc201d,1922,18124,910
brc201d,1923,20048,926
brc201d,1924,20027,909
brc201d,1925,20057,921
brc201d,1926,19864,922
brc201d,1927,20267,915
brc201d,1928,19955,923
brc201d,1929,19736,925
brc201d,1930,19869,930
brc201d,1931,19977,925
brc201d,1932,19619,924
brc201d,1933,19765,931
brc201d,1934,18145,913
brc201d,1935,20363,913
brc201d,1936,18826,922
brc201d,1937,17453,912
brc201d,1938,19980,917
brc201d,1939,20433,930
brc201d,1940,20164,927
brc201d,1941,17715,921
brc201d,1942,19958,918
brc201d,1943,20585,922
brc201d,1944,20234,927
brc201d,1945,20000,932
brc201d,1946,20462,919
brc201d,1947,20463,919
brc201d,1948,19330,928
brc201d,1949,17766,919
brc201d,1950,18773,922
brc201d,1951,20086,922
brc201d,1952,19764,933
brc201d,1953,20820,936
brc201d,1954,20394,926
brc201d,1955,20393,930
brc201d,1956,20518,930
brc201d,1957,17651,925
brc201d,1958,20013,937
brc201d,1959,18540,925
brc201d,1960,20510,934
brc201d,1961,18393,935
brc201d,1962,17752,929
brc201d,1963,19640,939
brc201d,1964,19208,939
brc201d,1965,20272,935
brc201d,1966,20434,924
brc201d,1967,19900,944
brc201d,1968,20812,942
brc201d,1969,19175,935
brc201d,1970,18906,938
brc201d,1971,20525,933
brc201d,1972,18428,932
brc201d,1973,19283,935
brc201d,1974,20486,935
brc201d,1975,20093,948
brc201d,1976,20345,942
brc201d,1977,20460,944
brc201d,1978,20684,933
brc201d,1979,17886,932
brc201d,1980,20378,947
brc201d,1981,20913,949
brc201d,1982,17449,931
brc201d,1983,20023,939
brc201d,1984,20526,948
brc201d,1985,20669,938
brc201d,1986,21050,952
brc201d,1987,20212,941
brc201d,1988,18654,934
brc201d,1989,20657,941
brc201d,1990,20991,939
brc201d,1991,20623,955
brc201d,1992,18488,934
brc201d,1993,21061,958
brc201d,1994,20794,939
brc201d,1995,20265,935
brc201d,1996,17493,943
brc201d,1997,20605,943
brc201d,1998,21065,955
brc201d,1999,20856,942
brc201d,2000,20418,951
brc201d,2001,18026,949
brc201d,2002,20522,946
brc201d,2003,20944,947
brc201d,2004,18992,950
brc201d,2005,17705,945
brc201d,2006,20310,951
brc201d,2007,20748,960
brc201d,2008,20591,952
brc201d,2009,18294,944
brc201d,2010,20484,949
brc201d,2011,20759,956
brc201d,2012,18342,947
brc201d,2013,20604,957
brc201d,2014,17822,948
brc201d,2015,20789,950
brc201d,2016,18962,947
brc201d,2017,20561,949
brc201d,2018,20494,954
brc201d,2019,17513,946
brc201d,2020,20744,956
brc201d,2021,20785,951
brc201d,2022,20495,960
brc201d,2023,20404,955
brc201d,2024,20485,960
brc201d,2025,18714,954
brc201d,2026,20384,969
brc201d,2027,20281,959
brc201d,2028,20705,959
brc201d,2029,18093,951
brc201d,2030,21042,961
brc201d,2031,19771,964
brc201d,2032,19432,960
brc201d,2033,20372,971
brc201d,2034,20890,955
brc201d,2035,20481,960
brc201d,2036,18673,964
brc201d,2037,20914,960
brc201d,2038,19921,959
brc201d,2039,19320,965
brc201d,2040,18985,959
brc201d,2041,20632,964
brc201d,2042,20932,973
brc201d,2043,20621,970
brc201d,2044,20969,967
brc201d,2045,20996,963
brc201d,2046,20639,973
brc201d,2047,19140,967
brc201d,2048,20957,969
brc201d,2049,19094,958
brc201d,2050,20921,971
brc201d,2051,20419,985
brc201d,2052,20884,971
brc201d,2053,20865,982
brc201d,2054,20974,969
brc201d,2055,18053,965
brc201d,2056,20569,973
brc201d,2057,20001,975
brc201d,2058,20658,976
brc201d,2059,20677,974
brc201d,2060,20842,973
brc201d,2061,18865,972
brc201d,2062,20631,977
brc201d,2063,20880,987
brc201d,2064,19479,976
brc201d,2065,20609,979
brc201d,2066,20676,981
brc201d,2067,19864,974
brc201d,2068,20817,968
brc201d,2069,19205,969
brc201d,2070,18576,981
brc201d,2071,18276,969
brc201d,2072,20778,973
brc201d,2073,20835,979
brc201d,2074,20815,986
brc201d,2075,21028,976
brc201d,2076,20982,987
brc201d,2077,19557,969
brc201d,2078,20739,975
brc201d,2079,20932,972
brc201d,2080,20465,991
brc201d,2081,20618,986
brc201d,2082,20962,984
brc201d,2083,20870,978
brc201d,2084,18829,975
brc201d,2085,19333,974
brc201d,2086,20841,994
brc201d,2087,18633,984
brc201d,2088,19468,986
brc201d,2089,20917,978
brc202d,0,4,1
brc202d,1,8,2
brc202d,2,35,4
brc202d,3,17,3
brc202d,4,10,3
brc202d,5,11,2
brc202d,6,5,1
brc202d,7,3,1
brc202d,8,13,2
brc202d,9,1,0
brc202d,10,109,7
brc202d,11,179,9
brc202d,12,55,7
brc202d,13,95,8
brc202d,14,135,9
brc202d,15,62,6
brc202d,16,138,8
brc202d,17,119,8
brc202d,18,105,7
brc202d,19,47,6
brc202d,20,162,14
brc202d,21,279,12
brc202d,22,59,13
brc202d,23,217,11
brc202d,24,395,16
brc202d,25,241,14
brc202d,26,210,13
brc202d,27,141,10
brc202d,28,320,13
brc202d,29,303,14
brc202d,30,343,17
brc202d,31,321,14
brc202d,32,472,16
brc202d,33,350,17
brc202d,34,125,13
brc202d,35,325,19
brc202d,36,264,13
brc202d,37,418,19
brc202d,38,513,21
brc202d,39,430,17
brc202d,40,640,22
brc202d,41,194,22
brc202d,42,533,22
brc202d,43,918,23
brc202d,44,688,20
brc202d,45,448,21
brc202d,46,681,19
brc202d,47,514,20
brc202d,48,367,19
brc202d,49,250,18
brc202d,50,737,25
brc202d,51,814,26
brc202d,52,1098,26
brc202d,53,718,26
brc202d,54,948,24
brc202d,55,696,31
brc202d,56,499,26
brc202d,57,440,23
brc202d,58,483,26
brc202d,59,507,24
brc202d,60,921,29
brc202d,61,670,32
brc202d,62,745,35
brc202d,63,1454,29
brc202d,64,1047,28
brc202d,65,1484,30
brc202d,66,790,27
brc202d,67,763,32
brc202d,68,1020,30
brc202d,69,550,26
brc202d,70,859,40
brc202d,71,1224,39
brc202d,72,2005,37
brc202d,73,2316,38
brc202d,74,1867,39
brc202d,75,1996,37
brc202d,76,715,36
brc202d,77,1035,36
brc202d,78,726,31
brc202d,79,1501,38
brc202d,80,2013,44
brc202d,81,980,38
brc202d,82,2751,41
brc202d,83,2028,40
brc202d,84,1041,42
brc202d,85,1008,37
brc202d,86,758,43
brc202d,87,1542,40
brc202d,88,2163,37
brc202d,89,1424,39
brc202d,90,1151,44
brc202d,91,3151,43
brc202d,92,4129,52
brc202d,93,1095,45
brc202d,94,3106,46
brc202d,95,1608,42
brc202d,96,1211,41
brc202d,97,2096,46
brc202d,98,1414,48
brc202d,99,1826,42
brc202d,100,1387,45
brc202d,101,2636,46
brc202d,102,1513,46
brc202d,103,2549,58
brc202d,104,2474,49
brc202d,105,3390,46
brc202d,106,1194,48
brc202d,107,1040,45
brc202d,108,1188,54
brc202d,109,1777,48
brc202d,110,2147,48
brc202d,111,934,56
brc202d,112,4558,64
brc202d,113,3742,51
brc202d,114,3612,49
brc202d,115,3607,52
brc202d,116,2334,52
brc202d,117,2373,56
brc202d,118,3440,51
brc202d,119,2618,63
brc202d,120,2930,53
brc202d,121,3187,58
brc202d,122,2094,59
brc202d,123,1495,56
brc202d,124,1828,63
brc202d,125,4342,57
brc202d,126,2768,62
brc202d,127,2081,54
brc202d,128,3883,63
brc202d,129,1335,61
brc202d,130,1384,57
brc202d,131,2067,58
brc202d,132,1485,55
brc202d,133,1909,57
brc202d,134,5807,71
brc202d,135,3616,73
brc202d,136,4180,68
brc202d,137,2689,58
brc202d,138,4633,69
brc202d,139,4401,58
brc202d,140,5406,69
brc202d,141,3752,62
brc202d,142,3613,66
brc202d,143,4187,69
brc202d,144,1732,66
brc202d,145,4922,67
brc202d,146,3086,70
brc202d,147,3096,71
brc202d,148,4169,67
brc202d,149,4164,75
brc202d,150,3866,78
brc202d,151,2474,61
brc202d,152,3249,71
brc202d,153,1673,67
brc202d,154,4668,75
brc202d,155,5740,80
brc202d,156,2942,75
brc202d,157,4163,69
brc202d,158,4505,70
brc202d,159,5686,65
brc202d,160,4954,90
brc202d,161,2522,77
brc202d,162,6580,74
brc202d,163,4316,72
brc202d,164,5525,71
brc202d,165,4700,82
brc202d,166,2769,82
brc202d,167,6601,71
brc202d,168,3337,79
brc202d,169,7650,90
brc202d,170,3100,75
brc202d,171,2681,74
brc202d,172,2018,76
brc202d,173,3361,78
brc202d,174,5310,87
brc202d,175,5014,90
brc202d,176,6419,86
brc202d,177,1641,75
brc202d,178,5160,71
brc202d,179,5884,68
brc202d,180,6772,90
brc202d,181,4785,87
brc202d,182,5191,77
brc202d,183,3266,83
brc202d,184,4653,94
brc202d,185,2981,81
brc202d,186,2658,81
brc202d,187,3024,81
brc202d,188,4507,92
brc202d,189,4281,87
brc202d,190,2622,84
brc202d,191,4079,85
brc202d,192,1865,83
brc202d,193,2646,81
brc202d,194,5073,95
brc202d,195,3881,91
brc202d,196,4540,93
brc202d,197,3010,84
brc202d,198,3698,88
brc202d,199,6395,89
brc202d,200,7196,96
brc202d,201,3610,92
brc202d,202,6232,87
brc202d,203,6026,102
brc202d,204,5729,90
brc202d,205,5713,98
brc202d,206,2810,91
brc202d,207,3773,90
brc202d,208,5225,91
brc202d,209,4598,95
brc202d,210,8681,108
brc202d,211,2878,91
brc202d,212,7454,96
brc202d,213,5871,105
brc202d,214,6357,93
brc202d,215,7163,93
brc202d,216,9401,107
brc202d,217,2356,101
brc202d,218,3796,99
brc202d,219,8771,100
brc202d,220,7461,91
brc202d,221,5508,106
brc202d,222,7117,102
brc202d,223,7038,123
brc202d,224,4896,106
brc202d,225,8380,97
brc202d,226,3587,99
brc202d,227,5828,94
brc202d,228,4152,99
brc202d,229,2368,95
brc202d,230,5314,98
brc202d,231,4289,105
brc202d,232,5500,102
brc202d,233,6344,106
brc202d,234,4864,102
brc202d,235,2865,101
brc202d,236,4178,105
brc202d,237,5244,113
brc202d,238,9147,100
brc202d,239,4295,116
brc202d,240,4705,113
brc202d,241,6311,114
brc202d,242,4283,101
brc202d,243,3295,108
brc202d,244,3190,111
brc202d,245,4942,119
brc202d,246,3752,119
brc202d,247,5009,109
brc202d,248,6812,102
brc202d,249,6282,108
brc202d,250,2756,104
brc202d,251,5933,114
brc202d,252,9934,130
brc202d,253,9323,113
brc202d,254,9931,123
brc202d,255,5304,103
brc202d,256,4940,123
brc202d,257,5386,124
brc202d,258,10878,126
brc202d,259,5024,118
brc202d,260,6237,123
brc202d,261,10306,129
brc202d,262,4381,114
brc202d,263,4998,112
brc202d,264,5252,111
brc202d,265,3381,119
brc202d,266,4472,109
brc202d,267,7540,116
brc202d,268,6376,122
brc202d,269,3741,126
brc202d,270,5672,114
brc202d,271,5844,125
brc202d,272,6607,120
brc202d,273,7040,120
brc202d,274,5857,114
brc202d,275,5280,127
brc202d,276,8386,123
brc202d,277,9068,132
brc202d,278,4725,119
brc202d,279,6520,124
brc202d,280,6211,139
brc202d,281,11890,137
brc202d,282,3096,127
brc202d,283,4774,124
brc202d,284,3884,131
brc202d,285,7338,127
brc202d,286,8083,118
brc202d,287,7147,130
brc202d,288,4770,136
brc202d,289,9903,140
brc202d,290,8971,136
brc202d,291,5334,126
brc202d,292,8059,124
brc202d,293,6345,130
brc202d,294,8355,133
brc202d,295,4279,141
brc202d,296,10373,136
brc202d,297,7516,133
brc202d,298,4642,129
brc202d,299,7170,126
brc202d,300,7601,139
brc202d,301,9816,141
brc202d,302,5010,138
brc202d,303,4167,133
brc202d,304,3227,122
brc202d,305,6862,131
brc202d,306,10784,149
brc202d,307,7519,142
brc202d,308,6724,142
brc202d,309,3624,141
brc202d,310,8411,139
brc202d,311,7817,144
brc202d,312,4661,128
brc202d,313,10848,150
brc202d,314,5306,141
brc202d,315,10001,143
brc202d,316,5556,130
brc202d,317,5166,136
brc202d,318,8097,147
brc202d,319,11098,133
brc202d,320,12121,143
brc202d,321,6440,148
brc202d,322,6841,143
brc202d,323,6846,144
brc202d,324,7678,146
brc202d,325,5948,134
brc202d,326,4827,144
brc202d,327,5195,152
brc202d,328,6613,149
brc202d,329,9159,141
brc202d,330,8004,143
brc202d,331,7182,151
brc202d,332,7546,151
brc202d,333,11018,159
brc202d,334,4721,151
brc202d,335,6554,147
brc202d,336,8513,157
brc202d,337,7826,149
brc202d,338,5393,140
brc202d,339,6518,151
brc202d,340,4789,149
brc202d,341,5145,154
brc202d,342,5484,146
brc202d,343,4448,146
brc202d,344,9328,158
brc202d,345,9432,154
brc202d,346,8261,146
brc202d,347,8145,155
brc202d,348,8200,148
brc202d,349,7911,149
brc202d,350,7716,150
brc202d,351,10173,152
brc202d,352,4565,150
brc202d,353,7376,143
brc202d,354,10295,161
brc202d,355,6917,160
brc202d,356,9939,144
brc202d,357,7734,151
brc202d,358,8780,160
brc202d,359,7603,149
brc202d,360,9541,162
brc202d,361,8842,157
brc202d,362,8169,159
brc202d,363,9072,162
brc202d,364,8402,151
brc202d,365,7833,154
brc202d,366,10794,158
brc202d,367,10582,164
brc202d,368,6658,162
brc202d,369,6548,161
brc202d,370,6492,169
brc202d,371,10942,172
brc202d,372,10240,162
brc202d,373,10510,168
brc202d,374,10294,161
brc202d,375,9240,173
brc202d,376,9167,176
brc202d,377,9394,173
brc202d,378,9519,165
brc202d,379,11151,174
brc202d,380,7183,167
brc202d,381,8004,172
brc202d,382,8524,167
brc202d,383,13355,187
brc202d,384,7812,175
brc202d,385,11267,177
brc202d,386,6268,175
brc202d,387,12014,177
brc202d,388,9245,173
brc202d,389,8253,161
brc202d,390,11152,166
brc202d,391,12857,194
brc202d,392,10244,165
brc202d,393,9437,167
brc202d,394,9165,174
brc202d,395,11028,181
brc202d,396,9576,172
brc202d,397,10439,169
brc202d,398,6195,186
brc202d,399,8514,171
brc202d,400,10632,172
brc202d,401,7546,177
brc202d,402,5236,188
brc202d,403,5844,182
brc202d,404,12484,186
brc202d,405,10669,184
brc202d,406,11577,170
brc202d,407,6104,167
brc202d,408,9752,182
brc202d,409,13047,172
brc202d,410,10865,171
brc202d,411,10225,180
brc202d,412,7017,189
brc202d,413,12892,186
brc202d,414,11101,182
brc202d,415,9818,189
brc202d,416,8922,184
brc202d,417,10247,177
brc202d,418,10910,186
brc202d,419,9866,184
brc202d,420,9445,171
brc202d,421,11486,186
brc202d,422,6478,187
brc202d,423,10725,191
brc202d,424,13158,193
brc202d,425,9063,176
brc202d,426,13104,181
brc202d,427,8713,181
brc202d,428,9521,180
brc202d,429,10343,186
brc202d,430,11143,182
brc202d,431,11027,199
brc202d,432,10451,186
brc202d,433,13518,198
brc202d,434,10218,193
brc202d,435,11147,198
brc202d,436,9402,191
brc202d,437,6516,202
brc202d,438,11024,193
brc202d,439,9825,185
brc202d,440,5110,195
brc202d,441,10057,195
brc202d,442,10818,188
brc202d,443,7992,192
brc202d,444,12022,200
brc202d,445,10010,203
brc202d,446,10040,193
brc202d,447,10369,198
brc202d,448,10513,188
brc202d,449,13336,195
brc202d,450,10444,198
brc202d,451,8062,200
brc202d,452,12679,190
brc202d,453,13481,195
brc202d,454,10559,199
brc202d,455,12402,187
brc202d,456,10385,196
brc202d,457,13774,202
brc202d,458,10025,182
brc202d,459,6556,204
brc202d,460,8114,208
brc202d,461,10675,201
brc202d,462,13428,195
brc202d,463,12981,203
brc202d,464,8848,192
brc202d,465,12951,195
brc202d,466,14238,203
brc202d,467,10119,211
brc202d,468,12181,190
brc202d,469,10634,199
brc202d,470,13741,204
brc202d,471,9926,216
brc202d,472,8837,205
brc202d,473,12019,218
brc202d,474,11193,209
brc202d,475,13173,204
brc202d,476,14114,213
brc202d,477,11722,202
brc202d,478,12556,217
brc202d,479,10819,203
brc202d,480,13438,212
brc202d,481,14482,232
brc202d,482,10816,230
brc202d,483,15757,218
brc202d,484,11273,206
brc202d,485,10937,206
brc202d,486,10718,217
brc202d,487,13526,209
brc202d,488,10877,224
brc202d,489,13816,211
brc202d,490,12121,213
brc202d,491,13997,221
brc202d,492,11415,225
brc202d,493,12840,205
brc202d,494,15968,216
brc202d,495,10529,225
brc202d,496,15092,223
brc202d,497,12538,215
brc202d,498,12579,209
brc202d,499,9339,228
brc202d,500,11799,225
brc202d,501,11525,218
brc202d,502,13297,222
brc202d,503,12372,206
brc202d,504,11807,230
brc202d,505,10917,217
brc202d,506,14034,222
brc202d,507,7156,215
brc202d,508,11886,214
brc202d,509,6909,226
brc202d,510,13594,213
brc202d,511,13976,235
brc202d,512,9642,228
brc202d,513,15227,232
brc202d,514,15494,229
brc202d,515,16741,228
brc202d,516,17355,228
brc202d,517,15440,236
brc202d,518,15721,228
brc202d,519,10563,238
brc202d,520,9801,221
brc202d,521,12676,233
brc202d,522,12749,239
brc202d,523,11033,227
brc202d,524,14632,233
brc202d,525,17375,227
brc202d,526,14034,230
brc202d,527,12601,227
brc202d,528,13957,241
brc202d,529,13944,222
brc202d,530,7958,247
brc202d,531,13467,238
brc202d,532,11690,231
brc202d,533,17367,234
brc202d,534,9360,232
brc202d,535,14098,228
brc202d,536,11770,225
brc202d,537,14348,228
brc202d,538,11955,224
brc202d,539,17397,242
brc202d,540,15675,238
brc202d,541,11503,248
brc202d,542,17546,247
brc202d,543,7646,239
brc202d,544,19753,252
brc202d,545,15752,246
brc202d,546,8302,230
brc202d,547,15084,239
brc202d,548,12604,237
brc202d,549,10842,241
brc202d,550,12945,251
brc202d,551,14171,235
brc202d,552,12106,248
brc202d,553,14651,236
brc202d,554,12723,249
brc202d,555,13575,252
brc202d,556,11617,245
brc202d,557,14422,236
brc202d,558,17332,254
brc202d,559,14660,245
brc202d,560,16720,234
brc202d,561,17367,254
brc202d,562,8582,248
brc202d,563,14062,260
brc202d,564,14133,255
brc202d,565,12871,244
brc202d,566,13206,249
brc202d,567,7217,258
brc202d,568,12687,256
brc202d,569,10025,244
brc202d,570,14730,255
brc202d,571,12224,269
brc202d,572,19088,269
brc202d,573,13822,253
brc202d,574,12560,262
brc202d,575,12886,245
brc202d,576,12887,250
brc202d,577,13367,255
brc202d,578,8147,262
brc202d,579,14748,245
brc202d,580,20359,252
brc202d,581,7820,242
brc202d,582,17380,254
brc202d,583,13354,259
brc202d,584,13424,246
brc202d,585,13210,251
brc202d,586,17144,259
brc202d,587,10099,240
brc202d,588,15312,256
brc202d,589,13854,248
brc202d,590,12919,261
brc202d,591,16020,273
brc202d,592,13839,266
brc202d,593,6279,256
brc202d,594,10256,264
brc202d,595,14007,263
brc202d,596,13825,269
brc202d,597,13018,261
brc202d,598,19573,257
brc202d,599,17925,254
brc202d,600,13611,263
brc202d,601,16158,267
brc202d,602,14743,259
brc202d,603,9464,267
brc202d,604,17151,278
brc202d,605,13563,264
brc202d,606,15076,268
brc202d,607,15570,256
brc202d,608,14085,276
brc202d,609,21410,268
brc202d,610,16794,261
brc202d,611,17091,259
brc202d,612,7549,278
brc202d,613,15929,258
brc202d,614,16828,268
brc202d,615,17707,285
brc202d,616,13816,272
brc202d,617,18556,268
brc202d,618,18677,271
brc202d,619,14988,266
brc202d,620,18427,284
brc202d,621,14624,265
brc202d,622,12559,280
brc202d,623,10707,278
brc202d,624,16259,278
brc202d,625,21271,281
brc202d,626,9584,284
brc202d,627,17870,271
brc202d,628,19630,273
brc202d,629,17033,270
brc202d,630,15076,275
brc202d,631,16064,287
brc202d,632,21297,288
brc202d,633,16837,275
brc202d,634,16089,274
brc202d,635,22050,279
brc202d,636,19346,280
brc202d,637,20272,286
brc202d,638,10757,275
brc202d,639,20621,273
brc202d,640,16819,277
brc202d,641,21918,293
brc202d,642,14833,294
brc202d,643,9705,265
brc202d,644,19717,274
brc202d,645,18070,284
brc202d,646,18774,286
brc202d,647,7764,295
brc202d,648,23079,292
brc202d,649,14903,286
brc202d,650,15741,285
brc202d,651,16099,287
brc202d,652,13508,298
brc202d,653,17478,283
brc202d,654,18649,293
brc202d,655,16406,292
brc202d,656,16537,287
brc202d,657,14383,282
brc202d,658,14356,292
brc202d,659,23645,293
brc202d,660,8440,296
brc202d,661,11736,284
brc202d,662,16312,292
brc202d,663,15702,293
brc202d,664,13159,282
brc202d,665,19800,297
brc202d,666,22522,286
brc202d,667,17176,290
brc202d,668,17421,288
brc202d,669,13791,292
brc202d,670,16692,303
brc202d,671,14055,297
brc202d,672,12174,282
brc202d,673,14508,296
brc202d,674,20133,298
brc202d,675,12584,287
brc202d,676,16879,292
brc202d,677,17699,291
brc202d,678,17223,288
brc202d,679,21285,285
brc202d,680,15801,300
brc202d,681,11928,290
brc202d,682,10371,278
brc202d,683,15146,304
brc202d,684,19369,288
brc202d,685,14909,296
brc202d,686,16925,313
brc202d,687,17997,299
brc202d,688,12485,295
brc202d,689,9546,305
brc202d,690,19940,298
brc202d,691,15983,304
brc202d,692,21049,287
brc202d,693,15092,310
brc202d,694,21195,300
brc202d,695,18743,297
brc202d,696,16158,310
brc202d,697,20339,305
brc202d,698,13238,303
brc202d,699,15462,310
brc202d,700,14995,304
brc202d,701,9160,309
brc202d,702,21616,308
brc202d,703,12538,302
brc202d,704,17851,316
brc202d,705,16313,317
brc202d,706,18122,308
brc202d,707,21354,312
brc202d,708,16951,311
brc202d,709,15934,316
brc202d,710,20663,317
brc202d,711,17231,307
brc202d,712,13887,323
brc202d,713,14411,302
brc202d,714,27387,324
brc202d,715,11391,322
brc202d,716,14385,314
brc202d,717,24505,305
brc202d,718,17288,311
brc202d,719,17658,311
brc202d,720,21516,325
brc202d,721,22754,304
brc202d,722,14422,324
brc202d,723,9132,324
brc202d,724,22342,318
brc202d,725,14357,307
brc202d,726,17840,317
brc202d,727,10821,301
brc202d,728,18708,313
brc202d,729,22443,310
brc202d,730,17968,329
brc202d,731,12219,335
brc202d,732,20200,319
brc202d,733,23639,306
brc202d,734,18402,319
brc202d,735,17846,317
brc202d,736,20021,316
brc202d,737,15611,323
brc202d,738,15558,334
brc202d,739,17878,320
brc202d,740,10428,314
brc202d,741,18098,325
brc202d,742,14062,326
brc202d,743,14737,333
brc202d,744,18159,327
brc202d,745,15059,336
brc202d,746,18103,328
brc202d,747,14129,323
brc202d,748,22867,334
brc202d,749,18200,333
brc202d,750,18590,328
brc202d,751,21310,312
brc202d,752,16204,334
brc202d,753,18922,343
brc202d,754,13574,316
brc202d,755,11833,342
brc202d,756,15373,341
brc202d,757,12927,342
brc202d,758,18086,332
brc202d,759,18579,326
brc202d,760,18741,342
brc202d,761,16901,346
brc202d,762,22416,336
brc202d,763,19687,333
brc202d,764,14535,334
brc202d,765,11424,316
brc202d,766,19015,344
brc202d,767,10795,321
brc202d,768,19808,337
brc202d,769,16073,340
brc202d,770,20278,342
brc202d,771,19395,342
brc202d,772,14278,348
brc202d,773,14617,330
brc202d,774,21116,344
brc202d,775,14208,332
brc202d,776,18401,350
brc202d,777,16238,334
brc202d,778,15184,334
brc202d,779,19820,328
brc202d,780,23114,336
brc202d,781,23530,348
brc202d,782,16878,336
brc202d,783,19335,349
brc202d,784,25621,351
brc202d,785,19989,338
brc202d,786,20326,335
brc202d,787,21358,341
brc202d,788,15003,343
brc202d,789,22777,348
brc202d,790,18378,345
brc202d,791,20841,357
brc202d,792,16615,335
brc202d,793,18444,338
brc202d,794,25124,339
brc202d,795,20113,346
brc202d,796,17274,349
brc202d,797,17219,349
brc202d,798,24881,359
brc202d,799,19720,356
brc202d,800,25991,339
brc202d,801,21584,355
brc202d,802,10722,359
brc202d,803,23983,357
brc202d,804,15318,333
brc202d,805,19464,352
brc202d,806,15603,363
brc202d,807,15759,363
brc202d,808,15308,357
brc202d,809,22318,354
brc202d,810,21134,361
brc202d,811,18988,363
brc202d,812,22968,347
brc202d,813,15478,348
brc202d,814,22731,369
brc202d,815,16999,349
brc202d,816,25024,347
brc202d,817,23145,346
brc202d,818,21157,367
brc202d,819,21988,357
brc202d,820,15133,348
brc202d,821,23205,375
brc202d,822,18907,361
brc202d,823,17658,361
brc202d,824,15895,350
brc202d,825,20757,349
brc202d,826,24755,355
brc202d,827,24265,365
brc202d,828,26084,364
brc202d,829,22158,362
brc202d,830,22249,368
brc202d,831,21044,359
brc202d,832,23109,368
brc202d,833,22335,381
brc202d,834,18316,357
brc202d,835,17945,359
brc202d,836,25059,370
brc202d,837,24240,367
brc202d,838,22683,372
brc202d,839,20759,372
brc202d,840,23341,361
brc202d,841,18533,375
brc202d,842,22669,359
brc202d,843,23549,375
brc202d,844,19196,366
brc202d,845,23026,365
brc202d,846,18045,382
brc202d,847,23946,357
brc202d,848,12769,360
brc202d,849,24552,370
brc202d,850,11110,386
brc202d,851,20235,371
brc202d,852,24592,386
brc202d,853,21838,375
brc202d,854,16237,363
brc202d,855,21844,371
brc202d,856,23116,375
brc202d,857,14036,365
brc202d,858,24406,371
brc202d,859,20693,362
brc202d,860,26316,382
brc202d,861,16671,375
brc202d,862,20764,386
brc202d,863,12475,379
brc202d,864,15325,384
brc202d,865,12114,366
brc202d,866,23507,378
brc202d,867,23535,388
brc202d,868,20809,369
brc202d,869,11436,366
brc202d,870,24266,385
brc202d,871,24831,373
brc202d,872,22453,384
brc202d,873,13014,367
brc202d,874,24526,378
brc202d,875,11274,378
brc202d,876,12532,371
brc202d,877,16760,385
brc202d,878,25690,379
brc202d,879,17450,385
brc202d,880,16446,381
brc202d,881,16513,390
brc202d,882,26040,405
brc202d,883,18122,394
brc202d,884,13778,382
brc202d,885,24766,397
brc202d,886,22998,370
brc202d,887,27362,397
brc202d,888,26481,389
brc202d,889,19230,396
brc202d,890,20589,377
brc202d,891,15305,401
brc202d,892,27776,375
brc202d,893,26927,388
brc202d,894,20775,376
brc202d,895,17954,408
brc202d,896,27482,406
brc202d,897,25927,381
brc202d,898,23090,406
brc202d,899,27881,400
brc202d,900,22605,386
brc202d,901,21187,375
brc202d,902,16007,387
brc202d,903,23045,383
brc202d,904,23973,392
brc202d,905,27299,398
brc202d,906,18917,380
brc202d,907,10491,402
brc202d,908,22844,397
brc202d,909,25692,382
brc202d,910,28928,410
brc202d,911,13620,412
brc202d,912,23061,408
brc202d,913,26166,392
brc202d,914,27819,416
brc202d,915,15915,386
brc202d,916,26684,387
brc202d,917,24718,404
brc202d,918,27304,409
brc202d,919,15561,382
brc202d,920,13483,397
brc202d,921,17913,406
brc202d,922,28354,413
brc202d,923,19654,409
brc202d,924,15401,416
brc202d,925,29308,416
brc202d,926,13469,419
brc202d,927,15103,414
brc202d,928,27795,408
brc202d,929,13891,397
brc202d,930,25062,400
brc202d,931,19332,396
brc202d,932,28937,408
brc202d,933,29530,423
brc202d,934,23903,392
brc202d,935,19038,407
brc202d,936,28287,411
brc202d,937,24912,414
brc202d,938,25702,421
brc202d,939,19031,414
brc202d,940,22471,428
brc202d,941,28478,425
brc202d,942,30787,427
brc202d,943,24348,419
brc202d,944,29590,414
brc202d,945,24839,426
brc202d,946,25565,423
brc202d,947,28463,432
brc202d,948,27970,400
brc202d,949,30286,417
brc202d,950,29175,412
brc202d,951,23091,425
brc202d,952,15344,431
brc202d,953,30967,424
brc202d,954,15685,439
brc202d,955,22567,439
brc202d,956,28429,414
brc202d,957,26224,421
brc202d,958,14862,427
brc202d,959,30648,426
brc202d,960,28100,409
brc202d,961,26687,434
brc202d,962,20123,437
brc202d,963,24445,418
brc202d,964,29900,426
brc202d,965,15333,422
brc202d,966,14351,422
brc202d,967,28936,410
brc202d,968,26887,403
brc202d,969,19546,421
brc202d,970,30902,446
brc202d,971,24961,426
brc202d,972,21799,420
brc202d,973,19695,436
brc202d,974,20649,415
brc202d,975,30406,417
brc202d,976,23853,433
brc202d,977,29034,420
brc202d,978,27950,423
brc202d,979,31970,433
brc202d,980,29917,419
brc202d,981,29408,433
brc202d,982,15383,447
brc202d,983,18164,438
brc202d,984,15733,424
brc202d,985,18473,429
brc202d,986,14136,457
brc202d,987,29755,422
brc202d,988,13125,414
brc202d,989,30128,434
brc202d,990,27909,419
brc202d,991,23988,434
brc202d,992,16077,423
brc202d,993,21668,419
brc202d,994,19328,430
brc202d,995,29778,438
brc202d,996,31633,434
brc202d,997,31341,428
brc202d,998,32160,438
brc202d,999,30798,433
brc202d,1000,25158,443
brc202d,1001,17265,424
brc202d,1002,21211,428
brc202d,1003,26188,459
brc202d,1004,29648,434
brc202d,1005,17848,455
brc202d,1006,29664,418
brc202d,1007,17083,454
brc202d,1008,23580,446
brc202d,1009,28538,433
brc202d,1010,16222,461
brc202d,1011,30844,449
brc202d,1012,18660,431
brc202d,1013,20435,439
brc202d,1014,19415,422
brc202d,1015,24241,437
brc202d,1016,28792,447
brc202d,1017,32526,465
brc202d,1018,19702,436
brc202d,1019,31226,451
brc202d,1020,33675,442
brc202d,1021,19897,452
brc202d,1022,20071,440
brc202d,1023,31330,446
brc202d,1024,19432,434
brc202d,1025,19405,433
brc202d,1026,26605,446
brc202d,1027,34168,456
brc202d,1028,17477,444
brc202d,1029,16178,427
brc202d,1030,26877,464
brc202d,1031,30510,449
brc202d,1032,19273,453
brc202d,1033,32350,443
brc202d,1034,33267,472
brc202d,1035,27381,447
brc202d,1036,18012,467
brc202d,1037,28395,463
brc202d,1038,22981,463
brc202d,1039,22024,449
brc202d,1040,31431,452
brc202d,1041,34853,467
brc202d,1042,30851,429
brc202d,1043,28421,451
brc202d,1044,30610,436
brc202d,1045,25053,441
brc202d,1046,32744,450
brc202d,1047,16558,457
brc202d,1048,20628,453
brc202d,1049,27175,454
brc202d,1050,19938,459
brc202d,1051,36049,479
brc202d,1052,27869,444
brc202d,1053,34013,460
brc202d,1054,26881,454
brc202d,1055,27181,445
brc202d,1056,28785,444
brc202d,1057,16501,439
brc202d,1058,20847,447
brc202d,1059,33582,462
brc202d,1060,16131,476
brc202d,1061,29731,453
brc202d,1062,22292,453
brc202d,1063,17385,470
brc202d,1064,19899,460
brc202d,1065,18610,469
brc202d,1066,18448,461
brc202d,1067,32067,468
brc202d,1068,18821,478
brc202d,1069,27550,479
brc202d,1070,18344,471
brc202d,1071,31295,472
brc202d,1072,34437,478
brc202d,1073,21831,476
brc202d,1074,27342,465
brc202d,1075,15669,481
brc202d,1076,27900,464
brc202d,1077,29026,452
brc202d,1078,17049,465
brc202d,1079,33502,461
brc202d,1080,30232,471
brc202d,1081,33625,452
brc202d,1082,37113,478
brc202d,1083,17232,470
brc202d,1084,21970,446
brc202d,1085,31899,462
brc202d,1086,35339,470
brc202d,1087,27011,456
brc202d,1088,16461,469
brc202d,1089,19734,478
brc202d,1090,30532,471
brc202d,1091,29060,480
brc202d,1092,17597,463
brc202d,1093,20406,483
brc202d,1094,22756,474
brc202d,1095,22304,476
brc202d,1096,25325,472
brc202d,1097,36330,496
brc202d,1098,34341,461
brc202d,1099,19386,475
brc202d,1100,25600,474
brc202d,1101,29920,475
brc202d,1102,22597,474
brc202d,1103,26517,493
brc202d,1104,21774,466
brc202d,1105,33721,459
brc202d,1106,17873,471
brc202d,1107,31092,475
brc202d,1108,31054,488
brc202d,1109,36071,471
brc202d,1110,19381,486
brc202d,1111,25179,479
brc202d,1112,28887,470
brc202d,1113,30671,478
brc202d,1114,17435,470
brc202d,1115,33671,460
brc202d,1116,32331,486
brc202d,1117,36729,493
brc202d,1118,23617,483
brc202d,1119,17754,478
brc202d,1120,29435,475
brc202d,1121,33793,466
brc202d,1122,30185,504
brc202d,1123,39298,504
brc202d,1124,29434,493
brc202d,1125,30550,485
brc202d,1126,34702,481
brc202d,1127,18303,495
brc202d,1128,33274,497
brc202d,1129,27347,471
brc202d,1130,31760,493
brc202d,1131,32526,493
brc202d,1132,36238,482
brc202d,1133,36979,493
brc202d,1134,13699,469
brc202d,1135,39895,503
brc202d,1136,39134,495
brc202d,1137,27712,475
brc202d,1138,35909,497
brc202d,1139,18218,496
brc202d,1140,37122,505
brc202d,1141,18480,506
brc202d,1142,36629,513
brc202d,1143,32967,500
brc202d,1144,37182,508
brc202d,1145,29835,496
brc202d,1146,22199,488
brc202d,1147,23464,494
brc202d,1148,27422,492
brc202d,1149,30190,476
brc202d,1150,34444,487
brc202d,1151,28907,480
brc202d,1152,18505,499
brc202d,1153,26296,505
brc202d,1154,34432,497
brc202d,1155,37727,485
brc202d,1156,37121,523
brc202d,1157,37047,505
brc202d,1158,17875,512
brc202d,1159,17532,496
brc202d,1160,36348,525
brc202d,1161,22461,495
brc202d,1162,35134,508
brc202d,1163,20394,507
brc202d,1164,37216,505
brc202d,1165,22142,525
brc202d,1166,29417,490
brc202d,1167,30530,498
brc202d,1168,36924,488
brc202d,1169,20784,504
brc202d,1170,24272,512
brc202d,1171,21459,511
brc202d,1172,21962,511
brc202d,1173,22671,519
brc202d,1174,17970,513
brc202d,1175,20716,514
brc202d,1176,21149,530
brc202d,1177,28205,517
brc202d,1178,23452,506
brc202d,1179,32020,502
brc202d,1180,33296,492
brc202d,1181,25419,512
brc202d,1182,38178,530
brc202d,1183,34850,500
brc202d,1184,37129,526
brc202d,1185,31961,511
brc202d,1186,25616,513
brc202d,1187,30805,516
brc202d,1188,34133,501
brc202d,1189,36300,496
brc202d,1190,21793,537
brc202d,1191,18225,505
brc202d,1192,37266,527
brc202d,1193,18661,529
brc202d,1194,39166,525
brc202d,1195,21121,504
brc202d,1196,41535,521
brc202d,1197,28286,514
brc202d,1198,20076,504
brc202d,1199,32687,515
brc202d,1200,28949,504
brc202d,1201,32241,520
brc202d,1202,29804,521
brc202d,1203,37449,511
brc202d,1204,38863,518
brc202d,1205,21117,520
brc202d,1206,34486,503
brc202d,1207,33932,525
brc202d,1208,22092,514
brc202d,1209,19989,523
brc202d,1210,39139,513
brc202d,1211,34559,524
brc202d,1212,28419,523
brc202d,1213,29149,518
brc202d,1214,39502,518
brc202d,1215,34018,511
brc202d,1216,25083,525
brc202d,1217,36590,537
brc202d,1218,25408,531
brc202d,1219,22669,530
brc202d,1220,30078,528
brc202d,1221,34170,535
brc202d,1222,21780,534
brc202d,1223,20608,528
brc202d,1224,27531,529
brc202d,1225,22445,535
brc202d,1226,22938,528
brc202d,1227,18051,522
brc202d,1228,25953,532
brc202d,1229,25973,524
brc202d,1230,31895,529
brc202d,1231,39481,523
brc202d,1232,21260,530
brc202d,1233,26162,540
brc202d,1234,22422,546
brc202d,1235,23245,553
brc202d,1236,28673,513
brc202d,1237,26127,542
brc202d,1238,30805,524
brc202d,1239,23371,533
brc202d,1240,33791,536
brc202d,1241,23603,534
brc202d,1242,41412,552
brc202d,1243,23039,537
brc202d,1244,25151,538
brc202d,1245,38618,546
brc202d,1246,23183,543
brc202d,1247,20015,519
brc202d,1248,37778,545
brc202d,1249,34226,540
brc202d,1250,39597,530
brc202d,1251,20981,537
brc202d,1252,30989,546
brc202d,1253,34833,553
brc202d,1254,30565,542
brc202d,1255,20484,550
brc202d,1256,21824,555
brc202d,1257,21558,553
brc202d,1258,21744,542
brc202d,1259,19877,528
brc202d,1260,21381,539
brc202d,1261,40047,539
brc202d,1262,20651,538
brc202d,1263,42300,547
brc202d,1264,39191,553
brc202d,1265,41951,546
brc202d,1266,22601,557
brc202d,1267,23834,542
brc202d,1268,30336,543
brc202d,1269,20164,549
brc202d,1270,26030,552
brc202d,1271,21908,568
brc202d,1272,38312,561
brc202d,1273,19248,532
brc202d,1274,40647,550
brc202d,1275,23644,553
brc202d,1276,35202,544
brc202d,1277,40539,553
brc202d,1278,38819,546
brc202d,1279,21560,561
brc202d,1280,23376,553
brc202d,1281,38337,550
brc202d,1282,30562,550
brc202d,1283,39877,562
brc202d,1284,25789,553
brc202d,1285,32969,564
brc202d,1286,22081,560
brc202d,1287,40386,550
brc202d,1288,31450,558
brc202d,1289,32539,557
brc202d,1290,22353,566
brc202d,1291,25531,568
brc202d,1292,22465,561
brc202d,1293,39895,561
brc202d,1294,41425,555
brc202d,1295,21947,565
brc202d,1296,23090,556
brc202d,1297,21770,572
brc202d,1298,19444,561
brc202d,1299,37712,562
brc202d,1300,33923,562
brc202d,1301,38479,541
brc202d,1302,41523,567
brc202d,1303,41473,571
brc202d,1304,38043,566
brc202d,1305,22114,570
brc202d,1306,30962,565
brc202d,1307,30515,558
brc202d,1308,42647,572
brc202d,1309,28171,559
brc202d,1310,30370,563
brc202d,1311,25795,585
brc202d,1312,39476,571
brc202d,1313,40096,559
brc202d,1314,22547,557
brc202d,1315,28778,575
brc202d,1316,37162,547
brc202d,1317,38867,576
brc202d,1318,39051,565
brc202d,1319,24973,566
brc202d,1320,29282,556
brc202d,1321,34330,567
brc202d,1322,34573,576
brc202d,1323,37434,557
brc202d,1324,23786,576
brc202d,1325,33942,579
brc202d,1326,41696,570
brc202d,1327,24022,554
brc202d,1328,27415,566
brc202d,1329,24095,574
brc202d,1330,23404,589
brc202d,1331,23911,582
brc202d,1332,23295,593
brc202d,1333,40582,585
brc202d,1334,24272,577
brc202d,1335,24189,578
brc202d,1336,23462,587
brc202d,1337,24043,576
brc202d,1338,29150,567
brc202d,1339,23840,558
brc202d,1340,31516,585
brc202d,1341,41152,587
brc202d,1342,22324,572
brc202d,1343,23433,576
brc202d,1344,23862,578
brc202d,1345,24185,569
brc202d,1346,42685,565
brc202d,1347,30705,578
brc202d,1348,26966,576
brc202d,1349,41074,572
brc202d,1350,25676,595
brc202d,1351,18318,577
brc202d,1352,28761,580
brc202d,1353,23578,600
brc202d,1354,29585,569
brc202d,1355,42722,589
brc202d,1356,24992,595
brc202d,1357,29549,580
brc202d,1358,35727,598
brc202d,1359,22440,578
brc202d,1360,27393,597
brc202d,1361,27755,596
brc202d,1362,28284,606
brc202d,1363,35520,593
brc202d,1364,20928,575
brc202d,1365,33137,583
brc202d,1366,28850,579
brc202d,1367,27888,585
brc202d,1368,30442,592
brc202d,1369,40500,567
brc202d,1370,24845,601
brc202d,1371,41998,592
brc202d,1372,30052,604
brc202d,1373,35386,577
brc202d,1374,23733,592
brc202d,1375,24849,604
brc202d,1376,43075,573
brc202d,1377,23345,590
brc202d,1378,39671,582
brc202d,1379,25480,590
brc202d,1380,27792,584
brc202d,1381,32344,595
brc202d,1382,31515,599
brc202d,1383,40763,586
brc202d,1384,41014,589
brc202d,1385,20473,605
brc202d,1386,20528,586
brc202d,1387,36982,599
brc202d,1388,26143,592
brc202d,1389,25995,616
brc202d,1390,29306,596
brc202d,1391,39262,608
brc202d,1392,20773,599
brc202d,1393,30694,599
brc202d,1394,42479,587
brc202d,1395,38562,607
brc202d,1396,38134,610
brc202d,1397,30310,596
brc202d,1398,24080,596
brc202d,1399,29196,595
brc202d,1400,29517,590
brc202d,1401,23695,610
brc202d,1402,27991,606
brc202d,1403,31810,603
brc202d,1404,32551,602
brc202d,1405,25828,591
brc202d,1406,40712,608
brc202d,1407,30878,602
brc202d,1408,21277,586
brc202d,1409,24861,609
brc202d,1410,35767,617
brc202d,1411,30682,604
brc202d,1412,31868,614
brc202d,1413,28817,597
brc202d,1414,41088,604
brc202d,1415,23313,623
brc202d,1416,25999,604
brc202d,1417,42676,597
brc202d,1418,24665,620
brc202d,1419,39740,614
brc202d,1420,30563,623
brc202d,1421,41686,595
brc202d,1422,35264,617
brc202d,1423,29617,612
brc202d,1424,37937,608
brc202d,1425,26668,606
brc202d,1426,22311,590
brc202d,1427,42635,603
brc202d,1428,28851,612
brc202d,1429,28427,615
brc202d,1430,31803,612
brc202d,1431,26590,620
brc202d,1432,20209,597
brc202d,1433,32306,625
brc202d,1434,25760,615
brc202d,1435,29665,603
brc202d,1436,31242,614
brc202d,1437,37907,628
brc202d,1438,42581,610
brc202d,1439,21686,611
brc202d,1440,27627,633
brc202d,1441,24323,625
brc202d,1442,29062,615
brc202d,1443,41320,630
brc202d,1444,26114,620
brc202d,1445,36508,611
brc202d,1446,30320,635
brc202d,1447,31288,613
brc202d,1448,33570,628
brc202d,1449,40763,635
brc202d,1450,25875,628
brc202d,1451,30897,625
brc202d,1452,22462,618
brc202d,1453,42864,611
brc202d,1454,34584,630
brc202d,1455,30653,629
brc202d,1456,39226,634
brc202d,1457,24268,640
brc202d,1458,21961,629
brc202d,1459,41563,638
brc202d,1460,42596,632
brc202d,1461,39879,616
brc202d,1462,24769,640
brc202d,1463,38256,620
brc202d,1464,25355,632
brc202d,1465,40318,614
brc202d,1466,32258,631
brc202d,1467,24314,642
brc202d,1468,42817,643
brc202d,1469,33534,633
brc202d,1470,28946,629
brc202d,1471,42199,618
brc202d,1472,41349,642
brc202d,1473,39175,641
brc202d,1474,28586,620
brc202d,1475,29614,641
brc202d,1476,24511,645
brc202d,1477,25446,652
brc202d,1478,24010,647
brc202d,1479,25834,632
brc202d,1480,31641,647
brc202d,1481,30914,644
brc202d,1482,23996,656
brc202d,1483,30520,649
brc202d,1484,32720,640
brc202d,1485,42348,633
brc202d,1486,33157,634
brc202d,1487,38025,646
brc202d,1488,33426,655
brc202d,1489,30452,625
brc202d,1490,30644,632
brc202d,1491,24791,655
brc202d,1492,40067,664
brc202d,1493,29139,641
brc202d,1494,41285,635
brc202d,1495,25387,666
brc202d,1496,24029,665
brc202d,1497,29007,643
brc202d,1498,42059,660
brc202d,1499,33036,639
brc202d,1500,26433,659
brc202d,1501,29112,647
brc202d,1502,26596,644
brc202d,1503,28011,642
brc202d,1504,37400,647
brc202d,1505,42564,663
brc202d,1506,35578,658
brc202d,1507,29798,644
brc202d,1508,43117,660
brc202d,1509,31063,659
brc202d,1510,36688,642
brc202d,1511,33374,646
brc202d,1512,31412,656
brc202d,1513,32388,652
brc202d,1514,38014,645
brc202d,1515,42344,637
brc202d,1516,33302,652
brc202d,1517,26975,658
brc202d,1518,25153,648
brc202d,1519,29035,654
brc202d,1520,33213,659
brc202d,1521,38587,658
brc202d,1522,28992,659
brc202d,1523,31940,655
brc202d,1524,34715,652
brc202d,1525,37233,660
brc202d,1526,33558,664
brc202d,1527,25523,657
brc202d,1528,33088,656
brc202d,1529,26371,649
brc202d,1530,30174,671
brc202d,1531,41587,671
brc202d,1532,30850,668
brc202d,1533,31348,666
brc202d,1534,32584,660
brc202d,1535,36865,674
brc202d,1536,33245,662
brc202d,1537,30235,666
brc202d,1538,40892,669
brc202d,1539,43086,664
brc202d,1540,29036,653
brc202d,1541,34259,672
brc202d,1542,33985,680
brc202d,1543,27343,653
brc202d,1544,26012,675
brc202d,1545,35113,673
brc202d,1546,41061,672
brc202d,1547,39168,671
brc202d,1548,34742,676
brc202d,1549,30660,663
brc202d,1550,28945,648
brc202d,1551,29396,659
brc202d,1552,43141,686
brc202d,1553,30743,677
brc202d,1554,34053,670
brc202d,1555,37985,665
brc202d,1556,31830,674
brc202d,1557,27892,673
brc202d,1558,37258,669
brc202d,1559,34151,659
brc202d,1560,35757,669
brc202d,1561,37618,665
brc202d,1562,26593,669
brc202d,1563,36235,668
brc202d,1564,38683,676
brc202d,1565,33437,682
brc202d,1566,36539,683
brc202d,1567,31321,675
brc202d,1568,33124,673
brc202d,1569,41722,667
brc202d,1570,28043,690
brc202d,1571,33862,672
brc202d,1572,26612,675
brc202d,1573,34998,680
brc202d,1574,26349,687
brc202d,1575,31698,672
brc202d,1576,42557,659
brc202d,1577,30055,689
brc202d,1578,32422,687
brc202d,1579,31039,681
brc202d,1580,31922,692
brc202d,1581,38262,685
brc202d,1582,38736,672
brc202d,1583,25807,658
brc202d,1584,39068,694
brc202d,1585,33254,686
brc202d,1586,34305,694
brc202d,1587,29259,681
brc202d,1588,33351,686
brc202d,1589,34161,684
brc202d,1590,35643,699
brc202d,1591,34505,676
brc202d,1592,34208,677
brc202d,1593,27799,693
brc202d,1594,32914,688
brc202d,1595,34717,681
brc202d,1596,32495,694
brc202d,1597,36864,697
brc202d,1598,31612,686
brc202d,1599,27223,693
brc202d,1600,32481,696
brc202d,1601,31065,696
brc202d,1602,30663,700
brc202d,1603,27310,691
brc202d,1604,32112,678
brc202d,1605,29669,687
brc202d,1606,29834,685
brc202d,1607,26600,686
brc202d,1608,39005,697
brc202d,1609,26877,696
brc202d,1610,28519,690
brc202d,1611,26175,699
brc202d,1612,29349,703
brc202d,1613,40340,700
brc202d,1614,31431,707
brc202d,1615,33635,701
brc202d,1616,35676,691
brc202d,1617,42630,707
brc202d,1618,33675,696
brc202d,1619,32605,688
brc202d,1620,40070,711
brc202d,1621,33054,708
brc202d,1622,39410,697
brc202d,1623,32825,702
brc202d,1624,31025,708
brc202d,1625,33077,705
brc202d,1626,27250,702
brc202d,1627,40300,710
brc202d,1628,30006,688
brc202d,1629,35964,702
brc202d,1630,29600,685
brc202d,1631,33806,694
brc202d,1632,28746,681
brc202d,1633,39932,715
brc202d,1634,38592,693
brc202d,1635,41320,713
brc202d,1636,40283,709
brc202d,1637,29868,690
brc202d,1638,33641,713
brc202d,1639,31481,700
brc202d,1640,30717,704
brc202d,1641,34643,712
brc202d,1642,32672,719
brc202d,1643,29837,705
brc202d,1644,42530,684
brc202d,1645,42775,712
brc202d,1646,38399,717
brc202d,1647,28289,718
brc202d,1648,26807,701
brc202d,1649,36166,710
brc202d,1650,30216,710
brc202d,1651,31900,720
brc202d,1652,37613,699
brc202d,1653,35624,723
brc202d,1654,40532,724
brc202d,1655,34043,717
brc202d,1656,27744,714
brc202d,1657,36716,711
brc202d,1658,27221,719
brc202d,1659,41594,725
brc202d,1660,36491,716
brc202d,1661,40835,727
brc202d,1662,34047,721
brc202d,1663,28944,723
brc202d,1664,31209,703
brc202d,1665,34162,719
brc202d,1666,32891,722
brc202d,1667,29511,717
brc202d,1668,39498,709
brc202d,1669,26806,726
brc202d,1670,36361,718
brc202d,1671,26860,726
brc202d,1672,42017,730
brc202d,1673,38905,716
brc202d,1674,30471,721
brc202d,1675,36517,733
brc202d,1676,29488,724
brc202d,1677,40942,735
brc202d,1678,31070,724
brc202d,1679,25915,723
brc202d,1680,29716,709
brc202d,1681,34708,723
brc202d,1682,33312,727
brc202d,1683,36692,722
brc202d,1684,30534,724
brc202d,1685,35508,730
brc202d,1686,33930,731
brc202d,1687,32877,730
brc202d,1688,32766,730
brc202d,1689,38050,723
brc202d,1690,32299,740
brc202d,1691,30930,724
brc202d,1692,37903,745
brc202d,1693,31808,738
brc202d,1694,35489,739
brc202d,1695,33351,734
brc202d,1696,29225,725
brc202d,1697,36183,733
brc202d,1698,35727,729
brc202d,1699,38012,735
brc202d,1700,33368,728
brc202d,1701,30682,742
brc202d,1702,35336,725
brc202d,1703,28334,735
brc202d,1704,40301,747
brc202d,1705,28146,748
brc202d,1706,39619,743
brc202d,1707,34416,736
brc202d,1708,35294,739
brc202d,1709,34041,737
brc202d,1710,27442,750
brc202d,1711,28707,742
brc202d,1712,36108,740
brc202d,1713,32492,752
brc202d,1714,39058,742
brc202d,1715,30396,727
brc202d,1716,30008,741
brc202d,1717,27656,753
brc202d,1718,31845,733
brc202d,1719,37334,747
brc202d,1720,30398,746
brc202d,1721,32736,747
brc202d,1722,32498,752
brc202d,1723,42383,746
brc202d,1724,39500,753
brc202d,1725,33630,727
brc202d,1726,36026,755
brc202d,1727,41856,761
brc202d,1728,35679,744
brc202d,1729,41063,748
brc202d,1730,34608,736
brc202d,1731,32854,751
brc202d,1732,33857,756
brc202d,1733,31477,739
brc202d,1734,41782,745
brc202d,1735,36703,749
brc202d,1736,31788,758
brc202d,1737,40215,756
brc202d,1738,28725,760
brc202d,1739,39280,749
brc202d,1740,32350,743
brc202d,1741,33672,758
brc202d,1742,31828,747
brc202d,1743,35079,757
brc202d,1744,30898,749
brc202d,1745,30296,741
brc202d,1746,29544,745
brc202d,1747,28012,768
brc202d,1748,36895,743
brc202d,1749,32751,736
brc202d,1750,40795,765
brc202d,1751,42850,735
brc202d,1752,40000,763
brc202d,1753,31238,743
brc202d,1754,35465,739
brc202d,1755,29168,770
brc202d,1756,28189,762
brc202d,1757,36643,763
brc202d,1758,33240,755
brc202d,1759,33594,762
brc202d,1760,38703,777
brc202d,1761,37447,749
brc202d,1762,35000,764
brc202d,1763,32001,763
brc202d,1764,33758,769
brc202d,1765,40332,750
brc202d,1766,38140,748
brc202d,1767,32560,761
brc202d,1768,41296,770
brc202d,1769,38354,744
brc202d,1770,33491,765
brc202d,1771,33345,783
brc202d,1772,33963,769
brc202d,1773,37283,769
brc202d,1774,34319,779
brc202d,1775,33376,764
brc202d,1776,36192,752
brc202d,1777,35682,769
brc202d,1778,41956,765
brc202d,1779,40346,778
brc202d,1780,32030,771
brc202d,1781,34304,780
brc202d,1782,30255,757
brc202d,1783,33997,783
brc202d,1784,41071,780
brc202d,1785,35569,787
brc202d,1786,32168,766
brc202d,1787,40287,783
brc202d,1788,34304,774
brc202d,1789,39138,786
brc202d,1790,27690,778
brc202d,1791,36489,780
brc202d,1792,28606,789
brc202d,1793,28692,786
brc202d,1794,36410,786
brc202d,1795,42263,786
brc202d,1796,32159,786
brc202d,1797,31660,770
brc202d,1798,36178,754
brc202d,1799,35405,776
brc202d,1800,29039,788
brc202d,1801,31002,784
brc202d,1802,33762,786
brc202d,1803,31155,772
brc202d,1804,39426,776
brc202d,1805,34459,769
brc202d,1806,34575,762
brc202d,1807,31194,782
brc202d,1808,32841,781
brc202d,1809,40130,777
brc202d,1810,40145,798
brc202d,1811,41568,780
brc202d,1812,42470,799
brc202d,1813,42450,795
brc202d,1814,36695,780
brc202d,1815,33119,787
brc202d,1816,35202,792
brc202d,1817,39962,790
brc202d,1818,37743,790
brc202d,1819,36717,767
brc202d,1820,35230,792
brc202d,1821,42543,794
brc202d,1822,39658,795
brc202d,1823,31056,797
brc202d,1824,39822,802
brc202d,1825,39402,798
brc202d,1826,35295,803
brc202d,1827,35083,786
brc202d,1828,35055,794
brc202d,1829,34282,787
brc202d,1830,41150,790
brc202d,1831,29993,798
brc202d,1832,34660,774
brc202d,1833,32408,795
brc202d,1834,39169,789
brc202d,1835,39557,791
brc202d,1836,34180,802
brc202d,1837,31310,779
brc202d,1838,35089,777
brc202d,1839,26877,796
brc202d,1840,35439,797
brc202d,1841,39907,812
brc202d,1842,36210,804
brc202d,1843,35179,787
brc202d,1844,42180,801
brc202d,1845,32148,810
brc202d,1846,40780,809
brc202d,1847,36613,780
brc202d,1848,39116,788
brc202d,1849,33547,782
brc202d,1850,34371,807
brc202d,1851,33559,790
brc202d,1852,38252,786
brc202d,1853,33535,800
brc202d,1854,32207,809
brc202d,1855,39032,808
brc202d,1856,39503,798
brc202d,1857,36265,782
brc202d,1858,31174,796
brc202d,1859,41223,805
brc202d,1860,40808,815
brc202d,1861,38342,790
brc202d,1862,38075,805
brc202d,1863,32059,799
brc202d,1864,36916,787
brc202d,1865,40502,794
brc202d,1866,32336,799
brc202d,1867,42748,784
brc202d,1868,33954,813
brc202d,1869,31162,808
brc202d,1870,31482,802
brc202d,1871,33999,809
brc202d,1872,40893,827
brc202d,1873,38826,831
brc202d,1874,31989,817
brc202d,1875,35971,791
brc202d,1876,41481,812
brc202d,1877,32212,805
brc202d,1878,34977,792
brc202d,1879,42622,816
brc202d,1880,31936,814
brc202d,1881,38749,823
brc202d,1882,40445,806
brc202d,1883,39242,820
brc202d,1884,31748,798
brc202d,1885,36720,817
brc202d,1886,40070,827
brc202d,1887,37941,801
brc202d,1888,41421,828
brc202d,1889,37291,818
brc202d,1890,32957,805
brc202d,1891,37663,818
brc202d,1892,37100,802
brc202d,1893,38337,818
brc202d,1894,36678,828
brc202d,1895,38629,822
brc202d,1896,41530,796
brc202d,1897,38922,835
brc202d,1898,34702,822
brc202d,1899,42210,824
brc202d,1900,34221,839
brc202d,1901,37841,812
brc202d,1902,27805,825
brc202d,1903,32191,838
brc202d,1904,29919,821
brc202d,1905,42233,826
brc202d,1906,34188,821
brc202d,1907,36403,840
brc202d,1908,37966,844
brc202d,1909,40885,820
brc202d,1910,33071,813
brc202d,1911,31857,841
brc202d,1912,35002,820
brc202d,1913,32975,849
brc202d,1914,37193,842
brc202d,1915,39231,835
brc202d,1916,41182,820
brc202d,1917,40259,842
brc202d,1918,37446,841
brc202d,1919,41020,839
brc202d,1920,31757,827
brc202d,1921,30474,809
brc202d,1922,32646,840
brc202d,1923,33389,848
brc202d,1924,39550,845
brc202d,1925,36369,825
brc202d,1926,42381,812
brc202d,1927,32235,818
brc202d,1928,38479,849
brc202d,1929,33880,840
brc202d,1930,34667,819
brc202d,1931,30390,818
brc202d,1932,32678,854
brc202d,1933,41827,840
brc202d,1934,37600,841
brc202d,1935,33780,853
brc202d,1936,39840,854
brc202d,1937,32928,839
brc202d,1938,32147,843
brc202d,1939,38128,842
brc202d,1940,41703,839
brc202d,1941,35890,846
brc202d,1942,42938,840
brc202d,1943,40882,857
brc202d,1944,38708,849
brc202d,1945,34543,838
brc202d,1946,37414,845
brc202d,1947,37678,848
brc202d,1948,30607,850
brc202d,1949,33558,855
brc202d,1950,39108,823
brc202d,1951,37065,833
brc202d,1952,34648,860
brc202d,1953,36222,861
brc202d,1954,35037,854
brc202d,1955,42297,860
brc202d,1956,42269,843
brc202d,1957,36573,836
brc202d,1958,35172,846
brc202d,1959,36579,834
brc202d,1960,41512,864
brc202d,1961,42636,853
brc202d,1962,34091,859
brc202d,1963,34403,855
brc202d,1964,38708,866
brc202d,1965,33721,844
brc202d,1966,35283,862
brc202d,1967,40709,835
brc202d,1968,35018,856
brc202d,1969,40920,874
brc202d,1970,35504,846
brc202d,1971,42318,873
brc202d,1972,41307,843
brc202d,1973,39326,869
brc202d,1974,43095,853
brc202d,1975,36549,837
brc202d,1976,36881,846
brc202d,1977,33688,859
brc202d,1978,35657,851
brc202d,1979,34623,857
brc202d,1980,42502,855
brc202d,1981,43016,860
brc202d,1982,38098,871
brc202d,1983,42726,855
brc202d,1984,40566,878
brc202d,1985,35186,836
brc202d,1986,39866,877
brc202d,1987,42038,883
brc202d,1988,40842,872
brc202d,1989,41374,875
brc202d,1990,36552,864
brc202d,1991,39019,877
brc202d,1992,43127,863
brc202d,1993,41881,874
brc202d,1994,37662,867
brc202d,1995,30916,866
brc202d,1996,40058,847
brc202d,1997,37703,851
brc202d,1998,35512,852
brc202d,1999,42720,875
brc202d,2000,37380,878
brc202d,2001,31563,870
brc202d,2002,42573,888
brc202d,2003,40836,871
brc202d,2004,38906,871
brc202d,2005,42569,883
brc202d,2006,41449,858
brc202d,2007,41316,849
brc202d,2008,38849,883
brc202d,2009,36134,850
brc202d,2010,42695,856
brc202d,2011,37198,875
brc202d,2012,32049,868
brc202d,2013,35593,862
brc202d,2014,36261,884
brc202d,2015,41037,880
brc202d,2016,36068,882
brc202d,2017,31414,871
brc202d,2018,33391,861
brc202d,2019,30751,876
brc202d,2020,41985,896
brc202d,2021,34191,864
brc202d,2022,41520,858
brc202d,2023,33356,857
brc202d,2024,39120,877
brc202d,2025,36473,876
brc202d,2026,36983,888
brc202d,2027,38547,878
brc202d,2028,42652,885
brc202d,2029,41891,860
brc202d,2030,31602,860
brc202d,2031,36799,897
brc202d,2032,32272,883
brc202d,2033,30912,850
brc202d,2034,39148,868
brc202d,2035,36064,896
brc202d,2036,31355,895
brc202d,2037,36204,867
brc202d,2038,39249,889
brc202d,2039,38918,883
brc202d,2040,38308,895
brc202d,2041,37201,868
brc202d,2042,38425,886
brc202d,2043,32084,883
brc202d,2044,31877,888
brc202d,2045,37663,885
brc202d,2046,41359,882
brc202d,2047,34305,865
brc202d,2048,33838,871
brc202d,2049,39362,871
brc202d,2050,41736,912
brc202d,2051,40587,879
brc202d,2052,36955,902
brc202d,2053,33279,871
brc202d,2054,39086,896
brc202d,2055,38701,867
brc202d,2056,39096,900
brc202d,2057,33939,878
brc202d,2058,35327,896
brc202d,2059,38860,872
brc202d,2060,31425,874
brc202d,2061,36509,903
brc202d,2062,34891,884
brc202d,2063,40005,890
brc202d,2064,38808,907
brc202d,2065,37471,907
brc202d,2066,33213,871
brc202d,2067,41543,887
brc202d,2068,35351,894
brc202d,2069,38434,869
brc202d,2070,42989,902
brc202d,2071,35682,888
brc202d,2072,38519,903
brc202d,2073,38875,894
brc202d,2074,39238,916
brc202d,2075,36808,916
brc202d,2076,36105,904
brc202d,2077,43005,874
brc202d,2078,42634,876
brc202d,2079,37551,887
brc202d,2080,36071,881
brc202d,2081,39451,894
brc202d,2082,33054,886
brc202d,2083,43096,872
brc202d,2084,39293,903
brc202d,2085,35940,884
brc202d,2086,38157,916
brc202d,2087,37410,914
brc202d,2088,38659,905
brc202d,2089,38494,899
brc202d,2090,40136,920
brc202d,2091,40090,897
brc202d,2092,36749,887
brc202d,2093,36103,897
brc202d,2094,40428,916
brc202d,2095,40555,902
brc202d,2096,38523,905
brc202d,2097,39756,909
brc202d,2098,37456,891
brc202d,2099,40494,886
brc202d,2100,41603,908
brc202d,2101,39996,907
brc202d,2102,42515,930
brc202d,2103,36655,907
brc202d,2104,32637,885
brc202d,2105,36122,909
brc202d,2106,34138,913
brc202d,2107,34242,907
brc202d,2108,35787,894
brc202d,2109,34471,895
brc202d,2110,40549,927
brc202d,2111,37686,924
brc202d,2112,39167,929
brc202d,2113,39046,921
brc202d,2114,40992,902
brc202d,2115,36743,906
brc202d,2116,39424,928
brc202d,2117,35859,902
brc202d,2118,38286,926
brc202d,2119,37929,928
brc202d,2120,39336,917
brc202d,2121,35728,907
brc202d,2122,32283,900
brc202d,2123,40398,913
brc202d,2124,42290,936
brc202d,2125,42753,910
brc202d,2126,38284,914
brc202d,2127,37639,927
brc202d,2128,40949,900
brc202d,2129,37661,935
brc202d,2130,41831,914
brc202d,2131,42194,941
brc202d,2132,40026,919
brc202d,2133,42976,931
brc202d,2134,38427,927
brc202d,2135,36143,910
brc202d,2136,36239,909
brc202d,2137,37436,912
brc202d,2138,42548,940
brc202d,2139,36277,906
brc202d,2140,35370,914
brc202d,2141,40852,900
brc202d,2142,36666,904
brc202d,2143,37950,936
brc202d,2144,40502,914
brc202d,2145,40037,922
brc202d,2146,43137,944
brc202d,2147,42654,899
brc202d,2148,37562,922
brc202d,2149,34580,944
brc202d,2150,39737,939
brc202d,2151,39848,913
brc202d,2152,39865,918
brc202d,2153,39107,915
brc202d,2154,34265,926
brc202d,2155,39515,935
brc202d,2156,40899,932
brc202d,2157,42734,944
brc202d,2158,43149,948
brc202d,2159,32496,909
brc202d,2160,40897,953
brc202d,2161,42883,918
brc202d,2162,38008,933
brc202d,2163,42708,929
brc202d,2164,41507,919
brc202d,2165,42802,909
brc202d,2166,36630,929
brc202d,2167,41396,950
brc202d,2168,35654,952
brc202d,2169,42027,934
brc202d,2170,38305,936
brc202d,2171,39247,924
brc202d,2172,38059,921
brc202d,2173,40933,922
brc202d,2174,35538,956
brc202d,2175,39672,945
brc202d,2176,36214,922
brc202d,2177,41143,962
brc202d,2178,41109,943
brc202d,2179,41923,919
brc202d,2180,41996,935
brc202d,2181,42244,944
brc202d,2182,37007,928
brc202d,2183,36002,929
brc202d,2184,40460,932
brc202d,2185,42171,932
brc202d,2186,41154,936
brc202d,2187,33873,921
brc202d,2188,39244,941
brc202d,2189,39884,939
brc202d,2190,41708,944
brc202d,2191,36063,937
brc202d,2192,38386,965
brc202d,2193,35106,932
brc202d,2194,40866,968
brc202d,2195,40576,942
brc202d,2196,35795,925
brc202d,2197,38313,947
brc202d,2198,35849,967
brc202d,2199,42482,976
brc202d,2200,43054,975
brc202d,2201,37510,950
brc202d,2202,42043,939
brc202d,2203,37651,938
brc202d,2204,37193,932
brc202d,2205,42167,930
brc202d,2206,33214,922
brc202d,2207,42204,975
brc202d,2208,38834,937
brc202d,2209,36483,968
brc202d,2210,39713,956
brc202d,2211,40211,950
brc202d,2212,43148,935
brc202d,2213,38872,944
brc202d,2214,40822,942
brc202d,2215,37114,946
brc202d,2216,42991,942
brc202d,2217,41772,941
brc202d,2218,40567,954
brc202d,2219,37867,948
brc202d,2220,34208,937
brc202d,2221,36522,937
brc202d,2222,40500,960
brc202d,2223,35833,947
brc202d,2224,42323,989
brc202d,2225,37949,938
brc202d,2226,40594,958
brc202d,2227,40393,957
brc202d,2228,34393,938
brc202d,2229,42805,976
brc202d,2230,34782,944
brc202d,2231,39059,982
brc202d,2232,40229,959
brc202d,2233,38939,983
brc202d,2234,38005,951
brc202d,2235,40390,984
brc202d,2236,42700,972
brc202d,2237,34452,942
brc202d,2238,35523,964
brc202d,2239,42008,966
brc202d,2240,42757,975
brc202d,2241,41573,969
brc202d,2242,39246,951
brc202d,2243,39909,964
brc202d,2244,41372,968
brc202d,2245,42691,980
brc202d,2246,42383,979
brc202d,2247,42734,955
brc202d,2248,42188,988
brc202d,2249,36567,988
brc202d,2250,39514,959
brc202d,2251,42886,988
brc202d,2252,42105,964
brc202d,2253,41374,961
brc202d,2254,36637,965
brc202d,2255,41901,960
brc202d,2256,42051,966
brc202d,2257,42895,953
brc202d,2258,42249,951
brc202d,2259,42849,952
brc202d,2260,40865,971
brc202d,2261,42184,990
brc202d,2262,41155,976
brc202d,2263,37490,984
brc202d,2264,39305,972
brc202d,2265,43033,955
brc202d,2266,40629,977
brc202d,2267,37272,971
brc202d,2268,42045,953
brc202d,2269,43146,956
brc202d,2270,42608,973
brc202d,2271,43140,962
brc202d,2272,42402,958
brc202d,2273,38734,960
brc202d,2274,37864,969
brc202d,2275,40064,976
brc202d,2276,43138,961
brc202d,2277,40609,975
brc202d,2278,40522,982
brc202d,2279,42315,976
brc202d,2280,41819,970
brc202d,2281,34836,959
brc202d,2282,42065,974
brc202d,2283,42163,975
brc202d,2284,40222,996
brc202d,2285,41527,984
brc202d,2286,40801,988
brc202d,2287,43026,962
brc202d,2288,41211,978
brc202d,2289,42548,1013
brc202d,2290,36252,968
brc202d,2291,38662,975
brc202d,2292,41264,992
brc202d,2293,41561,980
brc202d,2294,37880,973
brc202d,2295,40265,990
brc202d,2296,39204,976
brc202d,2297,39126,1002
brc202d,2298,42914,966
brc202d,2299,40579,993
brc202d,2300,36346,966
brc202d,2301,40810,998
brc202d,2302,40911,998
brc202d,2303,37008,987
brc202d,2304,35939,969
brc202d,2305,37469,976
brc202d,2306,38043,973
brc202d,2307,42482,987
brc202d,2308,42649,986
brc202d,2309,42643,985
brc202d,2310,38347,984
brc202d,2311,41975,988
brc202d,2312,36748,982
brc202d,2313,38550,977
brc202d,2314,41410,991
brc202d,2315,41924,1005
brc202d,2316,42465,981
brc202d,2317,42675,975
brc202d,2318,35731,980
brc202d,2319,42782,993
brc202d,2320,42097,1007
brc202d,2321,43088,996
brc202d,2322,40000,1006
brc202d,2323,41926,996
brc202d,2324,39475,994
brc202d,2325,42296,1011
brc202d,2326,42957,1018
brc202d,2327,42941,981
brc202d,2328,40790,1019
brc202d,2329,42685,1008
brc202d,2330,42491,997
brc202d,2331,42995,996
brc202d,2332,39954,1000
brc202d,2333,42179,1021
brc202d,2334,38298,999
brc202d,2335,42701,1000
brc202d,2336,41365,1007
brc202d,2337,39539,997
brc202d,2338,39453,998
brc202d,2339,42642,1005
brc202d,2340,42885,1002
brc202d,2341,38733,998
brc202d,2342,41205,1005
brc202d,2343,39214,1026
brc202d,2344,38155,1006
brc202d,2345,39460,994
brc202d,2346,42560,1020
brc202d,2347,42807,987
brc202d,2348,38696,1028
brc202d,2349,41595,1024
brc202d,2350,38194,1006
brc202d,2351,39083,1028
brc202d,2352,39325,1007
brc202d,2353,39062,1006
brc202d,2354,42459,1023
brc202d,2355,37766,998
brc202d,2356,39199,1007
brc202d,2357,43099,1003
brc202d,2358,40107,1023
brc202d,2359,39763,993
brc202d,2360,38866,1016
brc202d,2361,42846,1001
brc202d,2362,43145,1009
brc202d,2363,39938,1015
brc202d,2364,42676,1025
brc202d,2365,42482,1014
brc202d,2366,42137,1008
brc202d,2367,39288,1009
brc202d,2368,40281,1006
brc202d,2369,40283,1009
brc202d,2370,40446,1004
brc202d,2371,42726,1014
brc202d,2372,41683,1016
brc202d,2373,37287,998
brc202d,2374,42867,1003
brc202d,2375,42634,1018
brc202d,2376,42754,1014
brc202d,2377,42141,1021
brc202d,2378,41692,1013
brc202d,2379,37564,1006
brc202d,2380,38013,1003
brc202d,2381,42652,1013
brc202d,2382,42724,1026
brc202d,2383,38788,1019
brc202d,2384,42935,1017
brc202d,2385,37563,1009
brc202d,2386,38501,1018
brc202d,2387,42499,1016
brc202d,2388,39598,1017
brc202d,2389,43004,1011
brc202d,2390,42880,1024
brc202d,2391,42316,1033
brc202d,2392,42671,1026
brc202d,2393,41173,1022
brc202d,2394,41907,1021
brc202d,2395,43072,1021
brc202d,2396,42776,1025
brc202d,2397,43150,1033
brc202d,2398,42550,1019
brc202d,2399,39126,1020
brc202d,2400,38294,1009
brc202d,2401,43022,1034
brc202d,2402,42117,1028
brc202d,2403,38965,1021
brc202d,2404,42538,1038
brc202d,2405,42657,1023
brc202d,2406,41589,1034
brc202d,2407,43148,1064
brc202d,2408,42729,1041
brc202d,2409,42686,1030
brc202d,2410,40944,1056
brc202d,2411,41254,1034
brc202d,2412,42666,1030
brc202d,2413,40464,1032
brc202d,2414,42598,1033
brc202d,2415,40881,1037
brc202d,2416,42295,1040
brc202d,2417,42301,1039
brc202d,2418,42381,1037
brc202d,2419,42096,1037
brc202d,2420,42642,1034
brc202d,2421,42926,1040
brc202d,2422,42826,1032
brc202d,2423,39423,1021
brc202d,2424,42843,1046
brc202d,2425,41957,1032
brc202d,2426,39991,1046
brc202d,2427,42990,1025
brc202d,2428,42988,1032
brc202d,2429,42980,1047
brc202d,2430,42653,1036
brc202d,2431,41996,1045
brc202d,2432,39649,1026
brc202d,2433,43151,1071
brc202d,2434,42990,1048
brc202d,2435,43091,1046
brc202d,2436,40650,1037
brc202d,2437,43023,1043
brc202d,2438,39921,1041
brc202d,2439,42736,1041
brc202d,2440,41984,1047
brc202d,2441,42740,1040
brc202d,2442,42109,1048
brc202d,2443,43143,1060
brc202d,2444,40773,1046
brc202d,2445,42577,1052
brc202d,2446,43118,1051
brc202d,2447,41263,1045
brc202d,2448,42842,1044
brc202d,2449,39975,1040
brc202d,2450,43094,1054
brc202d,2451,42825,1058
brc202d,2452,42584,1047
brc202d,2453,42628,1049
brc202d,2454,42016,1049
brc202d,2455,39932,1060
brc202d,2456,43132,1035
brc202d,2457,42774,1064
brc202d,2458,39881,1060
brc202d,2459,42599,1052
brc202d,2460,40476,1050
brc202d,2461,41321,1049
brc202d,2462,42698,1061
brc202d,2463,43017,1062
brc202d,2464,40765,1056
brc202d,2465,42614,1044
brc202d,2466,41397,1055
brc202d,2467,41555,1064
brc202d,2468,41418,1052
brc202d,2469,42109,1048
brc202d,2470,43054,1060
brc202d,2471,42981,1062
brc202d,2472,42686,1060
brc202d,2473,43100,1063
brc202d,2474,40657,1055
brc202d,2475,43046,1055
brc202d,2476,42128,1070
brc202d,2477,43056,1035
brc202d,2478,43107,1057
brc202d,2479,41114,1063
brc202d,2480,41900,1064
brc202d,2481,42199,1066
brc202d,2482,43148,1063
brc202d,2483,41728,1058
brc202d,2484,42859,1060
brc202d,2485,41305,1065
brc202d,2486,42198,1064
brc202d,2487,41381,1063
brc202d,2488,42651,1065
brc202d,2489,42696,1055
brc202d,2490,43128,1065
brc202d,2491,42718,1063
brc202d,2492,42970,1067
brc202d,2493,43033,1063
brc202d,2494,42958,1080
brc202d,2495,43056,1074
brc202d,2496,43023,1064
brc202d,2497,42015,1077
brc202d,2498,42990,1068
brc202d,2499,42926,1067
brc202d,2500,41967,1074
brc202d,2501,43066,1072
brc202d,2502,42595,1077
brc202d,2503,41331,1077
brc202d,2504,42741,1067
brc202d,2505,42120,1070
brc202d,2506,42148,1070
brc202d,2507,42275,1065
brc202d,2508,42404,1067
brc202d,2509,41549,1064
brc202d,2510,42605,1073
brc202d,2511,42567,1078
brc202d,2512,42502,1069
brc202d,2513,42147,1078
brc202d,2514,42118,1082
brc202d,2515,42493,1076
brc202d,2516,43090,1080
brc202d,2517,41737,1068
brc202d,2518,42308,1070
brc202d,2519,42148,1070
brc202d,2520,43116,1078
brc202d,2521,42441,1075
brc202d,2522,42794,1078
brc202d,2523,42921,1076
brc202d,2524,43075,1081
brc202d,2525,43002,1075
brc202d,2526,42126,1075
brc202d,2527,42478,1077
brc202d,2528,42947,1074
brc202d,2529,42553,1076
brc202d,2530,43031,1084
brc202d,2531,42906,1084
brc202d,2532,42994,1082
brc202d,2533,42746,1077
brc202d,2534,42705,1081
brc202d,2535,42421,1107
brc202d,2536,42633,1088
brc202d,2537,42892,1079
brc202d,2538,42270,1089
brc202d,2539,42380,1083
brc202d,2540,42469,1083
brc202d,2541,43113,1092
brc202d,2542,42598,1082
brc202d,2543,42945,1080
brc202d,2544,42694,1079
brc202d,2545,42744,1087
brc202d,2546,42915,1080
brc202d,2547,42758,1087
brc202d,2548,42408,1083
brc202d,2549,43129,1093
brc203d,0,38,4
brc203d,1,11,2
brc203d,2,5,1
brc203d,3,1,0
brc203d,4,8,2
brc203d,5,35,4
brc203d,6,18,3
brc203d,7,18,3
brc203d,8,18,3
brc203d,9,1,0
brc203d,10,41,6
brc203d,11,51,5
brc203d,12,78,6
brc203d,13,128,9
brc203d,14,113,8
brc203d,15,42,5
brc203d,16,137,8
brc203d,17,116,9
brc203d,18,56,6
brc203d,19,152,10
brc203d,20,171,9
brc203d,21,271,13
brc203d,22,181,11
brc203d,23,124,13
brc203d,24,147,10
brc203d,25,177,11
brc203d,26,271,13
brc203d,27,116,10
brc203d,28,143,9
brc203d,29,147,12
brc203d,30,343,13
brc203d,31,263,17
brc203d,32,771,22
brc203d,33,394,15
brc203d,34,224,13
brc203d,35,402,18
brc203d,36,441,15
brc203d,37,296,17
brc203d,38,299,19
brc203d,39,474,20
brc203d,40,489,23
brc203d,41,702,21
brc203d,42,390,19
brc203d,43,269,21
brc203d,44,555,19
brc203d,45,455,22
brc203d,46,546,25
brc203d,47,404,19
brc203d,48,924,26
brc203d,49,357,18
brc203d,50,1507,29
brc203d,51,792,28
brc203d,52,774,31
brc203d,53,1110,31
brc203d,54,724,25
brc203d,55,427,25
brc203d,56,716,23
brc203d,57,489,21
brc203d,58,579,26
brc203d,59,1081,24
brc203d,60,935,33
brc203d,61,1177,33
brc203d,62,532,26
brc203d,63,1839,35
brc203d,64,1050,26
brc203d,65,1392,29
brc203d,66,656,30
brc203d,67,1419,34
brc203d,68,1262,32
brc203d,69,1549,36
brc203d,70,1348,36
brc203d,71,868,32
brc203d,72,1105,35
brc203d,73,1180,32
brc203d,74,1148,38
brc203d,75,795,36
brc203d,76,1655,40
brc203d,77,953,37
brc203d,78,1181,38
brc203d,79,1953,38
brc203d,80,1108,37
brc203d,81,972,33
brc203d,82,1511,36
brc203d,83,992,34
brc203d,84,1115,38
brc203d,85,2361,41
brc203d,86,471,38
brc203d,87,2203,40
brc203d,88,2106,47
brc203d,89,1538,36
brc203d,90,2863,50
brc203d,91,1640,39
brc203d,92,2092,47
brc203d,93,523,41
brc203d,94,2673,41
brc203d,95,2071,39
brc203d,96,1239,45
brc203d,97,1230,50
brc203d,98,1458,43
brc203d,99,990,41
brc203d,100,1478,43
brc203d,101,2542,52
brc203d,102,2070,44
brc203d,103,1583,52
brc203d,104,2141,54
brc203d,105,2529,44
brc203d,106,2675,45
brc203d,107,2776,53
brc203d,108,766,51
brc203d,109,4043,59
brc203d,110,2418,61
brc203d,111,2813,61
brc203d,112,2511,57
brc203d,113,3596,57
brc203d,114,1668,50
brc203d,115,2135,48
brc203d,116,2910,56
brc203d,117,2797,53
brc203d,118,1741,47
brc203d,119,3646,60
brc203d,120,2288,54
brc203d,121,3313,59
brc203d,122,1986,56
brc203d,123,3054,60
brc203d,124,2425,59
brc203d,125,2522,57
brc203d,126,2521,58
brc203d,127,1936,59
brc203d,128,1294,55
brc203d,129,761,53
brc203d,130,3078,57
brc203d,131,2591,58
brc203d,132,2926,57
brc203d,133,3409,65
brc203d,134,2085,59
brc203d,135,3253,59
brc203d,136,3820,61
brc203d,137,2844,60
brc203d,138,2373,54
brc203d,139,2222,56
brc203d,140,2467,62
brc203d,141,4232,73
brc203d,142,1845,66
brc203d,143,1844,63
brc203d,144,3919,72
brc203d,145,1297,61
brc203d,146,4271,70
brc203d,147,2543,64
brc203d,148,4504,76
brc203d,149,2223,66
brc203d,150,2380,74
brc203d,151,4926,74
brc203d,152,2317,78
brc203d,153,3400,62
brc203d,154,3772,67
brc203d,155,2313,67
brc203d,156,3724,68
brc203d,157,2852,74
brc203d,158,2580,80
brc203d,159,4616,76
brc203d,160,2707,78
brc203d,161,4626,84
brc203d,162,4833,82
brc203d,163,3893,89
brc203d,164,3530,67
brc203d,165,1229,67
brc203d,166,4153,72
brc203d,167,2701,81
brc203d,168,1795,71
brc203d,169,4470,77
brc203d,170,1913,82
brc203d,171,3021,71
brc203d,172,3413,76
brc203d,173,3590,77
brc203d,174,4147,74
brc203d,175,3459,81
brc203d,176,3880,78
brc203d,177,4577,76
brc203d,178,4640,77
brc203d,179,1074,71
brc203d,180,3819,79
brc203d,181,1583,78
brc203d,182,3007,90
brc203d,183,1138,79
brc203d,184,4204,88
brc203d,185,2307,86
brc203d,186,4648,82
brc203d,187,3063,89
brc203d,188,5267,82
brc203d,189,4477,89
brc203d,190,5014,85
brc203d,191,4459,90
brc203d,192,3644,97
brc203d,193,4922,94
brc203d,194,1666,79
brc203d,195,3104,85
brc203d,196,3830,82
brc203d,197,5027,78
brc203d,198,1554,84
brc203d,199,1346,83
brc203d,200,3943,106
brc203d,201,4808,95
brc203d,202,2721,93
brc203d,203,4965,91
brc203d,204,2460,88
brc203d,205,3184,101
brc203d,206,5667,100
brc203d,207,3899,98
brc203d,208,4366,93
brc203d,209,5809,90
brc203d,210,6227,97
brc203d,211,5881,91
brc203d,212,5878,95
brc203d,213,5567,93
brc203d,214,4533,102
brc203d,215,3563,102
brc203d,216,5814,104
brc203d,217,1972,94
brc203d,218,5339,97
brc203d,219,4675,99
brc203d,220,5829,101
brc203d,221,1782,98
brc203d,222,6317,99
brc203d,223,5113,101
brc203d,224,6744,111
brc203d,225,3862,99
brc203d,226,5354,114
brc203d,227,6825,109
brc203d,228,3237,98
brc203d,229,4711,93
brc203d,230,6348,109
brc203d,231,4490,107
brc203d,232,6460,104
brc203d,233,6404,109
brc203d,234,4548,101
brc203d,235,5909,110
brc203d,236,1860,105
brc203d,237,2147,106
brc203d,238,4984,103
brc203d,239,2783,94
brc203d,240,2292,102
brc203d,241,4953,102
brc203d,242,7312,110
brc203d,243,7611,114
brc203d,244,3357,108
brc203d,245,8038,117
brc203d,246,2410,104
brc203d,247,3281,116
brc203d,248,8413,125
brc203d,249,5921,108
brc203d,250,2823,103
brc203d,251,6728,106
brc203d,252,6014,115
brc203d,253,7629,119
brc203d,254,7340,127
brc203d,255,6237,118
brc203d,256,1701,105
brc203d,257,4693,116
brc203d,258,5906,123
brc203d,259,4854,117
brc203d,260,6827,126
brc203d,261,7304,121
brc203d,262,7475,127
brc203d,263,6671,118
brc203d,264,5195,132
brc203d,265,5215,121
brc203d,266,3314,127
brc203d,267,4051,119
brc203d,268,8593,121
brc203d,269,7187,112
brc203d,270,7048,126
brc203d,271,8183,128
brc203d,272,5275,125
brc203d,273,4051,120
brc203d,274,6569,120
brc203d,275,3909,128
brc203d,276,8471,124
brc203d,277,4685,114
brc203d,278,6616,123
brc203d,279,8951,133
brc203d,280,8183,135
brc203d,281,3856,130
brc203d,282,6990,127
brc203d,283,3476,142
brc203d,284,6307,130
brc203d,285,3137,132
brc203d,286,6409,125
brc203d,287,6595,121
brc203d,288,8724,123
brc203d,289,6179,120
brc203d,290,4453,132
brc203d,291,8428,139
brc203d,292,5529,125
brc203d,293,8166,135
brc203d,294,5256,134
brc203d,295,6961,143
brc203d,296,8398,132
brc203d,297,10759,139
brc203d,298,8756,128
brc203d,299,7240,132
brc203d,300,7439,131
brc203d,301,8622,140
brc203d,302,5539,129
brc203d,303,7829,149
brc203d,304,4865,133
brc203d,305,7301,142
brc203d,306,9599,151
brc203d,307,7262,136
brc203d,308,7555,128
brc203d,309,4202,143
brc203d,310,11316,147
brc203d,311,6895,156
brc203d,312,8955,142
brc203d,313,11166,151
brc203d,314,8296,137
brc203d,315,5440,146
brc203d,316,4697,136
brc203d,317,7216,142
brc203d,318,6338,139
brc203d,319,8994,142
brc203d,320,10027,135
brc203d,321,9009,152
brc203d,322,9854,144
brc203d,323,4348,149
brc203d,324,5511,153
brc203d,325,10970,157
brc203d,326,4336,149
brc203d,327,6173,153
brc203d,328,11303,145
brc203d,329,7856,160
brc203d,330,6800,170
brc203d,331,11713,164
brc203d,332,5638,159
brc203d,333,4993,152
brc203d,334,9752,159
brc203d,335,6096,152
brc203d,336,8979,149
brc203d,337,11447,154
brc203d,338,4008,158
brc203d,339,8774,148
brc203d,340,7878,156
brc203d,341,8859,158
brc203d,342,11330,164
brc203d,343,11775,148
brc203d,344,7601,163
brc203d,345,11138,164
brc203d,346,11600,161
brc203d,347,11586,144
brc203d,348,8548,152
brc203d,349,9120,160
brc203d,350,11643,165
brc203d,351,9843,159
brc203d,352,10142,162
brc203d,353,13520,175
brc203d,354,7556,157
brc203d,355,10974,156
brc203d,356,5294,155
brc203d,357,6793,165
brc203d,358,6951,158
brc203d,359,9467,152
brc203d,360,9426,164
brc203d,361,11344,166
brc203d,362,10023,154
brc203d,363,8595,175
brc203d,364,11050,170
brc203d,365,2275,151
brc203d,366,12485,171
brc203d,367,6805,156
brc203d,368,9753,185
brc203d,369,10907,168
brc203d,370,6505,179
brc203d,371,12428,176
brc203d,372,5776,175
brc203d,373,11564,170
brc203d,374,6083,157
brc203d,375,5305,171
brc203d,376,11742,166
brc203d,377,7128,173
brc203d,378,6650,158
brc203d,379,6594,171
brc203d,380,8366,175
brc203d,381,6537,163
brc203d,382,13729,176
brc203d,383,9972,175
brc203d,384,10845,172
brc203d,385,11607,180
brc203d,386,7296,174
brc203d,387,11218,184
brc203d,388,9145,170
brc203d,389,11005,165
brc203d,390,13600,188
brc203d,391,16097,197
brc203d,392,7203,181
brc203d,393,11226,172
brc203d,394,13045,192
brc203d,395,15912,196
brc203d,396,13556,177
brc203d,397,7305,179
brc203d,398,8618,176
brc203d,399,10026,176
brc203d,400,14859,191
brc203d,401,11670,174
brc203d,402,3357,168
brc203d,403,6718,178
brc203d,404,14367,185
brc203d,405,13744,176
brc203d,406,9417,186
brc203d,407,10752,187
brc203d,408,10841,196
brc203d,409,9815,179
brc203d,410,6627,178
brc203d,411,9730,201
brc203d,412,9458,188
brc203d,413,8918,182
brc203d,414,14070,195
brc203d,415,9472,193
brc203d,416,7331,191
brc203d,417,12098,199
brc203d,418,8166,189
brc203d,419,12794,190
brc203d,420,7941,193
brc203d,421,12353,188
brc203d,422,6858,203
brc203d,423,9167,191
brc203d,424,13951,198
brc203d,425,15626,192
brc203d,426,8129,192
brc203d,427,10787,185
brc203d,428,2811,176
brc203d,429,7366,183
brc203d,430,13665,189
brc203d,431,14092,191
brc203d,432,11535,198
brc203d,433,11390,199
brc203d,434,12197,201
brc203d,435,8524,200
brc203d,436,13861,199
brc203d,437,15611,194
brc203d,438,13501,198
brc203d,439,10776,206
brc203d,440,15846,203
brc203d,441,14621,186
brc203d,442,13814,202
brc203d,443,9460,217
brc203d,444,7781,193
brc203d,445,9322,199
brc203d,446,12067,205
brc203d,447,11908,203
brc203d,448,6639,181
brc203d,449,14066,209
brc203d,450,13364,214
brc203d,451,9115,212
brc203d,452,6005,194
brc203d,453,16007,205
brc203d,454,14891,223
brc203d,455,8436,216
brc203d,456,8499,199
brc203d,457,5890,194
brc203d,458,7985,205
brc203d,459,15922,196
brc203d,460,8232,215
brc203d,461,9090,207
brc203d,462,10507,221
brc203d,463,11870,206
brc203d,464,8643,216
brc203d,465,11962,211
brc203d,466,14725,221
brc203d,467,11669,219
brc203d,468,8681,202
brc203d,469,11420,219
brc203d,470,13860,218
brc203d,471,11764,212
brc203d,472,9819,216
brc203d,473,16022,198
brc203d,474,7475,218
brc203d,475,15676,226
brc203d,476,10311,205
brc203d,477,9866,208
brc203d,478,11475,209
brc203d,479,15529,230
brc203d,480,15869,203
brc203d,481,7317,221
brc203d,482,8991,213
brc203d,483,14438,232
brc203d,484,11174,218
brc203d,485,8560,219
brc203d,486,9494,223
brc203d,487,7716,220
brc203d,488,11128,217
brc203d,489,14597,230
brc203d,490,6329,209
brc203d,491,9887,222
brc203d,492,9248,232
brc203d,493,11153,221
brc203d,494,7118,212
brc203d,495,13846,212
brc203d,496,16975,231
brc203d,497,8591,205
brc203d,498,14313,225
brc203d,499,6797,213
brc203d,500,15305,223
brc203d,501,11780,223
brc203d,502,10605,236
brc203d,503,7427,234
brc203d,504,7397,231
brc203d,505,17071,242
brc203d,506,11934,234
brc203d,507,9061,221
brc203d,508,12147,240
brc203d,509,17569,233
brc203d,510,9427,232
brc203d,511,9877,229
brc203d,512,7313,236
brc203d,513,8194,236
brc203d,514,10659,224
brc203d,515,8646,243
brc203d,516,16827,217
brc203d,517,12660,250
brc203d,518,13086,235
brc203d,519,9874,229
brc203d,520,11432,243
brc203d,521,17035,235
brc203d,522,11230,243
brc203d,523,12354,240
brc203d,524,13453,245
brc203d,525,9467,238
brc203d,526,14566,248
brc203d,527,6971,222
brc203d,528,9131,229
brc203d,529,16574,222
brc203d,530,8092,245
brc203d,531,14283,250
brc203d,532,12483,254
brc203d,533,11650,233
brc203d,534,13250,245
brc203d,535,9035,239
brc203d,536,17335,243
brc203d,537,9475,235
brc203d,538,8788,246
brc203d,539,12877,240
brc203d,540,10510,240
brc203d,541,10486,248
brc203d,542,13681,253
brc203d,543,17338,229
brc203d,544,7907,241
brc203d,545,15164,238
brc203d,546,12793,249
brc203d,547,16558,265
brc203d,548,13076,247
brc203d,549,10553,257
brc203d,550,15213,261
brc203d,551,14605,261
brc203d,552,9641,257
brc203d,553,12039,265
brc203d,554,7761,236
brc203d,555,8049,249
brc203d,556,8511,260
brc203d,557,14733,248
brc203d,558,11090,267
brc203d,559,11540,257
brc203d,560,18539,258
brc203d,561,8316,260
brc203d,562,12896,254
brc203d,563,17545,247
brc203d,564,12849,266
brc203d,565,11140,252
brc203d,566,12427,257
brc203d,567,11714,257
brc203d,568,10583,245
brc203d,569,12717,255
brc203d,570,8743,259
brc203d,571,9973,259
brc203d,572,16059,274
brc203d,573,11951,271
brc203d,574,13626,265
brc203d,575,7615,244
brc203d,576,19475,263
brc203d,577,8873,265
brc203d,578,16249,276
brc203d,579,10133,267
brc203d,580,9049,267
brc203d,581,14821,269
brc203d,582,18055,272
brc203d,583,6481,245
brc203d,584,8053,270
brc203d,585,12310,278
brc203d,586,9524,268
brc203d,587,13089,266
brc203d,588,13334,269
brc203d,589,12077,265
brc203d,590,19402,275
brc203d,591,18545,281
brc203d,592,11500,280
brc203d,593,12570,266
brc203d,594,12912,261
brc203d,595,8120,256
brc203d,596,13042,263
brc203d,597,17914,257
brc203d,598,8050,265
brc203d,599,8899,271
brc203d,600,13150,280
brc203d,601,16644,289
brc203d,602,15848,285
brc203d,603,10144,290
brc203d,604,13733,284
brc203d,605,19617,273
brc203d,606,12749,273
brc203d,607,16513,283
brc203d,608,11907,271
brc203d,609,19671,284
brc203d,610,15812,281
brc203d,611,12547,274
brc203d,612,14193,290
brc203d,613,10490,291
brc203d,614,15464,275
brc203d,615,20197,280
brc203d,616,10896,290
brc203d,617,15732,276
brc203d,618,9937,269
brc203d,619,14825,296
brc203d,620,20189,286
brc203d,621,13077,282
brc203d,622,13499,293
brc203d,623,5894,254
brc203d,624,13242,287
brc203d,625,8841,279
brc203d,626,17595,269
brc203d,627,16791,285
brc203d,628,13665,275
brc203d,629,14083,277
brc203d,630,14048,299
brc203d,631,19917,291
brc203d,632,16770,301
brc203d,633,19614,284
brc203d,634,15503,301
brc203d,635,19312,300
brc203d,636,17751,273
brc203d,637,14564,297
brc203d,638,14465,292
brc203d,639,14055,298
brc203d,640,11604,303
brc203d,641,9402,278
brc203d,642,14746,306
brc203d,643,15463,300
brc203d,644,14570,296
brc203d,645,19787,283
brc203d,646,15639,283
brc203d,647,14546,305
brc203d,648,18505,285
brc203d,649,11424,277
brc203d,650,13372,288
brc203d,651,17602,288
brc203d,652,17370,310
brc203d,653,7911,279
brc203d,654,13488,289
brc203d,655,14665,306
brc203d,656,17309,305
brc203d,657,14049,294
brc203d,658,11273,303
brc203d,659,7594,276
brc203d,660,15683,313
brc203d,661,10643,292
brc203d,662,11406,307
brc203d,663,10758,313
brc203d,664,7166,280
brc203d,665,19480,274
brc203d,666,17571,286
brc203d,667,16119,290
brc203d,668,15798,294
brc203d,669,8094,278
brc203d,670,18648,291
brc203d,671,15558,321
brc203d,672,16609,298
brc203d,673,10675,290
brc203d,674,17393,296
brc203d,675,11365,295
brc203d,676,12064,311
brc203d,677,15822,311
brc203d,678,14257,305
brc203d,679,17812,294
brc203d,680,15484,301
brc203d,681,17672,302
brc203d,682,15765,315
brc203d,683,18461,323
brc203d,684,17158,295
brc203d,685,14748,308
brc203d,686,12084,297
brc203d,687,12395,303
brc203d,688,11943,319
brc203d,689,13236,318
brc203d,690,16225,292
brc203d,691,11348,309
brc203d,692,15544,302
brc203d,693,16585,328
brc203d,694,16273,328
brc203d,695,17125,323
brc203d,696,18720,320
brc203d,697,14020,335
brc203d,698,12671,308
brc203d,699,15028,307
brc203d,700,12465,333
brc203d,701,20377,303
brc203d,702,15451,336
brc203d,703,19455,290
brc203d,704,12679,329
brc203d,705,12042,323
brc203d,706,16338,311
brc203d,707,16338,310
brc203d,708,16932,315
brc203d,709,18751,301
brc203d,710,11395,333
brc203d,711,16018,335
brc203d,712,15890,314
brc203d,713,16664,336
brc203d,714,7464,299
brc203d,715,16703,305
brc203d,716,8084,305
brc203d,717,18205,309
brc203d,718,12472,340
brc203d,719,11286,330
brc203d,720,13461,323
brc203d,721,17532,340
brc203d,722,18906,343
brc203d,723,18862,330
brc203d,724,20337,312
brc203d,725,17174,335
brc203d,726,15646,320
brc203d,727,16581,316
brc203d,728,9417,313
brc203d,729,20101,340
brc203d,730,16002,327
brc203d,731,18458,349
brc203d,732,18018,339
brc203d,733,14911,346
brc203d,734,14535,327
brc203d,735,18334,340
brc203d,736,14571,337
brc203d,737,11806,340
brc203d,738,17648,337
brc203d,739,17567,339
brc203d,740,15550,348
brc203d,741,20329,350
brc203d,742,14991,355
brc203d,743,18514,348
brc203d,744,10612,323
brc203d,745,11821,328
brc203d,746,15790,324
brc203d,747,16789,324
brc203d,748,17261,322
brc203d,749,14681,346
brc203d,750,19461,354
brc203d,751,13588,335
brc203d,752,16427,327
brc203d,753,16319,329
brc203d,754,15920,326
brc203d,755,18751,356
brc203d,756,19709,357
brc203d,757,12294,346
brc203d,758,18274,327
brc203d,759,15640,351
brc203d,760,20646,321
brc203d,761,16685,331
brc203d,762,15167,342
brc203d,763,17151,330
brc203d,764,17365,336
brc203d,765,16296,329
brc203d,766,19309,357
brc203d,767,17457,330
brc203d,768,9543,327
brc203d,769,14754,327
brc203d,770,19083,365
brc203d,771,13083,338
brc203d,772,12998,347
brc203d,773,17229,345
brc203d,774,18169,341
brc203d,775,13068,353
brc203d,776,17778,353
brc203d,777,19542,350
brc203d,778,18808,359
brc203d,779,12632,361
brc203d,780,18352,343
brc203d,781,20206,350
brc203d,782,9042,324
brc203d,783,12717,340
brc203d,784,17709,343
brc203d,785,19123,344
brc203d,786,16906,339
brc203d,787,13403,344
brc203d,788,17361,350
brc203d,789,15514,346
brc203d,790,15698,346
brc203d,791,19502,348
brc203d,792,16797,343
brc203d,793,19416,344
brc203d,794,19027,353
brc203d,795,20100,371
brc203d,796,19227,342
brc203d,797,16324,350
brc203d,798,19807,374
brc203d,799,18669,353
brc203d,800,12786,352
brc203d,801,17702,350
brc203d,802,20355,376
brc203d,803,13896,362
brc203d,804,19393,350
brc203d,805,13372,348
brc203d,806,17164,353
brc203d,807,14171,367
brc203d,808,12279,352
brc203d,809,14612,377
brc203d,810,18351,352
brc203d,811,12826,357
brc203d,812,10803,348
brc203d,813,19397,354
brc203d,814,14234,346
brc203d,815,14856,378
brc203d,816,12520,359
brc203d,817,19121,357
brc203d,818,19888,377
brc203d,819,19067,353
brc203d,820,19444,352
brc203d,821,15874,383
brc203d,822,18137,367
brc203d,823,19635,365
brc203d,824,17642,363
brc203d,825,19229,360
brc203d,826,19010,364
brc203d,827,17952,354
brc203d,828,17129,359
brc203d,829,16927,359
brc203d,830,13144,366
brc203d,831,17499,370
brc203d,832,16630,365
brc203d,833,18326,372
brc203d,834,14246,360
brc203d,835,14172,355
brc203d,836,17632,365
brc203d,837,16297,370
brc203d,838,19726,390
brc203d,839,13551,367
brc203d,840,18709,375
brc203d,841,12968,357
brc203d,842,20267,399
brc203d,843,17301,370
brc203d,844,18711,368
brc203d,845,19067,363
brc203d,846,16944,370
brc203d,847,16425,397
brc203d,848,17357,363
brc203d,849,20489,376
brc203d,850,13368,374
brc203d,851,18181,375
brc203d,852,20476,405
brc203d,853,11422,360
brc203d,854,16390,367
brc203d,855,20098,374
brc203d,856,18818,369
brc203d,857,13116,369
brc203d,858,10718,367
brc203d,859,19471,385
brc203d,860,17121,371
brc203d,861,15666,376
brc203d,862,16493,372
brc203d,863,18424,378
brc203d,864,12688,375
brc203d,865,18505,377
brc203d,866,14934,386
brc203d,867,17312,379
brc203d,868,16968,385
brc203d,869,19150,376
brc203d,870,18925,382
brc203d,871,20066,385
brc203d,872,20376,395
brc203d,873,19085,381
brc203d,874,16744,379
brc203d,875,19722,373
brc203d,876,19775,377
brc203d,877,18383,390
brc203d,878,11592,378
brc203d,879,20039,369
brc203d,880,17819,388
brc203d,881,12390,387
brc203d,882,16603,385
brc203d,883,12806,382
brc203d,884,19245,377
brc203d,885,15993,394
brc203d,886,18318,391
brc203d,887,13066,379
brc203d,888,13706,381
brc203d,889,19525,382
brc203d,890,19428,384
brc203d,891,16925,382
brc203d,892,17399,388
brc203d,893,16414,403
brc203d,894,17159,393
brc203d,895,19177,393
brc203d,896,20685,385
brc203d,897,16731,381
brc203d,898,19700,392
brc203d,899,19908,380
brc203d,900,16652,392
brc203d,901,18504,387
brc203d,902,18697,393
brc203d,903,18183,398
brc203d,904,19760,394
brc203d,905,20246,392
brc203d,906,18353,401
brc203d,907,13409,394
brc203d,908,19986,381
brc203d,909,19049,396
brc203d,910,16351,392
brc203d,911,12164,392
brc203d,912,20231,410
brc203d,913,19438,393
brc203d,914,17330,397
brc203d,915,20329,403
brc203d,916,18346,400
brc203d,917,20545,413
brc203d,918,18405,394
brc203d,919,19985,399
brc203d,920,12087,398
brc203d,921,14719,410
brc203d,922,20559,407
brc203d,923,19810,394
brc203d,924,18208,403
brc203d,925,15717,401
brc203d,926,17651,402
brc203d,927,17023,404
brc203d,928,15356,390
brc203d,929,16988,391
brc203d,930,19774,416
brc203d,931,20606,403
brc203d,932,16180,400
brc203d,933,16590,403
brc203d,934,19233,417
brc203d,935,18310,408
brc203d,936,19903,396
brc203d,937,18885,415
brc203d,938,17792,409
brc203d,939,13410,403
brc203d,940,17239,410
brc203d,941,17375,415
brc203d,942,17100,410
brc203d,943,19728,412
brc203d,944,19036,413
brc203d,945,19991,408
brc203d,946,17300,408
brc203d,947,20480,414
brc203d,948,17296,410
brc203d,949,18324,415
brc203d,950,19190,413
brc203d,951,17655,414
brc203d,952,19119,411
brc203d,953,17379,412
brc203d,954,16334,408
brc203d,955,18281,409
brc203d,956,19729,423
brc203d,957,20328,409
brc203d,958,17147,414
brc203d,959,20439,416
brc203d,960,18884,420
brc203d,961,17475,422
brc203d,962,15020,406
brc203d,963,17498,418
brc203d,964,20444,410
brc203d,965,18008,419
brc203d,966,17494,429
brc203d,967,14138,410
brc203d,968,20560,420
brc203d,969,20624,419
brc203d,970,19639,422
brc203d,971,15495,408
brc203d,972,19865,412
brc203d,973,18563,427
brc203d,974,17811,432
brc203d,975,19842,418
brc203d,976,19132,431
brc203d,977,19827,420
brc203d,978,18746,425
brc203d,979,13699,408
brc203d,980,19711,428
brc203d,981,20256,426
brc203d,982,19542,435
brc203d,983,17689,435
brc203d,984,19574,422
brc203d,985,15043,417
brc203d,986,18921,422
brc203d,987,20076,421
brc203d,988,20234,434
brc203d,989,19143,428
brc203d,990,19921,436
brc203d,991,19587,428
brc203d,992,18069,427
brc203d,993,18303,439
brc203d,994,18514,437
brc203d,995,15377,426
brc203d,996,18673,434
brc203d,997,19666,435
brc203d,998,19122,426
brc203d,999,13992,421
brc203d,1000,18976,429
brc203d,1001,20429,423
brc203d,1002,18451,438
brc203d,1003,20498,443
brc203d,1004,20343,423
brc203d,1005,19748,433
brc203d,1006,20584,422
brc203d,1007,19797,434
brc203d,1008,19330,437
brc203d,1009,19917,429
brc203d,1010,19910,443
brc203d,1011,19504,441
brc203d,1012,17916,448
brc203d,1013,15780,432
brc203d,1014,18243,437
brc203d,1015,20553,432
brc203d,1016,15385,425
brc203d,1017,20676,448
brc203d,1018,20241,431
brc203d,1019,19781,434
brc203d,1020,16963,445
brc203d,1021,18757,439
brc203d,1022,20638,435
brc203d,1023,19417,444
brc203d,1024,15212,430
brc203d,1025,16184,429
brc203d,1026,18993,447
brc203d,1027,19064,441
brc203d,1028,20650,451
brc203d,1029,19392,445
brc203d,1030,17248,448
brc203d,1031,19137,449
brc203d,1032,19757,447
brc203d,1033,18729,444
brc203d,1034,15235,436
brc203d,1035,18784,459
brc203d,1036,18074,449
brc203d,1037,16947,438
brc203d,1038,19608,443
brc203d,1039,19231,443
brc203d,1040,18810,448
brc203d,1041,15630,443
brc203d,1042,19520,457
brc203d,1043,19727,449
brc203d,1044,19608,452
brc203d,1045,16207,445
brc203d,1046,20141,450
brc203d,1047,18244,451
brc203d,1048,16633,443
brc203d,1049,18722,464
brc203d,1050,19645,455
brc203d,1051,15995,446
brc203d,1052,19138,459
brc203d,1053,19482,458
brc203d,1054,19570,459
brc203d,1055,19973,466
brc203d,1056,19913,459
brc203d,1057,20017,456
brc203d,1058,20535,446
brc203d,1059,15330,446
brc203d,1060,19086,467
brc203d,1061,20605,453
brc203d,1062,15699,452
brc203d,1063,20362,455
brc203d,1064,17619,455
brc203d,1065,19780,459
brc203d,1066,20201,467
brc203d,1067,19297,463
brc203d,1068,20002,461
brc203d,1069,19280,460
brc203d,1070,19685,464
brc203d,1071,16442,457
brc203d,1072,18054,465
brc203d,1073,19442,470
brc203d,1074,20711,449
brc203d,1075,20147,460
brc203d,1076,16805,456
brc203d,1077,17857,462
brc203d,1078,20668,470
brc203d,1079,20699,477
brc203d,1080,20664,457
brc203d,1081,19644,474
brc203d,1082,20639,481
brc203d,1083,20531,475
brc203d,1084,20663,459
brc203d,1085,18470,472
brc203d,1086,20303,455
brc203d,1087,16418,456
brc203d,1088,20529,460
brc203d,1089,17167,466
brc203d,1090,20166,471
brc203d,1091,20145,474
brc203d,1092,20403,466
brc203d,1093,20082,472
brc203d,1094,19642,473
brc203d,1095,20499,468
brc203d,1096,20234,469
brc203d,1097,20176,470
brc203d,1098,16970,473
brc203d,1099,19789,469
brc203d,1100,19800,473
brc203d,1101,20533,469
brc203d,1102,19756,473
brc203d,1103,19444,482
brc203d,1104,20166,479
brc203d,1105,18846,479
brc203d,1106,19794,472
brc203d,1107,19705,481
brc203d,1108,19231,481
brc203d,1109,19567,472
brc203d,1110,20616,473
brc203d,1111,20675,473
brc203d,1112,20107,484
brc203d,1113,20619,488
brc203d,1114,20517,485
brc203d,1115,20704,473
brc203d,1116,19957,480
brc203d,1117,20377,490
brc203d,1118,20197,480
brc203d,1119,20265,475
brc203d,1120,20300,477
brc203d,1121,17503,482
brc203d,1122,17008,480
brc203d,1123,18817,484
brc203d,1124,20271,484
brc203d,1125,17855,482
brc203d,1126,17384,485
brc203d,1127,20053,484
brc203d,1128,20146,490
brc203d,1129,17880,483
brc203d,1130,17856,484
brc203d,1131,20231,493
brc203d,1132,19669,487
brc203d,1133,20132,484
brc203d,1134,17261,484
brc203d,1135,20581,486
brc203d,1136,18753,486
brc203d,1137,20436,492
brc203d,1138,19178,490
brc203d,1139,20516,486
brc203d,1140,18600,489
brc203d,1141,19854,488
brc203d,1142,17399,488
brc203d,1143,19802,487
brc203d,1144,19737,489
brc203d,1145,19251,490
brc203d,1146,20225,493
brc203d,1147,20561,501
brc203d,1148,20453,492
brc203d,1149,20254,494
brc203d,1150,18396,498
brc203d,1151,20530,493
brc203d,1152,19619,505
brc203d,1153,20030,499
brc203d,1154,19255,495
brc203d,1155,20523,491
brc203d,1156,18938,496
brc203d,1157,19968,497
brc203d,1158,20672,485
brc203d,1159,17952,493
brc203d,1160,19874,506
brc203d,1161,20669,504
brc203d,1162,17895,503
brc203d,1163,18396,500
brc203d,1164,20561,500
brc203d,1165,20656,495
brc203d,1166,20272,497
brc203d,1167,20674,505
brc203d,1168,19929,501
brc203d,1169,19894,512
brc203d,1170,20413,508
brc203d,1171,19866,513
brc203d,1172,20193,510
brc203d,1173,19548,506
brc203d,1174,20347,502
brc203d,1175,20278,501
brc203d,1176,20399,507
brc203d,1177,20343,506
brc203d,1178,20636,502
brc203d,1179,17826,503
brc203d,1180,20203,509
brc203d,1181,19319,510
brc203d,1182,19855,501
brc203d,1183,20596,513
brc203d,1184,20395,510
brc203d,1185,19951,517
brc203d,1186,18651,507
brc203d,1187,20302,508
brc203d,1188,17682,506
brc203d,1189,20403,509
brc203d,1190,18118,505
brc203d,1191,20614,517
brc203d,1192,18416,509
brc203d,1193,18288,513
brc203d,1194,20396,511
brc203d,1195,18598,510
brc203d,1196,20515,515
brc203d,1197,18342,510
brc203d,1198,20595,503
brc203d,1199,19987,511
brc203d,1200,20317,512
brc203d,1201,20101,513
brc203d,1202,20563,517
brc203d,1203,18141,514
brc203d,1204,20407,525
brc203d,1205,20132,515
brc203d,1206,20471,511
brc203d,1207,18114,509
brc203d,1208,19127,510
brc203d,1209,20020,521
brc203d,1210,20454,517
brc203d,1211,20393,512
brc203d,1212,20573,529
brc203d,1213,20712,520
brc203d,1214,20313,525
brc203d,1215,20381,518
brc203d,1216,20432,523
brc203d,1217,20089,526
brc203d,1218,20400,517
brc203d,1219,20455,527
brc203d,1220,19507,520
brc203d,1221,20512,524
brc203d,1222,20317,524
brc203d,1223,20148,521
brc203d,1224,19155,527
brc203d,1225,20149,522
brc203d,1226,20476,532
brc203d,1227,20252,523
brc203d,1228,20686,515
brc203d,1229,20478,525
brc203d,1230,19804,533
brc203d,1231,20705,534
brc203d,1232,20060,537
brc203d,1233,20225,534
brc203d,1234,20538,534
brc203d,1235,20659,529
brc203d,1236,20218,527
brc203d,1237,18806,529
brc203d,1238,20001,534
brc203d,1239,20698,528
brc203d,1240,20084,533
brc203d,1241,19676,535
brc203d,1242,20675,525
brc203d,1243,19182,532
brc203d,1244,20142,526
brc203d,1245,20657,535
brc203d,1246,20692,528
brc203d,1247,19172,534
brc203d,1248,20124,540
brc203d,1249,20276,533
brc203d,1250,20405,543
brc203d,1251,19398,531
brc203d,1252,20248,541
brc203d,1253,20394,543
brc203d,1254,20663,535
brc203d,1255,20531,537
brc203d,1256,19175,538
brc203d,1257,20275,539
brc203d,1258,20574,539
brc203d,1259,19526,530
brc203d,1260,20213,547
brc203d,1261,20580,535
brc203d,1262,20428,543
brc203d,1263,19321,537
brc203d,1264,19465,540
brc203d,1265,19946,534
brc203d,1266,20368,543
brc203d,1267,20285,545
brc203d,1268,20484,546
brc203d,1269,20127,539
brc203d,1270,20456,550
brc203d,1271,20586,554
brc203d,1272,20464,550
brc203d,1273,20607,547
brc203d,1274,20673,550
brc203d,1275,20480,545
brc203d,1276,20336,542
brc203d,1277,19938,551
brc203d,1278,19177,539
brc203d,1279,20625,548
brc203d,1280,20457,555
brc203d,1281,20395,556
brc203d,1282,19564,542
brc203d,1283,20645,560
brc203d,1284,20373,548
brc203d,1285,19594,547
brc203d,1286,20494,548
brc203d,1287,20550,543
brc203d,1288,20578,559
brc203d,1289,19379,544
den000d,0,24,3
den000d,1,29,4
den000d,2,31,4
den000d,3,13,2
den000d,4,17,3
den000d,5,1,0
den000d,6,55,5
den000d,7,22,3
den000d,8,8,2
den000d,9,1,0
den000d,10,92,7
den000d,11,115,8
den000d,12,134,8
den000d,13,158,9
den000d,14,93,9
den000d,15,122,8
den000d,16,112,8
den000d,17,67,6
den000d,18,68,6
den000d,19,114,8
den000d,20,343,13
den000d,21,177,10
den000d,22,357,13
den000d,23,149,9
den000d,24,269,12
den000d,25,252,12
den000d,26,224,11
den000d,27,189,10
den000d,28,361,13
den000d,29,388,14
den000d,30,595,18
den000d,31,529,16
den000d,32,815,21
den000d,33,500,17
den000d,34,422,15
den000d,35,389,18
den000d,36,580,18
den000d,37,628,18
den000d,38,453,18
den000d,39,867,21
den000d,40,581,20
den000d,41,853,24
den000d,42,678,18
den000d,43,580,22
den000d,44,518,18
den000d,45,660,19
den000d,46,678,19
den000d,47,458,21
den000d,48,1211,25
den000d,49,1039,24
den000d,50,1060,29
den000d,51,1000,24
den000d,52,1176,24
den000d,53,1378,31
den000d,54,1013,27
den000d,55,1478,32
den000d,56,448,27
den000d,57,571,24
den000d,58,717,29
den000d,59,1444,27
den000d,60,799,30
den000d,61,1032,29
den000d,62,1488,30
den000d,63,1397,27
den000d,64,1486,35
den000d,65,1665,35
den000d,66,2061,35
den000d,67,1604,32
den000d,68,1550,33
den000d,69,954,31
den000d,70,1295,35
den000d,71,1432,36
den000d,72,1772,38
den000d,73,2243,36
den000d,74,1721,40
den000d,75,1857,34
den000d,76,2380,38
den000d,77,559,40
den000d,78,1883,32
den000d,79,1774,30
den000d,80,2242,44
den000d,81,2376,44
den000d,82,3167,44
den000d,83,1634,37
den000d,84,2154,42
den000d,85,2636,46
den000d,86,3904,46
den000d,87,2490,43
den000d,88,2779,49
den000d,89,2871,43
den000d,90,4717,54
den000d,91,3360,46
den000d,92,1776,44
den000d,93,3876,49
den000d,94,3388,50
den000d,95,2041,44
den000d,96,1302,47
den000d,97,3627,47
den000d,98,2508,50
den000d,99,2327,38
den000d,100,4173,59
den000d,101,3468,51
den000d,102,2833,54
den000d,103,4294,61
den000d,104,5041,58
den000d,105,2103,56
den000d,106,3916,49
den000d,107,3162,51
den000d,108,4257,57
den000d,109,3677,49
den000d,110,4947,62
den000d,111,5284,57
den000d,112,1891,56
den000d,113,2611,51
den000d,114,5224,57
den000d,115,4316,56
den000d,116,6132,62
den000d,117,3118,59
den000d,118,3712,61
den000d,119,2973,58
den000d,120,4237,71
den000d,121,5866,66
den000d,122,6301,66
den000d,123,2011,57
den000d,124,2888,55
den000d,125,2435,60
den000d,126,5572,70
den000d,127,4425,50
den000d,128,3405,57
den000d,129,3416,58
den000d,130,4674,56
den000d,131,3396,58
den000d,132,4913,59
den000d,133,7136,73
den000d,134,4149,57
den000d,135,5867,65
den000d,136,5833,72
den000d,137,6221,66
den000d,138,4128,57
den000d,139,4833,55
den000d,140,6244,73
den000d,141,5092,59
den000d,142,4490,61
den000d,143,3462,76
den000d,144,2166,61
den000d,145,5505,68
den000d,146,3391,68
den000d,147,2985,57
den000d,148,4982,61
den000d,149,7201,73
den000d,150,6866,70
den000d,151,3557,62
den000d,152,8165,84
den000d,153,3213,71
den000d,154,5589,76
den000d,155,5876,85
den000d,156,4234,73
den000d,157,6304,73
den000d,158,4175,69
den000d,159,5647,76
den000d,160,6107,85
den000d,161,7709,90
den000d,162,3667,72
den000d,163,8323,79
den000d,164,8458,85
den000d,165,2329,78
den000d,166,7647,80
den000d,167,6918,77
den000d,168,5834,68
den000d,169,5133,86
den000d,170,5594,90
den000d,171,4827,80
den000d,172,6723,73
den000d,173,7837,83
den000d,174,9364,96
den000d,175,7659,93
den000d,176,5852,86
den000d,177,7179,74
den000d,178,3858,80
den000d,179,4011,80
den000d,180,8888,82
den000d,181,7103,77
den000d,182,5727,89
den000d,183,5936,97
den000d,184,9149,87
den000d,185,8169,83
den000d,186,8120,87
den000d,187,7168,99
den000d,188,5801,94
den000d,189,4244,96
den000d,190,5402,90
den000d,191,7525,95
den000d,192,8931,85
den000d,193,9680,82
den000d,194,7183,92
den000d,195,9624,100
den000d,196,7536,96
den000d,197,9646,105
den000d,198,9530,91
den000d,199,5843,85
den000d,200,6536,100
den000d,201,8713,97
den000d,202,4283,91
den000d,203,4438,85
den000d,204,4049,89
den000d,205,6719,98
den000d,206,7481,95
den000d,207,5316,108
den000d,208,11522,117
den000d,209,8000,104
den000d,210,7633,105
den000d,211,5550,98
den000d,212,5102,93
den000d,213,9836,94
den000d,214,12336,115
den000d,215,13174,98
den000d,216,4988,104
den000d,217,7611,118
den000d,218,8870,95
den000d,219,9784,108
den000d,220,13313,121
den000d,221,6102,102
den000d,222,10294,114
den000d,223,7872,101
den000d,224,11620,115
den000d,225,11630,111
den000d,226,8510,91
den000d,227,9340,115
den000d,228,5405,103
den000d,229,10965,108
den000d,230,10621,115
den000d,231,13072,122
den000d,232,10209,100
den000d,233,10125,123
den000d,234,13902,111
den000d,235,8090,126
den000d,236,11833,110
den000d,237,9541,112
den000d,238,9917,102
den000d,239,9361,119
den000d,240,12509,116
den000d,241,10336,106
den000d,242,17039,129
den000d,243,11988,120
den000d,244,9322,106
den000d,245,10378,107
den000d,246,10680,103
den000d,247,12236,126
den000d,248,8724,128
den000d,249,16167,113
den000d,250,11306,105
den000d,251,11617,119
den000d,252,5476,122
den000d,253,20910,142
den000d,254,9233,102
den000d,255,11210,106
den000d,256,11760,120
den000d,257,6835,123
den000d,258,13833,127
den000d,259,13237,123
den000d,260,9789,134
den000d,261,16734,141
den000d,262,9332,135
den000d,263,15944,135
den000d,264,6633,111
den000d,265,15567,138
den000d,266,12372,124
den000d,267,10989,134
den000d,268,10180,129
den000d,269,13459,133
den000d,270,13459,148
den000d,271,8337,134
den000d,272,11467,146
den000d,273,8021,125
den000d,274,8680,127
den000d,275,14223,131
den000d,276,13736,137
den000d,277,19098,138
den000d,278,17123,145
den000d,279,13307,145
den000d,280,17523,140
den000d,281,6969,127
den000d,282,15458,136
den000d,283,16344,155
den000d,284,10359,143
den000d,285,8741,117
den000d,286,11592,135
den000d,287,13145,132
den000d,288,21554,145
den000d,289,9164,135
den000d,290,16866,144
den000d,291,7955,145
den000d,292,22870,162
den000d,293,16501,143
den000d,294,11681,120
den000d,295,15710,160
den000d,296,13289,153
den000d,297,16302,134
den000d,298,20052,149
den000d,299,8734,153
den000d,300,20225,148
den000d,301,17392,145
den000d,302,21848,158
den000d,303,11559,151
den000d,304,13622,149
den000d,305,15265,145
den000d,306,9040,124
den000d,307,16084,140
den000d,308,13898,158
den000d,309,22104,155
den000d,310,22544,162
den000d,311,16195,156
den000d,312,16166,153
den000d,313,13089,140
den000d,314,19126,158
den000d,315,21881,154
den000d,316,15525,159
den000d,317,23907,171
den000d,318,26777,173
den000d,319,14167,161
den000d,320,16421,142
den000d,321,14007,138
den000d,322,16871,160
den000d,323,17430,139
den000d,324,18721,154
den000d,325,20084,159
den000d,326,19077,174
den000d,327,10633,164
den000d,328,14946,148
den000d,329,12529,162
den000d,330,13616,175
den000d,331,11663,172
den000d,332,22611,168
den000d,333,18729,162
den000d,334,12671,182
den000d,335,12132,160
den000d,336,11048,173
den000d,337,22137,173
den000d,338,15040,150
den000d,339,13264,170
den000d,340,17757,165
den000d,341,18285,160
den000d,342,16659,154
den000d,343,11189,176
den000d,344,13675,180
den000d,345,20166,170
den000d,346,16492,141
den000d,347,25477,175
den000d,348,11911,170
den000d,349,11512,183
den000d,350,11160,167
den000d,351,15565,164
den000d,352,30227,192
den000d,353,8703,160
den000d,354,23185,162
den000d,355,21749,180
den000d,356,24310,184
den000d,357,11269,146
den000d,358,22142,178
den000d,359,24411,176
den000d,360,24131,167
den000d,361,25425,184
den000d,362,13044,200
den000d,363,18076,191
den000d,364,21817,173
den000d,365,15694,198
den000d,366,16573,156
den000d,367,26929,180
den000d,368,27081,188
den000d,369,16901,187
den000d,370,23290,197
den000d,371,18422,177
den000d,372,23803,183
den000d,373,24802,180
den000d,374,21887,184
den000d,375,13121,194
den000d,376,10373,167
den000d,377,27860,182
den000d,378,18437,189
den000d,379,22144,183
den000d,380,30256,196
den000d,381,30770,197
den000d,382,15741,193
den000d,383,30295,201
den000d,384,23198,197
den000d,385,12427,183
den000d,386,21734,192
den000d,387,16928,158
den000d,388,14838,199
den000d,389,22697,183
den000d,390,19480,193
den000d,391,10715,183
den000d,392,19499,210
den000d,393,8380,185
den000d,394,28781,212
den000d,395,14322,182
den000d,396,23524,185
den000d,397,25389,200
den000d,398,15874,196
den000d,399,13386,203
den000d,400,25018,203
den000d,401,29517,201
den000d,402,27621,200
den000d,403,15323,205
den000d,404,12138,185
den000d,405,26449,196
den000d,406,17801,187
den000d,407,12256,186
den000d,408,22664,190
den000d,409,24651,210
den000d,410,23894,197
den000d,411,23763,231
den000d,412,29615,187
den000d,413,15626,195
den000d,414,31009,209
den000d,415,24717,205
den000d,416,28231,205
den000d,417,15462,232
den000d,418,19567,194
den000d,419,23281,205
den000d,420,13642,210
den000d,421,17445,199
den000d,422,25042,209
den000d,423,26550,197
den000d,424,21479,190
den000d,425,29391,215
den000d,426,28747,204
den000d,427,20049,217
den000d,428,16165,225
den000d,429,20437,220
den000d,430,25295,211
den000d,431,11883,194
den000d,432,26216,199
den000d,433,22825,201
den000d,434,22503,219
den000d,435,27262,216
den000d,436,20285,197
den000d,437,30412,221
den000d,438,29782,206
den000d,439,24133,199
den000d,440,28988,222
den000d,441,23712,231
den000d,442,24584,208
den000d,443,15683,227
den000d,444,31171,214
den000d,445,26610,219
den000d,446,14353,221
den000d,447,30859,230
den000d,448,27875,218
den000d,449,24850,204
den000d,450,31437,222
den000d,451,24955,215
den000d,452,28949,210
den000d,453,36478,235
den000d,454,18620,222
den000d,455,17314,221
den000d,456,31242,223
den000d,457,27398,235
den000d,458,28681,217
den000d,459,27269,216
den000d,460,32273,237
den000d,461,24713,247
den000d,462,26820,231
den000d,463,16839,218
den000d,464,34059,239
den000d,465,43434,240
den000d,466,17550,217
den000d,467,14599,243
den000d,468,38440,239
den000d,469,33044,229
den000d,470,35778,247
den000d,471,26617,218
den000d,472,14838,229
den000d,473,23458,233
den000d,474,28088,245
den000d,475,26343,219
den000d,476,29456,221
den000d,477,35488,230
den000d,478,15752,221
den000d,479,40687,242
den000d,480,44456,259
den000d,481,43256,239
den000d,482,27881,246
den000d,483,25652,259
den000d,484,33341,228
den000d,485,38710,244
den000d,486,21709,235
den000d,487,13484,219
den000d,488,34403,230
den000d,489,24470,250
den000d,490,33578,239
den000d,491,47403,265
den000d,492,19837,249
den000d,493,37621,257
den000d,494,37608,254
den000d,495,13939,216
den000d,496,35787,250
den000d,497,35274,241
den000d,498,16639,255
den000d,499,37124,252
den000d,500,42822,262
den000d,501,28165,234
den000d,502,32288,246
den000d,503,37835,246
den000d,504,19749,253
den000d,505,32084,260
den000d,506,37940,224
den000d,507,27090,236
den000d,508,29345,256
den000d,509,16012,251
den000d,510,30187,263
den000d,511,44242,258
den000d,512,19268,258
den000d,513,29687,240
den000d,514,37715,238
den000d,515,21734,252
den000d,516,28832,241
den000d,517,32854,248
den000d,518,24478,253
den000d,519,34786,250
den000d,520,19449,271
den000d,521,32339,269
den000d,522,34203,257
den000d,523,43312,260
den000d,524,32783,252
den000d,525,23229,237
den000d,526,31039,264
den000d,527,40081,258
den000d,528,28626,239
den000d,529,25727,265
den000d,530,33852,263
den000d,531,32711,250
den000d,532,23233,259
den000d,533,46091,284
den000d,534,31922,248
den000d,535,35738,248
den000d,536,33124,298
den000d,537,45776,281
den000d,538,28882,254
den000d,539,37729,244
den000d,540,33114,280
den000d,541,40179,276
den000d,542,28130,280
den000d,543,36191,289
den000d,544,47206,286
den000d,545,29188,274
den000d,546,29379,261
den000d,547,26547,274
den000d,548,27474,248
den000d,549,50816,293
den000d,550,29714,270
den000d,551,48353,282
den000d,552,42369,281
den000d,553,47034,286
den000d,554,18388,278
den000d,555,36344,254
den000d,556,22540,249
den000d,557,28001,276
den000d,558,32546,283
den000d,559,32518,268
den000d,560,49381,284
den000d,561,32342,289
den000d,562,19631,249
den000d,563,31864,272
den000d,564,30225,289
den000d,565,37929,294
den000d,566,26431,271
den000d,567,39958,292
den000d,568,40426,269
den000d,569,24878,253
den000d,570,49219,289
den000d,571,30445,292
den000d,572,47156,273
den000d,573,34463,294
den000d,574,28713,277
den000d,575,33488,286
den000d,576,30291,254
den000d,577,31034,295
den000d,578,28572,285
den000d,579,31067,287
den000d,580,40453,287
den000d,581,32882,285
den000d,582,32172,291
den000d,583,42277,268
den000d,584,32490,276
den000d,585,37105,298
den000d,586,46045,310
den000d,587,45140,284
den000d,588,50248,288
den000d,589,34620,312
den000d,590,35851,297
den000d,591,28467,298
den000d,592,39508,291
den000d,593,42023,318
den000d,594,35909,307
den000d,595,39567,301
den000d,596,50829,297
den000d,597,49001,311
den000d,598,30239,288
den000d,599,34627,310
den000d,600,37699,270
den000d,601,22055,287
den000d,602,41722,297
den000d,603,46075,305
den000d,604,52755,309
den000d,605,47013,298
den000d,606,38897,306
den000d,607,40420,310
den000d,608,52329,311
den000d,609,36885,308
den000d,610,26963,311
den000d,611,24662,277
den000d,612,22617,306
den000d,613,33489,297
den000d,614,48390,304
den000d,615,30662,298
den000d,616,37432,315
den000d,617,50818,316
den000d,618,40511,312
den000d,619,37443,304
den000d,620,50279,314
den000d,621,29311,319
den000d,622,27717,320
den000d,623,32530,317
den000d,624,40103,297
den000d,625,36256,328
den000d,626,36473,328
den000d,627,30783,319
den000d,628,36562,316
den000d,629,54038,307
den000d,630,45087,308
den000d,631,38698,319
den000d,632,41483,338
den000d,633,49990,324
den000d,634,35299,329
den000d,635,48874,326
den000d,636,48712,337
den000d,637,32072,305
den000d,638,35529,317
den000d,639,37303,337
den000d,640,36051,334
den000d,641,39901,316
den000d,642,37442,326
den000d,643,42622,311
den000d,644,44903,294
den000d,645,38580,320
den000d,646,44561,342
den000d,647,32360,323
den000d,648,34515,319
den000d,649,35579,328
den000d,650,38318,357
den000d,651,48313,323
den000d,652,47144,330
den000d,653,41721,354
den000d,654,48581,327
den000d,655,55262,322
den000d,656,52925,349
den000d,657,49869,327
den000d,658,46741,313
den000d,659,45147,321
den000d,660,31468,331
den000d,661,49433,353
den000d,662,40350,327
den000d,663,54367,315
den000d,664,45039,316
den000d,665,31713,324
den000d,666,32916,313
den000d,667,26681,320
den000d,668,32718,319
den000d,669,43176,341
den000d,670,37307,351
den000d,671,23594,332
den000d,672,56590,363
den000d,673,45213,329
den000d,674,29003,347
den000d,675,48698,331
den000d,676,41539,358
den000d,677,30216,319
den000d,678,52412,345
den000d,679,53897,338
den000d,680,39052,364
den000d,681,31816,345
den000d,682,36190,312
den000d,683,34384,351
den000d,684,46077,361
den000d,685,33536,352
den000d,686,47700,351
den000d,687,38182,335
den000d,688,40058,329
den000d,689,43455,346
den000d,690,41152,362
den000d,691,49980,340
den000d,692,50811,326
den000d,693,45239,355
den000d,694,41868,348
den000d,695,35738,360
den000d,696,41274,350
den000d,697,49386,374
den000d,698,50309,353
den000d,699,56186,357
den000d,700,41890,359
den000d,701,55159,357
den000d,702,49935,343
den000d,703,38339,348
den000d,704,40603,360
den000d,705,27484,312
den000d,706,55432,363
den000d,707,53748,337
den000d,708,32163,337
den000d,709,54410,342
den000d,710,40991,354
den000d,711,26294,350
den000d,712,52183,372
den000d,713,43645,342
den000d,714,36288,356
den000d,715,37974,374
den000d,716,39976,372
den000d,717,44896,340
den000d,718,33064,378
den000d,719,45189,360
den000d,720,33271,374
den000d,721,45719,390
den000d,722,41944,375
den000d,723,42128,362
den000d,724,49956,379
den000d,725,38494,372
den000d,726,33078,341
den000d,727,42314,377
den000d,728,47944,390
den000d,729,48843,386
den000d,730,48422,372
den000d,731,45496,392
den000d,732,40541,369
den000d,733,52082,353
den000d,734,55520,365
den000d,735,25212,334
den000d,736,41765,378
den000d,737,39027,347
den000d,738,37686,371
den000d,739,53059,380
den000d,740,43119,365
den000d,741,39073,384
den000d,742,31402,369
den000d,743,42492,378
den000d,744,40988,395
den000d,745,40957,383
den000d,746,45654,373
den000d,747,56112,379
den000d,748,44634,391
den000d,749,29838,351
den000d,750,54956,395
den000d,751,53699,391
den000d,752,54820,378
den000d,753,45751,372
den000d,754,31998,378
den000d,755,57166,382
den000d,756,40565,382
den000d,757,48218,396
den000d,758,51433,352
den000d,759,35990,377
den000d,760,36163,382
den000d,761,45017,394
den000d,762,37418,382
den000d,763,55063,381
den000d,764,43301,364
den000d,765,50379,397
den000d,766,50029,383
den000d,767,43998,403
den000d,768,52684,397
den000d,769,25731,383
den000d,770,56444,408
den000d,771,41786,382
den000d,772,53411,385
den000d,773,25228,381
den000d,774,29118,381
den000d,775,50972,383
den000d,776,44640,365
den000d,777,52773,383
den000d,778,45989,382
den000d,779,37306,408
den000d,780,34225,396
den000d,781,43617,385
den000d,782,47040,391
den000d,783,37695,392
den000d,784,45183,388
den000d,785,36462,402
den000d,786,42066,392
den000d,787,49555,406
den000d,788,30016,394
den000d,789,24719,390
den000d,790,41430,386
den000d,791,43423,413
den000d,792,56840,390
den000d,793,52670,396
den000d,794,56372,407
den000d,795,35150,372
den000d,796,32310,392
den000d,797,44662,384
den000d,798,48986,418
den000d,799,42574,392
den000d,800,43669,428
den000d,801,43315,393
den000d,802,34798,391
den000d,803,43204,413
den000d,804,29426,400
den000d,805,31207,397
den000d,806,49060,402
den000d,807,54261,374
den000d,808,48028,388
den000d,809,42678,403
den000d,810,47897,433
den000d,811,38602,401
den000d,812,47312,402
den000d,813,42504,411
den000d,814,50097,403
den000d,815,47970,404
den000d,816,48897,431
den000d,817,34832,410
den000d,818,54186,403
den000d,819,47189,422
den000d,820,48112,414
den000d,821,45124,436
den000d,822,40357,402
den000d,823,42849,386
den000d,824,43974,406
den000d,825,56959,408
den000d,826,44813,392
den000d,827,47131,408
den000d,828,54976,443
den000d,829,44417,432
den000d,830,44273,406
den000d,831,53470,427
den000d,832,50705,412
den000d,833,47613,428
den000d,834,41215,429
den000d,835,39069,436
den000d,836,54254,404
den000d,837,34426,396
den000d,838,41157,409
den000d,839,55935,425
den000d,840,57026,418
den000d,841,54207,407
den000d,842,39629,422
den000d,843,48915,441
den000d,844,49815,426
den000d,845,53219,426
den000d,846,50537,453
den000d,847,56912,436
den000d,848,36573,430
den000d,849,36078,416
den000d,850,53005,432
den000d,851,38205,429
den000d,852,44299,407
den000d,853,33758,438
den000d,854,47963,441
den000d,855,53905,412
den000d,856,49622,454
den000d,857,47313,431
den000d,858,55687,432
den000d,859,39819,437
den000d,860,44914,407
den000d,861,39045,422
den000d,862,47155,459
den000d,863,43983,438
den000d,864,54690,421
den000d,865,50460,432
den000d,866,57023,429
den000d,867,35960,423
den000d,868,56487,439
den000d,869,57941,432
den000d,870,45525,402
den000d,871,42762,439
den000d,872,55721,443
den000d,873,48336,436
den000d,874,42093,446
den000d,875,47421,425
den000d,876,48681,418
den000d,877,54637,461
den000d,878,55609,451
den000d,879,46843,465
den000d,880,53505,446
den000d,881,45515,447
den000d,882,52251,432
den000d,883,45669,454
den000d,884,53542,437
den000d,885,55920,446
den000d,886,41168,434
den000d,887,51893,449
den000d,888,47524,436
den000d,889,50243,456
den000d,890,46304,462
den000d,891,49269,471
den000d,892,52122,454
den000d,893,57157,472
den000d,894,55211,442
den000d,895,57868,453
den000d,896,56533,470
den000d,897,50175,448
den000d,898,34930,454
den000d,899,51353,443
den000d,900,48257,444
den000d,901,58035,474
den000d,902,55760,449
den000d,903,39207,438
den000d,904,41393,465
den000d,905,44222,474
den000d,906,52817,448
den000d,907,51539,457
den000d,908,44908,468
den000d,909,56022,464
den000d,910,54192,469
den000d,911,50726,458
den000d,912,55957,464
den000d,913,47716,462
den000d,914,45654,489
den000d,915,54537,474
den000d,916,48894,458
den000d,917,54468,464
den000d,918,45831,473
den000d,919,44036,468
den000d,920,51485,481
den000d,921,57707,472
den000d,922,51160,490
den000d,923,47930,446
den000d,924,48181,462
den000d,925,41535,467
den000d,926,50079,463
den000d,927,53695,461
den000d,928,53769,488
den000d,929,50639,461
den000d,930,55580,478
den000d,931,52199,466
den000d,932,56422,474
den000d,933,42558,455
den000d,934,52836,477
den000d,935,49314,470
den000d,936,38488,478
den000d,937,52418,491
den000d,938,49754,490
den000d,939,56945,493
den000d,940,56134,494
den000d,941,40836,464
den000d,942,39557,490
den000d,943,43186,487
den000d,944,53398,488
den000d,945,53209,473
den000d,946,52456,503
den000d,947,55395,480
den000d,948,56414,482
den000d,949,55996,493
den000d,950,49617,501
den000d,951,53995,458
den000d,952,40993,489
den000d,953,57494,479
den000d,954,57801,479
den000d,955,48310,482
den000d,956,46977,481
den000d,957,56707,478
den000d,958,46615,504
den000d,959,48384,486
den000d,960,51698,469
den000d,961,45797,506
den000d,962,44181,463
den000d,963,44458,502
den000d,964,41970,482
den000d,965,53132,473
den000d,966,56535,469
den000d,967,56055,487
den000d,968,46385,489
den000d,969,52855,504
den000d,970,40670,469
den000d,971,46241,499
den000d,972,55137,518
den000d,973,54863,511
den000d,974,52961,493
den000d,975,53880,489
den000d,976,49598,466
den000d,977,48059,499
den000d,978,46171,496
den000d,979,47362,503
den000d,980,45742,511
den000d,981,42376,514
den000d,982,54095,500
den000d,983,45930,499
den000d,984,53542,510
den000d,985,43771,487
den000d,986,50418,485
den000d,987,55214,487
den000d,988,54160,508
den000d,989,42626,498
den000d,990,55428,509
den000d,991,42116,489
den000d,992,55069,496
den000d,993,57310,485
den000d,994,50727,511
den000d,995,54271,501
den000d,996,48972,514
den000d,997,55651,490
den000d,998,54857,533
den000d,999,56550,511
den000d,1000,57578,521
den000d,1001,47299,513
den000d,1002,49512,493
den000d,1003,54847,510
den000d,1004,52332,485
den000d,1005,57668,510
den000d,1006,51653,505
den000d,1007,53357,498
den000d,1008,47672,532
den000d,1009,51514,487
den000d,1010,55106,532
den000d,1011,56248,534
den000d,1012,44889,520
den000d,1013,53722,522
den000d,1014,46734,504
den000d,1015,52561,493
den000d,1016,55101,504
den000d,1017,53640,515
den000d,1018,50779,518
den000d,1019,49849,515
den000d,1020,57945,507
den000d,1021,57743,539
den000d,1022,44905,504
den000d,1023,53591,530
den000d,1024,54378,520
den000d,1025,51608,532
den000d,1026,52380,498
den000d,1027,52357,524
den000d,1028,52353,484
den000d,1029,56250,525
den000d,1030,56463,538
den000d,1031,56320,544
den000d,1032,43118,503
den000d,1033,54135,523
den000d,1034,43161,516
den000d,1035,44509,502
den000d,1036,51428,534
den000d,1037,54708,519
den000d,1038,57983,528
den000d,1039,55996,526
den000d,1040,52498,523
den000d,1041,50600,534
den000d,1042,58012,540
den000d,1043,51106,519
den000d,1044,50519,520
den000d,1045,53574,540
den000d,1046,57657,546
den000d,1047,53191,533
den000d,1048,52314,555
den000d,1049,57325,549
den000d,1050,57134,552
den000d,1051,53657,541
den000d,1052,48527,549
den000d,1053,57917,551
den000d,1054,56599,550
den000d,1055,56175,547
den000d,1056,57198,526
den000d,1057,48960,550
den000d,1058,43009,536
den000d,1059,55411,547
den000d,1060,57766,548
den000d,1061,52370,550
den000d,1062,53425,530
den000d,1063,55925,548
den000d,1064,50304,541
den000d,1065,51279,528
den000d,1066,56391,544
den000d,1067,55422,540
den000d,1068,51394,537
den000d,1069,50486,533
den000d,1070,49978,534
den000d,1071,58053,549
den000d,1072,52043,558
den000d,1073,54805,560
den000d,1074,55607,554
den000d,1075,56852,566
den000d,1076,57914,549
den000d,1077,54405,507
den000d,1078,54331,526
den000d,1079,53226,565
den000d,1080,52188,535
den000d,1081,55852,545
den000d,1082,46814,524
den000d,1083,57084,549
den000d,1084,56010,514
den000d,1085,54112,534
den000d,1086,54312,574
den000d,1087,51136,559
den000d,1088,51723,556
den000d,1089,48287,552
den000d,1090,56801,556
den000d,1091,52456,551
den000d,1092,54846,564
den000d,1093,55716,540
den000d,1094,55067,578
den000d,1095,57845,574
den000d,1096,57558,575
den000d,1097,50300,526
den000d,1098,57291,566
den000d,1099,55608,567
den000d,1100,58047,559
den000d,1101,52323,562
den000d,1102,52727,551
den000d,1103,54193,555
den000d,1104,54260,561
den000d,1105,58023,566
den000d,1106,54745,577
den000d,1107,53039,549
den000d,1108,47546,544
den000d,1109,53818,531
den000d,1110,56501,567
den000d,1111,56870,546
den000d,1112,52153,559
den000d,1113,57818,550
den000d,1114,53777,543
den000d,1115,51861,571
den000d,1116,57478,560
den000d,1117,55833,579
den000d,1118,54592,552
den000d,1119,56259,581
den000d,1120,53488,567
den000d,1121,55456,556
den000d,1122,56215,587
den000d,1123,54573,571
den000d,1124,55172,566
den000d,1125,56720,588
den000d,1126,57770,580
den000d,1127,58008,571
den000d,1128,56947,578
den000d,1129,56808,587
den000d,1130,54218,563
den000d,1131,56516,578
den000d,1132,57031,601
den000d,1133,58079,590
den000d,1134,57352,587
den000d,1135,56574,597
den000d,1136,56589,581
den000d,1137,56621,569
den000d,1138,53755,577
den000d,1139,53998,555
den000d,1140,49782,575
den000d,1141,55691,572
den000d,1142,54659,589
den000d,1143,57375,567
den000d,1144,53149,548
den000d,1145,55956,561
den000d,1146,53462,586
den000d,1147,58072,590
den000d,1148,55583,570
den000d,1149,50079,578
den000d,1150,54564,598
den000d,1151,53993,575
den000d,1152,57166,605
den000d,1153,53758,589
den000d,1154,52611,568
den000d,1155,57869,586
den000d,1156,54922,576
den000d,1157,54827,609
den000d,1158,55533,599
den000d,1159,53811,593
den000d,1160,53326,594
den000d,1161,54017,604
den000d,1162,57778,612
den000d,1163,57640,608
den000d,1164,56058,614
den000d,1165,57684,581
den000d,1166,54384,562
den000d,1167,56045,576
den000d,1168,57821,590
den000d,1169,58082,583
den000d,1170,56206,594
den000d,1171,58010,591
den000d,1172,53567,595
den000d,1173,56932,591
den000d,1174,57573,611
den000d,1175,57837,600
den000d,1176,55145,601
den000d,1177,53414,589
den000d,1178,52037,581
den000d,1179,57592,598
den000d,1180,57070,602
den000d,1181,56475,598
den000d,1182,56684,597
den000d,1183,54530,596
den000d,1184,53425,584
den000d,1185,58001,612
den000d,1186,56741,593
den000d,1187,57265,608
den000d,1188,51922,599
den000d,1189,56583,572
den000d,1190,57920,609
den000d,1191,53359,615
den000d,1192,57144,600
den000d,1193,56498,603
den000d,1194,56701,628
den000d,1195,57573,626
den000d,1196,56119,597
den000d,1197,57855,615
den000d,1198,55261,583
den000d,1199,55498,624
den000d,1200,57896,625
den000d,1201,56136,587
den000d,1202,52462,607
den000d,1203,58039,606
den000d,1204,57820,616
den000d,1205,54685,611
den000d,1206,57677,604
den000d,1207,57713,597
den000d,1208,56159,601
den000d,1209,55796,629
den000d,1210,56990,624
den000d,1211,55322,622
den000d,1212,56641,625
den000d,1213,56890,621
den000d,1214,57344,608
den000d,1215,57814,609
den000d,1216,57996,629
den000d,1217,56493,618
den000d,1218,55531,597
den000d,1219,54561,590
den000d,1220,57875,646
den000d,1221,57575,639
den000d,1222,56638,630
den000d,1223,57579,615
den000d,1224,57892,637
den000d,1225,57463,629
den000d,1226,55760,589
den000d,1227,55707,611
den000d,1228,57015,595
den000d,1229,57160,601
den000d,1230,57503,645
den000d,1231,55741,610
den000d,1232,56730,597
den000d,1233,58038,618
den000d,1234,56618,634
den000d,1235,57847,625
den000d,1236,57782,645
den000d,1237,58084,632
den000d,1238,57252,608
den000d,1239,54289,613
den000d,1240,54354,625
den000d,1241,58021,640
den000d,1242,58060,639
den000d,1243,57425,632
den000d,1244,57214,644
den000d,1245,57907,646
den000d,1246,56267,649
den000d,1247,56862,632
den000d,1248,57869,641
den000d,1249,57863,630
den000d,1250,58080,658
den000d,1251,58067,624
den000d,1252,56127,638
den000d,1253,58061,639
den000d,1254,56564,637
den000d,1255,56702,652
den000d,1256,57615,648
den000d,1257,54736,628
den000d,1258,56965,652
den000d,1259,57265,608
den000d,1260,57980,657
den000d,1261,58054,662
den000d,1262,57614,655
den000d,1263,56491,648
den000d,1264,55575,639
den000d,1265,56813,639
den000d,1266,57888,649
den000d,1267,56113,607
den000d,1268,56874,659
den000d,1269,57992,652
den000d,1270,58040,640
den000d,1271,56566,631
den000d,1272,57552,618
den000d,1273,57721,650
den000d,1274,58059,659
den000d,1275,57871,633
den000d,1276,57343,654
den000d,1277,57684,654
den000d,1278,57964,657
den000d,1279,58081,644
den000d,1280,57780,663
den000d,1281,58085,665
den000d,1282,57345,638
den000d,1283,57785,658
den000d,1284,57526,659
den000d,1285,57581,659
den000d,1286,57854,636
den000d,1287,57349,643
den000d,1288,58069,666
den000d,1289,58047,641
den000d,1290,57921,663
den000d,1291,57037,642
den000d,1292,57318,643
den000d,1293,57977,647
den000d,1294,58068,641
den000d,1295,57782,668
den000d,1296,56965,658
den000d,1297,58015,670
den000d,1298,57177,651
den000d,1299,57488,669
den000d,1300,57759,676
den000d,1301,57259,650
den000d,1302,57829,673
den000d,1303,57975,669
den000d,1304,57749,671
den000d,1305,57601,662
den000d,1306,58037,649
den000d,1307,57999,650
den000d,1308,57866,674
den000d,1309,57939,671
den005d,0,14,3
den005d,1,5,1
den005d,2,16,3
den005d,3,17,3
den005d,4,9,2
den005d,5,6,2
den005d,6,8,2
den005d,7,15,3
den005d,8,1,0
den005d,9,17,3
den005d,10,40,4
den005d,11,48,7
den005d,12,94,7
den005d,13,67,6
den005d,14,147,9
den005d,15,99,7
den005d,16,47,6
den005d,17,41,5
den005d,18,53,8
den005d,19,43,5
den005d,20,225,12
den005d,21,238,12
den005d,22,203,12
den005d,23,162,11
den005d,24,347,15
den005d,25,225,13
den005d,26,169,11
den005d,27,217,11
den005d,28,207,13
den005d,29,120,11
den005d,30,282,14
den005d,31,216,14
den005d,32,406,19
den005d,33,245,13
den005d,34,380,19
den005d,35,330,17
den005d,36,297,14
den005d,37,226,15
den005d,38,270,16
den005d,39,234,14
den005d,40,442,22
den005d,41,356,19
den005d,42,555,26
den005d,43,630,25
den005d,44,695,23
den005d,45,739,23
den005d,46,489,21
den005d,47,439,22
den005d,48,444,21
den005d,49,411,21
den005d,50,659,23
den005d,51,610,27
den005d,52,552,26
den005d,53,727,23
den005d,54,843,28
den005d,55,358,25
den005d,56,773,28
den005d,57,484,27
den005d,58,656,22
den005d,59,353,26
den005d,60,1113,32
den005d,61,659,29
den005d,62,793,29
den005d,63,803,30
den005d,64,602,31
den005d,65,1007,34
den005d,66,559,34
den005d,67,801,26
den005d,68,903,32
den005d,69,758,29
den005d,70,1512,39
den005d,71,950,31
den005d,72,1058,38
den005d,73,831,37
den005d,74,662,31
den005d,75,1020,35
den005d,76,1436,44
den005d,77,1264,33
den005d,78,886,34
den005d,79,1022,32
den005d,80,1114,36
den005d,81,1304,40
den005d,82,1119,36
den005d,83,973,39
den005d,84,1101,45
den005d,85,1379,43
den005d,86,1194,43
den005d,87,764,47
den005d,88,1405,41
den005d,89,1213,38
den005d,90,1131,45
den005d,91,1548,42
den005d,92,1036,44
den005d,93,1123,37
den005d,94,1456,42
den005d,95,1343,38
den005d,96,725,44
den005d,97,1448,42
den005d,98,1774,42
den005d,99,1262,43
den005d,100,1872,46
den005d,101,1513,47
den005d,102,1385,45
den005d,103,939,49
den005d,104,830,52
den005d,105,1828,51
den005d,106,1980,49
den005d,107,2168,54
den005d,108,1188,42
den005d,109,1557,51
den005d,110,1340,54
den005d,111,2190,49
den005d,112,1406,49
den005d,113,1580,54
den005d,114,2052,54
den005d,115,2728,58
den005d,116,1051,55
den005d,117,1663,52
den005d,118,1353,48
den005d,119,1489,50
den005d,120,2035,58
den005d,121,2751,54
den005d,122,1377,53
den005d,123,1802,57
den005d,124,2555,59
den005d,125,1294,54
den005d,126,2112,60
den005d,127,1750,56
den005d,128,1585,59
den005d,129,2466,52
den005d,130,1696,60
den005d,131,2956,59
den005d,132,1617,55
den005d,133,2383,71
den005d,134,2064,61
den005d,135,1891,60
den005d,136,2643,62
den005d,137,2813,64
den005d,138,2922,62
den005d,139,1750,63
den005d,140,1554,71
den005d,141,2847,61
den005d,142,3078,66
den005d,143,2451,69
den005d,144,2303,68
den005d,145,2763,71
den005d,146,1622,70
den005d,147,3642,66
den005d,148,1691,66
den005d,149,2033,70
den005d,150,2116,66
den005d,151,1845,68
den005d,152,1708,70
den005d,153,3130,66
den005d,154,2110,72
den005d,155,2057,69
den005d,156,1394,66
den005d,157,2186,68
den005d,158,3682,68
den005d,159,2481,72
den005d,160,2286,75
den005d,161,2355,72
den005d,162,3219,81
den005d,163,2520,70
den005d,164,1754,74
den005d,165,2998,72
den005d,166,2013,77
den005d,167,3653,80
den005d,168,2444,70
den005d,169,2236,67
den005d,170,1963,85
den005d,171,3019,80
den005d,172,2908,80
den005d,173,1986,74
den005d,174,3609,79
den005d,175,2652,80
den005d,176,3002,76
den005d,177,2928,77
den005d,178,1714,79
den005d,179,2664,80
den005d,180,2066,85
den005d,181,1431,80
den005d,182,3417,84
den005d,183,2736,78
den005d,184,4063,83
den005d,185,2428,80
den005d,186,3539,83
den005d,187,2718,86
den005d,188,2944,80
den005d,189,3702,84
den005d,190,3626,92
den005d,191,4231,88
den005d,192,4289,83
den005d,193,2483,93
den005d,194,3553,91
den005d,195,3609,87
den005d,196,2661,89
den005d,197,5040,94
den005d,198,2833,86
den005d,199,4360,92
den005d,200,4052,86
den005d,201,2189,95
den005d,202,3952,86
den005d,203,2907,91
den005d,204,1964,88
den005d,205,3081,98
den005d,206,4690,88
den005d,207,4039,85
den005d,208,4587,94
den005d,209,2534,97
den005d,210,4425,97
den005d,211,1938,102
den005d,212,4114,99
den005d,213,2936,91
den005d,214,2976,95
den005d,215,4079,90
den005d,216,4334,90
den005d,217,4350,91
den005d,218,3932,91
den005d,219,1948,94
den005d,220,4800,100
den005d,221,3192,98
den005d,222,4562,98
den005d,223,4730,107
den005d,224,4042,102
den005d,225,3356,98
den005d,226,5471,96
den005d,227,4226,103
den005d,228,4581,95
den005d,229,4646,97
den005d,230,3820,105
den005d,231,5235,105
den005d,232,2471,110
den005d,233,4209,107
den005d,234,4376,102
den005d,235,3680,103
den005d,236,3736,109
den005d,237,3311,103
den005d,238,3634,105
den005d,239,3212,103
den005d,240,3223,103
den005d,241,3881,117
den005d,242,5554,108
den005d,243,4513,105
den005d,244,3770,112
den005d,245,6132,112
den005d,246,3533,106
den005d,247,3445,117
den005d,248,5440,117
den005d,249,6059,108
den005d,250,3307,114
den005d,251,5956,120
den005d,252,3893,119
den005d,253,4431,103
den005d,254,4907,112
den005d,255,1930,113
den005d,256,5819,111
den005d,257,3822,108
den005d,258,4274,113
den005d,259,5878,123
den005d,260,3872,113
den005d,261,6067,120
den005d,262,6137,117
den005d,263,4597,121
den005d,264,4470,114
den005d,265,5054,116
den005d,266,4610,119
den005d,267,3808,117
den005d,268,4172,119
den005d,269,5341,122
den005d,270,3073,129
den005d,271,6141,117
den005d,272,5997,124
den005d,273,3140,129
den005d,274,5065,126
den005d,275,4930,125
den005d,276,3790,131
den005d,277,5193,120
den005d,278,5424,131
den005d,279,6537,124
den005d,280,5893,129
den005d,281,3656,135
den005d,282,4347,123
den005d,283,5215,126
den005d,284,3632,123
den005d,285,7738,136
den005d,286,6694,132
den005d,287,7449,134
den005d,288,5741,137
den005d,289,6247,125
den005d,290,6175,131
den005d,291,4738,136
den005d,292,6294,129
den005d,293,4804,132
den005d,294,4927,128
den005d,295,5716,137
den005d,296,5010,127
den005d,297,4823,129
den005d,298,4251,140
den005d,299,5258,137
den005d,300,3334,132
den005d,301,4493,138
den005d,302,6501,124
den005d,303,4100,132
den005d,304,7382,142
den005d,305,4411,143
den005d,306,6565,136
den005d,307,6539,136
den005d,308,5132,144
den005d,309,7865,135
den005d,310,5767,138
den005d,311,7730,133
den005d,312,4782,148
den005d,313,5427,135
den005d,314,6703,130
den005d,315,7582,150
den005d,316,7042,144
den005d,317,5084,142
den005d,318,7850,145
den005d,319,5482,148
den005d,320,5004,148
den005d,321,6289,148
den005d,322,2777,139
den005d,323,5074,146
den005d,324,5094,145
den005d,325,4791,152
den005d,326,5119,143
den005d,327,4644,156
den005d,328,7244,140
den005d,329,5667,157
den005d,330,7585,151
den005d,331,7593,144
den005d,332,7288,138
den005d,333,7853,142
den005d,334,5218,155
den005d,335,5432,164
den005d,336,7154,144
den005d,337,3927,150
den005d,338,6255,142
den005d,339,4400,143
den005d,340,7439,149
den005d,341,2970,152
den005d,342,5194,148
den005d,343,6232,156
den005d,344,6823,153
den005d,345,7873,149
den005d,346,8376,148
den005d,347,7901,149
den005d,348,7066,147
den005d,349,6434,154
den005d,350,5603,169
den005d,351,5618,163
den005d,352,4409,170
den005d,353,6837,162
den005d,354,6315,155
den005d,355,8148,157
den005d,356,4856,153
den005d,357,7481,155
den005d,358,7372,156
den005d,359,5348,172
den005d,360,8412,160
den005d,361,8080,165
den005d,362,8703,169
den005d,363,6448,168
den005d,364,6427,162
den005d,365,8254,156
den005d,366,8637,158
den005d,367,8547,157
den005d,368,8304,160
den005d,369,4830,157
den005d,370,8193,182
den005d,371,6040,166
den005d,372,8487,160
den005d,373,8364,163
den005d,374,6435,166
den005d,375,8170,163
den005d,376,7848,158
den005d,377,8901,167
den005d,378,5606,167
den005d,379,5773,160
den005d,380,6648,168
den005d,381,9016,167
den005d,382,3436,171
den005d,383,3674,166
den005d,384,4846,179
den005d,385,9247,168
den005d,386,6074,168
den005d,387,6280,164
den005d,388,8986,171
den005d,389,6834,162
den005d,390,8237,162
den005d,391,9318,168
den005d,392,8537,172
den005d,393,7233,182
den005d,394,7697,171
den005d,395,6992,176
den005d,396,8879,167
den005d,397,9144,172
den005d,398,5768,178
den005d,399,9456,166
den005d,400,5767,182
den005d,401,8071,180
den005d,402,9596,181
den005d,403,9504,171
den005d,404,9607,167
den005d,405,7518,172
den005d,406,4457,191
den005d,407,7715,184
den005d,408,8011,173
den005d,409,8522,180
den005d,410,8075,180
den005d,411,6063,187
den005d,412,9383,185
den005d,413,5658,174
den005d,414,10067,176
den005d,415,5305,201
den005d,416,10467,180
den005d,417,5859,202
den005d,418,7060,181
den005d,419,7052,179
den005d,420,9399,187
den005d,421,9288,179
den005d,422,10295,178
den005d,423,10760,185
den005d,424,7690,184
den005d,425,8898,181
den005d,426,7308,190
den005d,427,9564,175
den005d,428,9217,187
den005d,429,8689,177
den005d,430,8548,189
den005d,431,8531,207
den005d,432,8295,193
den005d,433,10148,197
den005d,434,9593,189
den005d,435,8349,185
den005d,436,8961,187
den005d,437,4303,189
den005d,438,7046,193
den005d,439,5411,182
den005d,440,10572,197
den005d,441,9517,200
den005d,442,6203,195
den005d,443,11743,197
den005d,444,4043,192
den005d,445,9616,197
den005d,446,8396,200
den005d,447,8673,193
den005d,448,6800,195
den005d,449,9462,187
den005d,450,10234,191
den005d,451,6382,200
den005d,452,9959,183
den005d,453,9347,191
den005d,454,5686,196
den005d,455,9535,192
den005d,456,7265,199
den005d,457,7581,197
den005d,458,10681,196
den005d,459,8069,189
den005d,460,9297,197
den005d,461,8487,208
den005d,462,10751,204
den005d,463,10781,196
den005d,464,10444,189
den005d,465,9478,196
den005d,466,5280,207
den005d,467,8978,197
den005d,468,9305,194
den005d,469,9968,204
den005d,470,11310,209
den005d,471,11094,211
den005d,472,9124,204
den005d,473,10518,198
den005d,474,9320,201
den005d,475,10460,209
den005d,476,10168,200
den005d,477,10080,203
den005d,478,6964,203
den005d,479,9043,201
den005d,480,12646,221
den005d,481,8639,212
den005d,482,7410,218
den005d,483,9248,207
den005d,484,10099,200
den005d,485,11009,210
den005d,486,4038,210
den005d,487,5930,230
den005d,488,10407,205
den005d,489,10628,207
den005d,490,8671,212
den005d,491,7968,218
den005d,492,6578,222
den005d,493,7073,221
den005d,494,8415,219
den005d,495,13337,223
den005d,496,10712,208
den005d,497,8405,216
den005d,498,9080,207
den005d,499,12043,213
den005d,500,6413,224
den005d,501,9218,219
den005d,502,11730,216
den005d,503,11103,212
den005d,504,7486,223
den005d,505,11650,220
den005d,506,7025,221
den005d,507,8334,219
den005d,508,10729,218
den005d,509,10648,209
den005d,510,7542,221
den005d,511,10066,223
den005d,512,12590,228
den005d,513,12469,223
den005d,514,12638,240
den005d,515,10809,212
den005d,516,10197,223
den005d,517,9177,228
den005d,518,12092,216
den005d,519,10452,223
den005d,520,10059,223
den005d,521,9095,226
den005d,522,12655,221
den005d,523,8604,227
den005d,524,9273,228
den005d,525,10793,230
den005d,526,11361,233
den005d,527,7811,229
den005d,528,11752,227
den005d,529,12168,230
den005d,530,12164,236
den005d,531,11163,226
den005d,532,10652,226
den005d,533,11912,224
den005d,534,11775,227
den005d,535,9090,235
den005d,536,6256,240
den005d,537,11932,230
den005d,538,12505,237
den005d,539,8752,229
den005d,540,10928,221
den005d,541,10861,231
den005d,542,11661,227
den005d,543,4612,238
den005d,544,5025,236
den005d,545,11183,235
den005d,546,10134,236
den005d,547,4928,237
den005d,548,10929,225
den005d,549,6905,241
den005d,550,6879,238
den005d,551,8480,246
den005d,552,12618,239
den005d,553,10749,232
den005d,554,13471,230
den005d,555,12226,241
den005d,556,11255,231
den005d,557,6122,257
den005d,558,12358,238
den005d,559,12892,234
den005d,560,12796,242
den005d,561,9592,239
den005d,562,6757,258
den005d,563,13415,240
den005d,564,12872,234
den005d,565,12228,236
den005d,566,12664,234
den005d,567,12676,246
den005d,568,7827,237
den005d,569,13077,246
den005d,570,13366,243
den005d,571,11704,241
den005d,572,11143,255
den005d,573,11053,250
den005d,574,8446,255
den005d,575,13182,248
den005d,576,13207,250
den005d,577,8180,241
den005d,578,11218,241
den005d,579,13151,256
den005d,580,8257,262
den005d,581,11103,245
den005d,582,8438,248
den005d,583,13101,248
den005d,584,15002,266
den005d,585,13983,250
den005d,586,13808,245
den005d,587,5328,261
den005d,588,12195,241
den005d,589,7684,261
den005d,590,13633,254
den005d,591,13374,247
den005d,592,5388,260
den005d,593,13960,244
den005d,594,8780,262
den005d,595,8278,258
den005d,596,11353,243
den005d,597,10886,251
den005d,598,12707,249
den005d,599,9179,252
den005d,600,12473,249
den005d,601,13341,265
den005d,602,12136,251
den005d,603,8281,269
den005d,604,7479,270
den005d,605,5421,260
den005d,606,9535,249
den005d,607,13157,264
den005d,608,8716,257
den005d,609,13377,262
den005d,610,12555,260
den005d,611,14107,264
den005d,612,10481,256
den005d,613,14572,270
den005d,614,8877,277
den005d,615,10444,269
den005d,616,14784,280
den005d,617,8649,263
den005d,618,9040,272
den005d,619,13713,260
den005d,620,8952,275
den005d,621,15356,277
den005d,622,8364,271
den005d,623,14463,258
den005d,624,13916,267
den005d,625,12001,265
den005d,626,9134,271
den005d,627,12516,259
den005d,628,14099,262
den005d,629,12109,270
den005d,630,11601,262
den005d,631,8026,287
den005d,632,15258,285
den005d,633,6545,280
den005d,634,8019,282
den005d,635,9288,270
den005d,636,11512,288
den005d,637,14083,270
den005d,638,9825,273
den005d,639,11094,272
den005d,640,9166,284
den005d,641,9109,284
den005d,642,12024,282
den005d,643,13378,280
den005d,644,11836,278
den005d,645,14714,273
den005d,646,13802,268
den005d,647,10384,279
den005d,648,12023,274
den005d,649,11657,275
den005d,650,10160,282
den005d,651,15215,275
den005d,652,9195,274
den005d,653,6635,292
den005d,654,10426,272
den005d,655,10672,285
den005d,656,10470,278
den005d,657,14270,271
den005d,658,14460,277
den005d,659,14184,274
den005d,660,15251,279
den005d,661,14677,284
den005d,662,12344,275
den005d,663,6641,291
den005d,664,12396,292
den005d,665,13877,280
den005d,666,9639,286
den005d,667,15550,283
den005d,668,8599,295
den005d,669,9428,302
den005d,670,14938,283
den005d,671,15316,284
den005d,672,15298,290
den005d,673,10984,291
den005d,674,9430,293
den005d,675,15097,286
den005d,676,15079,303
den005d,677,14941,294
den005d,678,13668,289
den005d,679,10920,288
den005d,680,13588,298
den005d,681,11814,293
den005d,682,9790,290
den005d,683,15794,298
den005d,684,14684,289
den005d,685,12086,288
den005d,686,13898,280
den005d,687,15441,297
den005d,688,9215,288
den005d,689,13728,285
den005d,690,10841,296
den005d,691,8296,316
den005d,692,8360,298
den005d,693,15049,289
den005d,694,13248,294
den005d,695,16162,303
den005d,696,8733,305
den005d,697,9682,296
den005d,698,10939,292
den005d,699,12328,309
den005d,700,16005,304
den005d,701,14010,304
den005d,702,13336,294
den005d,703,9462,298
den005d,704,12510,296
den005d,705,11860,292
den005d,706,11364,303
den005d,707,12366,294
den005d,708,8212,305
den005d,709,9408,304
den005d,710,16349,308
den005d,711,16001,312
den005d,712,12164,310
den005d,713,6166,309
den005d,714,16303,324
den005d,715,13522,317
den005d,716,16283,313
den005d,717,15968,301
den005d,718,9761,303
den005d,719,13393,312
den005d,720,14824,304
den005d,721,10450,308
den005d,722,14488,306
den005d,723,10545,311
den005d,724,15558,305
den005d,725,13588,310
den005d,726,12854,312
den005d,727,16122,311
den005d,728,13098,297
den005d,729,7909,322
den005d,730,14984,315
den005d,731,12917,320
den005d,732,14140,322
den005d,733,13589,314
den005d,734,14299,316
den005d,735,14642,317
den005d,736,15027,321
den005d,737,7131,327
den005d,738,9148,328
den005d,739,11945,304
den005d,740,10721,320
den005d,741,14409,315
den005d,742,13798,325
den005d,743,14897,319
den005d,744,7285,333
den005d,745,12899,315
den005d,746,10034,323
den005d,747,14921,309
den005d,748,14647,321
den005d,749,14702,320
den005d,750,14585,317
den005d,751,14533,333
den005d,752,14329,335
den005d,753,10177,322
den005d,754,15244,323
den005d,755,8171,323
den005d,756,10693,326
den005d,757,12172,317
den005d,758,10087,323
den005d,759,14411,328
den005d,760,15489,330
den005d,761,13078,337
den005d,762,14713,334
den005d,763,10475,326
den005d,764,13298,320
den005d,765,15554,332
den005d,766,14449,330
den005d,767,12541,317
den005d,768,14504,336
den005d,769,15306,326
den005d,770,12372,338
den005d,771,10257,325
den005d,772,14710,335
den005d,773,11213,327
den005d,774,16344,327
den005d,775,9483,346
den005d,776,14871,332
den005d,777,11681,324
den005d,778,11923,327
den005d,779,13064,335
den005d,780,16810,344
den005d,781,17136,333
den005d,782,13722,335
den005d,783,10378,341
den005d,784,12125,340
den005d,785,16166,342
den005d,786,11053,337
den005d,787,16914,347
den005d,788,15110,332
den005d,789,13650,332
den005d,790,13234,336
den005d,791,11087,345
den005d,792,13142,337
den005d,793,14935,333
den005d,794,9711,349
den005d,795,11404,341
den005d,796,7606,339
den005d,797,10102,343
den005d,798,16590,341
den005d,799,15560,340
den005d,800,12488,336
den005d,801,12831,343
den005d,802,10214,342
den005d,803,13529,343
den005d,804,13311,340
den005d,805,10908,340
den005d,806,12557,332
den005d,807,11322,342
den005d,808,17541,351
den005d,809,16648,344
den005d,810,10630,342
den005d,811,14887,338
den005d,812,13856,345
den005d,813,15911,342
den005d,814,16213,343
den005d,815,9049,360
den005d,816,13651,342
den005d,817,15125,348
den005d,818,14615,347
den005d,819,15466,338
den005d,820,10282,355
den005d,821,12368,346
den005d,822,13398,345
den005d,823,16740,365
den005d,824,12756,361
den005d,825,16609,360
den005d,826,11513,349
den005d,827,14791,340
den005d,828,16509,358
den005d,829,15404,345
den005d,830,10755,370
den005d,831,15136,356
den005d,832,13095,360
den005d,833,13460,349
den005d,834,17000,359
den005d,835,11780,360
den005d,836,17088,359
den005d,837,14227,354
den005d,838,11843,362
den005d,839,15983,353
den005d,840,12774,359
den005d,841,10058,380
den005d,842,11574,362
den005d,843,16059,361
den005d,844,15375,369
den005d,845,12138,354
den005d,846,15496,370
den005d,847,15825,369
den005d,848,16549,364
den005d,849,13983,349
den005d,850,17492,382
den005d,851,12874,371
den005d,852,16761,366
den005d,853,12138,358
den005d,854,11990,366
den005d,855,11455,376
den005d,856,12681,364
den005d,857,16020,363
den005d,858,14072,356
den005d,859,17505,373
den005d,860,11049,370
den005d,861,15611,359
den005d,862,16839,379
den005d,863,15761,374
den005d,864,14377,365
den005d,865,16375,375
den005d,866,15952,361
den005d,867,13697,361
den005d,868,15413,363
den005d,869,11752,371
den005d,870,10398,384
den005d,871,16720,378
den005d,872,14599,372
den005d,873,13817,379
den005d,874,11683,383
den005d,875,17135,373
den005d,876,17006,388
den005d,877,14001,369
den005d,878,16418,374
den005d,879,11451,365
den005d,880,12345,377
den005d,881,11798,380
den005d,882,13900,370
den005d,883,14983,371
den005d,884,13332,391
den005d,885,13584,375
den005d,886,14268,377
den005d,887,11134,369
den005d,888,16101,375
den005d,889,16129,381
den005d,890,16571,396
den005d,891,15036,379
den005d,892,17392,395
den005d,893,13122,392
den005d,894,16266,388
den005d,895,14593,382
den005d,896,10477,389
den005d,897,14745,377
den005d,898,14298,372
den005d,899,15865,391
den005d,900,10325,381
den005d,901,16523,385
den005d,902,14478,380
den005d,903,14036,381
den005d,904,13960,388
den005d,905,17263,395
den005d,906,11482,380
den005d,907,13482,402
den005d,908,16047,376
den005d,909,14086,385
den005d,910,9965,392
den005d,911,13584,392
den005d,912,16442,393
den005d,913,13412,399
den005d,914,14354,387
den005d,915,16499,397
den005d,916,14792,390
den005d,917,10493,387
den005d,918,10569,383
den005d,919,14188,379
den005d,920,14218,391
den005d,921,12569,403
den005d,922,17546,409
den005d,923,17122,405
den005d,924,17015,405
den005d,925,17519,397
den005d,926,14757,393
den005d,927,10493,395
den005d,928,15896,396
den005d,929,14809,392
den005d,930,16507,393
den005d,931,17232,395
den005d,932,13149,416
den005d,933,16894,404
den005d,934,17108,407
den005d,935,11619,415
den005d,936,10734,392
den005d,937,11438,412
den005d,938,16981,409
den005d,939,17251,408
den005d,940,10502,405
den005d,941,16675,398
den005d,942,16093,394
den005d,943,17061,410
den005d,944,13708,418
den005d,945,11117,403
den005d,946,9920,407
den005d,947,11686,409
den005d,948,12412,423
den005d,949,14319,399
den005d,950,15181,407
den005d,951,17112,403
den005d,952,16985,415
den005d,953,15876,397
den005d,954,16854,420
den005d,955,14277,409
den005d,956,15473,406
den005d,957,13432,402
den005d,958,14998,407
den005d,959,16872,407
den005d,960,11202,403
den005d,961,17273,416
den005d,962,16896,408
den005d,963,11938,422
den005d,964,17391,410
den005d,965,14350,401
den005d,966,14909,411
den005d,967,15106,407
den005d,968,11676,428
den005d,969,16826,409
den005d,970,11312,413
den005d,971,14091,411
den005d,972,13904,417
den005d,973,15404,410
den005d,974,12859,427
den005d,975,11815,415
den005d,976,15434,410
den005d,977,10372,414
den005d,978,13224,430
den005d,979,17278,413
den005d,980,15454,422
den005d,981,15594,423
den005d,982,16815,416
den005d,983,17511,440
den005d,984,17050,422
den005d,985,14168,414
den005d,986,16666,422
den005d,987,12028,422
den005d,988,16092,418
den005d,989,16408,414
den005d,990,11606,418
den005d,991,11518,423
den005d,992,14337,422
den005d,993,17161,413
den005d,994,16703,428
den005d,995,10801,426
den005d,996,17385,419
den005d,997,13132,415
den005d,998,14204,420
den005d,999,14612,428
den005d,1000,13730,425
den005d,1001,12498,418
den005d,1002,14056,431
den005d,1003,17433,441
den005d,1004,17259,429
den005d,1005,13926,430
den005d,1006,17525,442
den005d,1007,13951,428
den005d,1008,16967,436
den005d,1009,12671,423
den005d,1010,12810,454
den005d,1011,13321,432
den005d,1012,16921,437
den005d,1013,15854,426
den005d,1014,13024,424
den005d,1015,13777,442
den005d,1016,13463,421
den005d,1017,16124,436
den005d,1018,15170,426
den005d,1019,11932,439
den005d,1020,15546,438
den005d,1021,14963,433
den005d,1022,14222,436
den005d,1023,12365,433
den005d,1024,14536,435
den005d,1025,15335,430
den005d,1026,14282,438
den005d,1027,12234,434
den005d,1028,14887,431
den005d,1029,17553,456
den005d,1030,14504,434
den005d,1031,13874,448
den005d,1032,11447,441
den005d,1033,17323,445
den005d,1034,16555,434
den005d,1035,11485,446
den005d,1036,16778,445
den005d,1037,16935,435
den005d,1038,15976,440
den005d,1039,15636,439
den005d,1040,16271,447
den005d,1041,12424,434
den005d,1042,15988,441
den005d,1043,14183,447
den005d,1044,16581,437
den005d,1045,12371,440
den005d,1046,16134,446
den005d,1047,13553,439
den005d,1048,15843,441
den005d,1049,14004,444
den005d,1050,13445,444
den005d,1051,14959,447
den005d,1052,14907,452
den005d,1053,14770,454
den005d,1054,15096,445
den005d,1055,16952,438
den005d,1056,14556,451
den005d,1057,17416,462
den005d,1058,15771,442
den005d,1059,12472,445
den005d,1060,15724,445
den005d,1061,15508,454
den005d,1062,13550,451
den005d,1063,13388,443
den005d,1064,13734,450
den005d,1065,14120,462
den005d,1066,15552,453
den005d,1067,13966,447
den005d,1068,15111,449
den005d,1069,16246,456
den005d,1070,16283,456
den005d,1071,16891,460
den005d,1072,15892,459
den005d,1073,14958,459
den005d,1074,14994,451
den005d,1075,14948,454
den005d,1076,15336,452
den005d,1077,16536,460
den005d,1078,17053,448
den005d,1079,15311,455
den005d,1080,15838,459
den005d,1081,15782,465
den005d,1082,12425,454
den005d,1083,12558,452
den005d,1084,12121,453
den005d,1085,17296,457
den005d,1086,12378,462
den005d,1087,14443,456
den005d,1088,13200,460
den005d,1089,15260,457
den005d,1090,12656,462
den005d,1091,17026,458
den005d,1092,14426,463
den005d,1093,15894,461
den005d,1094,16726,462
den005d,1095,17404,462
den005d,1096,16528,468
den005d,1097,17558,472
den005d,1098,14681,464
den005d,1099,14970,465
den005d,1100,14634,465
den005d,1101,14561,472
den005d,1102,16313,472
den005d,1103,16222,469
den005d,1104,12105,465
den005d,1105,17019,477
den005d,1106,15523,471
den005d,1107,14524,469
den005d,1108,16844,478
den005d,1109,16368,464
den005d,1110,12060,469
den005d,1111,16321,474
den005d,1112,14664,472
den005d,1113,14468,477
den005d,1114,16193,479
den005d,1115,12957,473
den005d,1116,14288,473
den005d,1117,14539,474
den005d,1118,16357,471
den005d,1119,15259,471
den005d,1120,17460,492
den005d,1121,15259,476
den005d,1122,15381,477
den005d,1123,15057,483
den005d,1124,12772,475
den005d,1125,16995,480
den005d,1126,14564,488
den005d,1127,14648,483
den005d,1128,15566,479
den005d,1129,12938,481
den005d,1130,15005,486
den005d,1131,16808,483
den005d,1132,14153,478
den005d,1133,14829,484
den005d,1134,14394,494
den005d,1135,16535,482
den005d,1136,16523,480
den005d,1137,15092,490
den005d,1138,14714,491
den005d,1139,16306,485
den005d,1140,14688,506
den005d,1141,16302,492
den005d,1142,14625,493
den005d,1143,15877,486
den005d,1144,15880,484
den005d,1145,16841,480
den005d,1146,15506,490
den005d,1147,14314,495
den005d,1148,17075,482
den005d,1149,15470,491
den005d,1150,14978,495
den005d,1151,14687,495
den005d,1152,12741,492
den005d,1153,17375,501
den005d,1154,17459,484
den005d,1155,16481,489
den005d,1156,16444,496
den005d,1157,15910,491
den005d,1158,12569,487
den005d,1159,16025,491
den005d,1160,14894,494
den005d,1161,15624,498
den005d,1162,15856,500
den005d,1163,16600,497
den005d,1164,15589,497
den005d,1165,15342,498
den005d,1166,16611,505
den005d,1167,16313,498
den005d,1168,15774,491
den005d,1169,15388,494
den005d,1170,17275,501
den005d,1171,16764,502
den005d,1172,15571,500
den005d,1173,14909,505
den005d,1174,13341,491
den005d,1175,17403,511
den005d,1176,16920,498
den005d,1177,15801,498
den005d,1178,12997,499
den005d,1179,16492,502
den005d,1180,16808,502
den005d,1181,15029,510
den005d,1182,13793,507
den005d,1183,14354,502
den005d,1184,13175,501
den005d,1185,17481,504
den005d,1186,15802,499
den005d,1187,14562,514
den005d,1188,15696,508
den005d,1189,16369,504
den005d,1190,15356,512
den005d,1191,14036,505
den005d,1192,13484,500
den005d,1193,15358,514
den005d,1194,14913,517
den005d,1195,15961,507
den005d,1196,14199,512
den005d,1197,15929,509
den005d,1198,16195,512
den005d,1199,16393,506
den005d,1200,16966,509
den005d,1201,15626,507
den005d,1202,15254,518
den005d,1203,15009,518
den005d,1204,14712,512
den005d,1205,16734,521
den005d,1206,16944,510
den005d,1207,14069,510
den005d,1208,14714,527
den005d,1209,13269,508
den005d,1210,16203,524
den005d,1211,15353,524
den005d,1212,15563,518
den005d,1213,16716,522
den005d,1214,16668,519
den005d,1215,15051,527
den005d,1216,16340,519
den005d,1217,16752,516
den005d,1218,17158,518
den005d,1219,16704,516
den005d,1220,16406,523
den005d,1221,15803,524
den005d,1222,14538,520
den005d,1223,16982,519
den005d,1224,14132,516
den005d,1225,17443,531
den005d,1226,15807,526
den005d,1227,16215,529
den005d,1228,17208,528
den005d,1229,17005,531
den005d,1230,14726,529
den005d,1231,15283,530
den005d,1232,16073,533
den005d,1233,16375,524
den005d,1234,13953,521
den005d,1235,17549,532
den005d,1236,13859,523
den005d,1237,16449,525
den005d,1238,13704,522
den005d,1239,15489,532
den005d,1240,17354,525
den005d,1241,15498,538
den005d,1242,15443,542
den005d,1243,16565,528
den005d,1244,15186,527
den005d,1245,14105,530
den005d,1246,16269,538
den005d,1247,13315,523
den005d,1248,13962,528
den005d,1249,17548,545
den005d,1250,16177,542
den005d,1251,13750,531
den005d,1252,16494,534
den005d,1253,15432,547
den005d,1254,14327,531
den005d,1255,17295,533
den005d,1256,14967,534
den005d,1257,17406,532
den005d,1258,15209,531
den005d,1259,16510,537
den005d,1260,15406,541
den005d,1261,16918,538
den005d,1262,16407,544
den005d,1263,17013,540
den005d,1264,15318,535
den005d,1265,14187,540
den005d,1266,15352,551
den005d,1267,16432,548
den005d,1268,15835,535
den005d,1269,16520,540
den005d,1270,16551,547
den005d,1271,16853,545
den005d,1272,16546,542
den005d,1273,15520,544
den005d,1274,17009,545
den005d,1275,16748,544
den005d,1276,17189,540
den005d,1277,16852,540
den005d,1278,14762,541
den005d,1279,15800,543
den005d,1280,16681,553
den005d,1281,16667,545
den005d,1282,17019,548
den005d,1283,16640,553
den005d,1284,17459,558
den005d,1285,16972,546
den005d,1286,17037,546
den005d,1287,16016,552
den005d,1288,15361,548
den005d,1289,17533,546
den005d,1290,16180,560
den005d,1291,16561,551
den005d,1292,16050,562
den005d,1293,14712,552
den005d,1294,16432,554
den005d,1295,16678,553
den005d,1296,16183,552
den005d,1297,15118,551
den005d,1298,15710,552
den005d,1299,15850,552
den005d,1300,16914,560
den005d,1301,17215,552
den005d,1302,17084,561
den005d,1303,14517,561
den005d,1304,17559,562
den005d,1305,16387,566
den005d,1306,15635,566
den005d,1307,17513,563
den005d,1308,15831,563
den005d,1309,17208,557
den005d,1310,17278,559
den005d,1311,15719,562
den005d,1312,15761,561
den005d,1313,17492,573
den005d,1314,15038,561
den005d,1315,16481,568
den005d,1316,16682,558
den005d,1317,14779,564
den005d,1318,17205,567
den005d,1319,15002,564
den005d,1320,16908,571
den005d,1321,14832,563
den005d,1322,17481,564
den005d,1323,16922,570
den005d,1324,17455,564
den005d,1325,16674,568
den005d,1326,17370,567
den005d,1327,17400,564
den005d,1328,16321,574
den005d,1329,16542,570
den005d,1330,15308,569
den005d,1331,15791,579
den005d,1332,17554,580
den005d,1333,17179,583
den005d,1334,16558,571
den005d,1335,17390,580
den005d,1336,16366,576
den005d,1337,16761,573
den005d,1338,16496,578
den005d,1339,15913,581
den005d,1340,17175,568
den005d,1341,17317,570
den005d,1342,16673,578
den005d,1343,17459,585
den005d,1344,15748,573
den005d,1345,17347,573
den005d,1346,15283,571
den005d,1347,15645,568
den005d,1348,16213,574
den005d,1349,17559,580
den005d,1350,15640,582
den005d,1351,16377,590
den005d,1352,16861,579
den005d,1353,16771,583
den005d,1354,17132,576
den005d,1355,17283,573
den005d,1356,16912,585
den005d,1357,15646,580
den005d,1358,17110,589
den005d,1359,16504,583
den005d,1360,17201,582
den005d,1361,17299,581
den005d,1362,16551,590
den005d,1363,16513,586
den005d,1364,16889,585
den005d,1365,17525,583
den005d,1366,17111,580
den005d,1367,16571,589
den005d,1368,17335,581
den005d,1369,15963,586
den005d,1370,16534,594
den005d,1371,16993,593
den005d,1372,17390,597
den005d,1373,16515,588
den005d,1374,17456,598
den005d,1375,16759,598
den005d,1376,16797,590
den005d,1377,16396,592
den005d,1378,15246,585
den005d,1379,16585,596
den005d,1380,16453,605
den005d,1381,16893,599
den005d,1382,17278,591
den005d,1383,17472,602
den005d,1384,16532,598
den005d,1385,17294,588
den005d,1386,16739,594
den005d,1387,16180,592
den005d,1388,17202,595
den005d,1389,16374,599
den005d,1390,17498,593
den005d,1391,17092,605
den005d,1392,16518,593
den005d,1393,17220,599
den005d,1394,16996,601
den005d,1395,16713,602
den005d,1396,16598,604
den005d,1397,17173,604
den005d,1398,16407,597
den005d,1399,17550,611
den005d,1400,16466,607
den005d,1401,16655,604
den005d,1402,16486,605
den005d,1403,15957,604
den005d,1404,17168,604
den005d,1405,16767,607
den005d,1406,17106,605
den005d,1407,16628,605
den005d,1408,17450,604
den005d,1409,16629,606
den005d,1410,16718,608
den005d,1411,16972,609
den005d,1412,17485,606
den005d,1413,16730,611
den005d,1414,17556,604
den005d,1415,16631,603
den005d,1416,16796,614
den005d,1417,16864,611
den005d,1418,15849,607
den005d,1419,15948,608
den005d,1420,17168,615
den005d,1421,16712,612
den005d,1422,17232,605
den005d,1423,16915,609
den005d,1424,16512,607
den005d,1425,16816,616
den005d,1426,17110,611
den005d,1427,17095,618
den005d,1428,16303,618
den005d,1429,16982,612
den005d,1430,16507,622
den005d,1431,17247,621
den005d,1432,16680,624
den005d,1433,17089,622
den005d,1434,17019,622
den005d,1435,16437,614
den005d,1436,17261,615
den005d,1437,17530,624
den005d,1438,16619,623
den005d,1439,17377,616
den005d,1440,17434,623
den005d,1441,16618,628
den005d,1442,16999,625
den005d,1443,17041,627
den005d,1444,17394,621
den005d,1445,17335,627
den005d,1446,17519,631
den005d,1447,16778,623
den005d,1448,16880,621
den005d,1449,17352,623
den005d,1450,17016,629
den005d,1451,16977,630
den005d,1452,17278,627
den005d,1453,16606,627
den005d,1454,16767,631
den005d,1455,16508,625
den005d,1456,17214,629
den005d,1457,16607,625
den005d,1458,17008,634
den005d,1459,16929,635
den005d,1460,17518,639
den005d,1461,17250,633
den005d,1462,17529,642
den005d,1463,17438,635
den005d,1464,16631,628
den005d,1465,17430,636
den005d,1466,16600,632
den005d,1467,17372,632
den005d,1468,17341,633
den005d,1469,16932,642
den005d,1470,16882,638
den005d,1471,17427,644
den005d,1472,17347,641
den005d,1473,17430,639
den005d,1474,17359,641
den005d,1475,17255,636
den005d,1476,17057,647
den005d,1477,17000,638
den005d,1478,16914,639
den005d,1479,17527,645
den005d,1480,17142,644
den005d,1481,17347,644
den005d,1482,17295,646
den005d,1483,17482,646
den005d,1484,16968,638
den005d,1485,17498,649
den005d,1486,17124,647
den005d,1487,16694,638
den005d,1488,16939,647
den005d,1489,17074,643
den005d,1490,17451,648
den005d,1491,17007,648
den005d,1492,17185,649
den005d,1493,17512,651
den005d,1494,17523,651
den005d,1495,17376,640
den005d,1496,17416,643
den005d,1497,17495,645
den005d,1498,17390,642
den005d,1499,17511,647
den011d,0,31,4
den011d,1,14,3
den011d,2,38,4
den011d,3,24,3
den011d,4,24,3
den011d,5,56,5
den011d,6,13,2
den011d,7,21,3
den011d,8,14,3
den011d,9,52,5
den011d,10,114,8
den011d,11,144,9
den011d,12,93,9
den011d,13,149,9
den011d,14,50,5
den011d,15,54,5
den011d,16,66,9
den011d,17,124,8
den011d,18,64,6
den011d,19,45,6
den011d,20,298,15
den011d,21,211,11
den011d,22,237,12
den011d,23,298,14
den011d,24,294,14
den011d,25,195,11
den011d,26,295,13
den011d,27,219,13
den011d,28,195,10
den011d,29,183,10
den011d,30,253,15
den011d,31,244,15
den011d,32,296,14
den011d,33,368,17
den011d,34,373,14
den011d,35,481,16
den011d,36,294,15
den011d,37,387,17
den011d,38,363,16
den011d,39,482,17
den011d,40,431,18
den011d,41,600,23
den011d,42,508,21
den011d,43,761,24
den011d,44,344,20
den011d,45,422,22
den011d,46,545,21
den011d,47,610,25
den011d,48,475,19
den011d,49,504,19
den011d,50,912,25
den011d,51,801,24
den011d,52,944,27
den011d,53,613,23
den011d,54,703,29
den011d,55,505,21
den011d,56,568,28
den011d,57,575,24
den011d,58,577,25
den011d,59,339,26
den011d,60,804,35
den011d,61,766,32
den011d,62,855,36
den011d,63,693,29
den011d,64,751,30
den011d,65,660,26
den011d,66,421,31
den011d,67,747,28
den011d,68,940,28
den011d,69,1260,31
den011d,70,1186,34
den011d,71,817,33
den011d,72,932,32
den011d,73,1181,35
den011d,74,868,31
den011d,75,1285,37
den011d,76,1205,40
den011d,77,1299,40
den011d,78,593,30
den011d,79,1535,37
den011d,80,909,35
den011d,81,1272,34
den011d,82,911,39
den011d,83,1237,44
den011d,84,1362,37
den011d,85,1084,44
den011d,86,1468,41
den011d,87,1755,41
den011d,88,1525,43
den011d,89,1936,43
den011d,90,1251,45
den011d,91,2179,48
den011d,92,1980,50
den011d,93,1169,46
den011d,94,1286,41
den011d,95,1803,38
den011d,96,2606,48
den011d,97,1611,46
den011d,98,697,46
den011d,99,1639,40
den011d,100,1852,51
den011d,101,1207,47
den011d,102,1775,50
den011d,103,1747,52
den011d,104,2786,49
den011d,105,881,46
den011d,106,1501,48
den011d,107,1827,52
den011d,108,1882,48
den011d,109,2158,49
den011d,110,2004,57
den011d,111,1415,50
den011d,112,2613,50
den011d,113,1278,45
den011d,114,1736,47
den011d,115,1653,56
den011d,116,2208,50
den011d,117,2208,57
den011d,118,1887,60
den011d,119,1217,55
den011d,120,1117,63
den011d,121,2142,55
den011d,122,1070,64
den011d,123,2322,58
den011d,124,2166,66
den011d,125,1949,52
den011d,126,2396,60
den011d,127,1105,59
den011d,128,1121,56
den011d,129,2039,53
den011d,130,1072,58
den011d,131,2601,65
den011d,132,2424,58
den011d,133,3057,64
den011d,134,3402,62
den011d,135,1456,66
den011d,136,1794,62
den011d,137,2545,54
den011d,138,1230,69
den011d,139,2394,67
den011d,140,2919,67
den011d,141,2239,63
den011d,142,2377,66
den011d,143,4175,64
den011d,144,1488,69
den011d,145,2685,71
den011d,146,3390,72
den011d,147,1198,72
den011d,148,4656,71
den011d,149,2680,64
den011d,150,2514,74
den011d,151,4536,75
den011d,152,2574,72
den011d,153,3947,71
den011d,154,3091,66
den011d,155,2314,66
den011d,156,2337,72
den011d,157,2700,67
den011d,158,2716,73
den011d,159,2914,79
den011d,160,3012,79
den011d,161,3215,70
den011d,162,2624,74
den011d,163,3173,71
den011d,164,3777,78
den011d,165,5997,84
den011d,166,2574,74
den011d,167,2171,77
den011d,168,2376,85
den011d,169,5617,78
den011d,170,3729,74
den011d,171,3098,74
den011d,172,3360,80
den011d,173,2684,77
den011d,174,3039,78
den011d,175,4928,75
den011d,176,3461,72
den011d,177,5447,81
den011d,178,1645,80
den011d,179,4215,84
den011d,180,3794,82
den011d,181,1861,94
den011d,182,4074,81
den011d,183,3032,84
den011d,184,4224,78
den011d,185,3747,87
den011d,186,2479,95
den011d,187,3645,78
den011d,188,3961,83
den011d,189,4852,86
den011d,190,1847,97
den011d,191,6444,93
den011d,192,5528,88
den011d,193,2256,91
den011d,194,4276,81
den011d,195,3200,99
den011d,196,6072,89
den011d,197,1646,93
den011d,198,2858,101
den011d,199,5822,90
den011d,200,3144,92
den011d,201,3265,90
den011d,202,6051,96
den011d,203,3360,86
den011d,204,5141,93
den011d,205,3014,91
den011d,206,6889,94
den011d,207,4667,85
den011d,208,3297,103
den011d,209,3361,84
den011d,210,4960,95
den011d,211,5808,97
den011d,212,6153,106
den011d,213,3866,99
den011d,214,4158,96
den011d,215,5221,94
den011d,216,3605,106
den011d,217,3142,97
den011d,218,4098,99
den011d,219,6403,100
den011d,220,1696,94
den011d,221,3963,98
den011d,222,4289,110
den011d,223,4566,102
den011d,224,5496,101
den011d,225,5144,99
den011d,226,4599,99
den011d,227,2805,102
den011d,228,4269,116
den011d,229,5712,107
den011d,230,5074,109
den011d,231,1654,112
den011d,232,4741,107
den011d,233,3913,106
den011d,234,7651,107
den011d,235,4307,104
den011d,236,5960,110
den011d,237,2487,104
den011d,238,6602,109
den011d,239,1617,106
den011d,240,3897,112
den011d,241,5217,105
den011d,242,6532,111
den011d,243,8035,115
den011d,244,3956,108
den011d,245,2807,116
den011d,246,5551,101
den011d,247,5573,111
den011d,248,5401,122
den011d,249,5461,106
den011d,250,3337,119
den011d,251,5259,110
den011d,252,4262,121
den011d,253,5309,111
den011d,254,6049,117
den011d,255,3932,121
den011d,256,4499,110
den011d,257,5813,120
den011d,258,5463,122
den011d,259,4289,119
den011d,260,8059,117
den011d,261,7974,119
den011d,262,5331,115
den011d,263,6290,119
den011d,264,2886,129
den011d,265,5139,118
den011d,266,8240,117
den011d,267,6202,117
den011d,268,4041,118
den011d,269,4130,111
den011d,270,8046,131
den011d,271,6932,118
den011d,272,2503,129
den011d,273,8604,127
den011d,274,5549,119
den011d,275,8167,143
den011d,276,6709,114
den011d,277,6777,113
den011d,278,3341,121
den011d,279,3066,118
den011d,280,7006,136
den011d,281,5984,119
den011d,282,9765,134
den011d,283,6138,134
den011d,284,7223,119
den011d,285,6075,129
den011d,286,7851,129
den011d,287,5658,133
den011d,288,7358,122
den011d,289,9271,131
den011d,290,7158,136
den011d,291,7594,126
den011d,292,8203,132
den011d,293,7294,128
den011d,294,9039,144
den011d,295,5798,136
den011d,296,8820,133
den011d,297,8123,126
den011d,298,4631,132
den011d,299,2906,132
den011d,300,7538,140
den011d,301,11282,154
den011d,302,8681,129
den011d,303,3703,142
den011d,304,10477,143
den011d,305,6642,137
den011d,306,6370,140
den011d,307,7865,123
den011d,308,2803,134
den011d,309,6750,141
den011d,310,9191,142
den011d,311,8295,141
den011d,312,9571,154
den011d,313,4181,144
den011d,314,9330,133
den011d,315,8641,142
den011d,316,8115,146
den011d,317,8988,144
den011d,318,7757,146
den011d,319,6855,145
den011d,320,8031,141
den011d,321,9246,139
den011d,322,4828,147
den011d,323,5132,142
den011d,324,6337,143
den011d,325,8250,160
den011d,326,2775,142
den011d,327,7993,148
den011d,328,3887,145
den011d,329,8221,141
den011d,330,9300,161
den011d,331,6963,144
den011d,332,6279,148
den011d,333,5799,151
den011d,334,9499,152
den011d,335,6764,150
den011d,336,8042,148
den011d,337,6976,156
den011d,338,9872,151
den011d,339,10317,150
den011d,340,11489,156
den011d,341,5723,154
den011d,342,10929,147
den011d,343,10620,164
den011d,344,8279,157
den011d,345,10091,150
den011d,346,10818,152
den011d,347,9962,145
den011d,348,11780,158
den011d,349,10107,142
den011d,350,9832,162
den011d,351,11222,171
den011d,352,8084,161
den011d,353,8192,162
den011d,354,9379,156
den011d,355,7621,167
den011d,356,10262,156
den011d,357,6604,157
den011d,358,6511,161
den011d,359,10960,153
den011d,360,10847,164
den011d,361,10982,157
den011d,362,10758,159
den011d,363,12395,165
den011d,364,5504,173
den011d,365,11809,161
den011d,366,4977,169
den011d,367,9099,163
den011d,368,9482,167
den011d,369,3955,158
den011d,370,10388,165
den011d,371,12437,171
den011d,372,7330,167
den011d,373,10078,166
den011d,374,5225,170
den011d,375,6610,167
den011d,376,8131,172
den011d,377,12061,163
den011d,378,11355,162
den011d,379,11995,170
den011d,380,11162,177
den011d,381,11557,176
den011d,382,11952,177
den011d,383,8417,176
den011d,384,8344,174
den011d,385,11870,169
den011d,386,6015,173
den011d,387,7514,169
den011d,388,12406,172
den011d,389,10924,171
den011d,390,13292,179
den011d,391,8484,182
den011d,392,8454,190
den011d,393,7536,176
den011d,394,12402,181
den011d,395,12086,184
den011d,396,6909,179
den011d,397,9858,181
den011d,398,11378,167
den011d,399,10229,175
den011d,400,9535,182
den011d,401,12219,175
den011d,402,11958,178
den011d,403,10059,177
den011d,404,12349,181
den011d,405,5226,181
den011d,406,9592,186
den011d,407,10654,184
den011d,408,8444,179
den011d,409,11988,189
den011d,410,10815,188
den011d,411,10191,189
den011d,412,11023,184
den011d,413,9145,178
den011d,414,5169,187
den011d,415,8148,180
den011d,416,10540,180
den011d,417,7766,182
den011d,418,11382,197
den011d,419,9834,183
den011d,420,7721,194
den011d,421,11823,189
den011d,422,9923,185
den011d,423,12795,187
den011d,424,12685,189
den011d,425,11676,189
den011d,426,9756,189
den011d,427,13687,187
den011d,428,11101,191
den011d,429,8048,194
den011d,430,13568,190
den011d,431,13202,199
den011d,432,10990,191
den011d,433,10967,199
den011d,434,9628,204
den011d,435,8019,198
den011d,436,7856,193
den011d,437,6557,196
den011d,438,12326,193
den011d,439,10202,192
den011d,440,11900,197
den011d,441,11324,198
den011d,442,11512,195
den011d,443,10850,192
den011d,444,11215,204
den011d,445,10465,186
den011d,446,13759,197
den011d,447,13693,201
den011d,448,10086,200
den011d,449,12209,203
den011d,450,7785,200
den011d,451,10825,198
den011d,452,9489,193
den011d,453,11248,202
den011d,454,5732,208
den011d,455,11138,195
den011d,456,11341,208
den011d,457,13332,193
den011d,458,7631,204
den011d,459,13790,217
den011d,460,6118,200
den011d,461,11698,215
den011d,462,8597,213
den011d,463,5422,210
den011d,464,8690,202
den011d,465,13263,208
den011d,466,13501,203
den011d,467,13844,200
den011d,468,12687,211
den011d,469,10266,197
den011d,470,9259,213
den011d,471,12852,211
den011d,472,13034,210
den011d,473,12910,208
den011d,474,12838,208
den011d,475,13801,201
den011d,476,12750,206
den011d,477,13264,210
den011d,478,9001,211
den011d,479,8372,217
den011d,480,14081,234
den011d,481,12883,219
den011d,482,12732,217
den011d,483,13998,225
den011d,484,13539,227
den011d,485,12414,218
den011d,486,11069,223
den011d,487,9354,219
den011d,488,14222,214
den011d,489,5794,212
den011d,490,6398,225
den011d,491,12723,216
den011d,492,13247,226
den011d,493,12698,219
den011d,494,14452,228
den011d,495,13440,222
den011d,496,6861,218
den011d,497,9996,221
den011d,498,13649,216
den011d,499,9741,225
den011d,500,13168,228
den011d,501,12598,223
den011d,502,12625,240
den011d,503,12196,228
den011d,504,14277,233
den011d,505,10655,226
den011d,506,13161,231
den011d,507,12549,236
den011d,508,13407,227
den011d,509,14479,230
den011d,510,13790,237
den011d,511,12138,234
den011d,512,10913,235
den011d,513,13145,237
den011d,514,12784,223
den011d,515,11974,221
den011d,516,12819,222
den011d,517,14427,227
den011d,518,11664,230
den011d,519,11361,247
den011d,520,12800,228
den011d,521,12615,233
den011d,522,12628,239
den011d,523,14044,248
den011d,524,13560,236
den011d,525,13216,243
den011d,526,12955,235
den011d,527,13658,236
den011d,528,12014,234
den011d,529,10250,238
den011d,530,13649,246
den011d,531,10592,239
den011d,532,11998,242
den011d,533,14186,236
den011d,534,14093,237
den011d,535,13213,242
den011d,536,9693,238
den011d,537,8985,236
den011d,538,12036,239
den011d,539,13022,244
den011d,540,14326,241
den011d,541,13732,241
den011d,542,11761,248
den011d,543,10460,244
den011d,544,12285,251
den011d,545,7799,236
den011d,546,12337,245
den011d,547,8727,236
den011d,548,11506,241
den011d,549,13488,245
den011d,550,13452,253
den011d,551,11488,254
den011d,552,14283,246
den011d,553,14218,246
den011d,554,12261,250
den011d,555,13709,249
den011d,556,13445,246
den011d,557,13736,251
den011d,558,14411,242
den011d,559,13263,252
den011d,560,14128,253
den011d,561,9749,251
den011d,562,11225,253
den011d,563,13742,253
den011d,564,12095,249
den011d,565,8471,242
den011d,566,13938,246
den011d,567,12497,256
den011d,568,12456,255
den011d,569,9116,247
den011d,570,10876,257
den011d,571,14350,260
den011d,572,11902,258
den011d,573,13614,261
den011d,574,10263,263
den011d,575,13474,258
den011d,576,10896,258
den011d,577,13488,254
den011d,578,12279,246
den011d,579,11849,258
den011d,580,12735,262
den011d,581,13545,253
den011d,582,11973,257
den011d,583,13810,261
den011d,584,9745,255
den011d,585,14429,272
den011d,586,13794,267
den011d,587,13705,259
den011d,588,14225,259
den011d,589,12959,265
den011d,590,14358,262
den011d,591,14152,272
den011d,592,11395,270
den011d,593,11410,269
den011d,594,14355,272
den011d,595,12865,263
den011d,596,12799,260
den011d,597,14144,262
den011d,598,12076,271
den011d,599,12948,259
den011d,600,13645,276
den011d,601,14411,274
den011d,602,11586,273
den011d,603,12180,271
den011d,604,14159,270
den011d,605,12176,266
den011d,606,12004,275
den011d,607,14232,270
den011d,608,14423,272
den011d,609,13048,278
den011d,610,13459,282
den011d,611,14372,275
den011d,612,12164,278
den011d,613,9861,281
den011d,614,13841,286
den011d,615,13124,292
den011d,616,10010,281
den011d,617,13965,279
den011d,618,14486,282
den011d,619,14493,275
den011d,620,13791,278
den011d,621,13950,287
den011d,622,14420,280
den011d,623,11360,281
den011d,624,12127,276
den011d,625,11737,275
den011d,626,13472,277
den011d,627,14441,291
den011d,628,11629,288
den011d,629,13913,275
den011d,630,14165,283
den011d,631,12784,287
den011d,632,11957,285
den011d,633,12714,286
den011d,634,13876,291
den011d,635,13955,287
den011d,636,10542,269
den011d,637,12209,282
den011d,638,13876,288
den011d,639,14502,289
den011d,640,14026,288
den011d,641,13885,288
den011d,642,14452,296
den011d,643,13787,296
den011d,644,14430,293
den011d,645,14081,292
den011d,646,12211,293
den011d,647,14135,286
den011d,648,14201,294
den011d,649,13639,291
den011d,650,13988,295
den011d,651,14189,291
den011d,652,13817,298
den011d,653,14272,290
den011d,654,13699,292
den011d,655,12876,290
den011d,656,13206,306
den011d,657,12206,287
den011d,658,13317,293
den011d,659,14476,306
den011d,660,14018,299
den011d,661,13007,306
den011d,662,14412,303
den011d,663,14142,298
den011d,664,13636,290
den011d,665,12688,296
den011d,666,13598,307
den011d,667,13312,295
den011d,668,13895,295
den011d,669,13359,294
den011d,670,13751,305
den011d,671,13043,298
den011d,672,13883,306
den011d,673,13492,306
den011d,674,14243,302
den011d,675,13913,299
den011d,676,13353,307
den011d,677,14506,301
den011d,678,14470,299
den011d,679,12313,298
den011d,680,14089,301
den011d,681,13336,304
den011d,682,14503,309
den011d,683,13898,314
den011d,684,13502,316
den011d,685,12379,297
den011d,686,14302,307
den011d,687,14284,305
den011d,688,13616,307
den011d,689,14190,310
den011d,690,12585,300
den011d,691,14151,310
den011d,692,13977,311
den011d,693,13514,318
den011d,694,14480,310
den011d,695,12483,310
den011d,696,13777,309
den011d,697,14039,317
den011d,698,14185,305
den011d,699,13820,312
den011d,700,14160,308
den011d,701,14220,315
den011d,702,14460,312
den011d,703,14506,317
den011d,704,12309,317
den011d,705,14475,314
den011d,706,13610,314
den011d,707,14143,309
den011d,708,14160,315
den011d,709,14468,315
den011d,710,13297,321
den011d,711,14239,326
den011d,712,14405,327
den011d,713,14237,319
den011d,714,14504,328
den011d,715,14111,321
den011d,716,13164,318
den011d,717,14092,314
den011d,718,13904,315
den011d,719,14209,316
den011d,720,14031,334
den011d,721,14204,321
den011d,722,14320,329
den011d,723,14385,324
den011d,724,14219,321
den011d,725,14016,314
den011d,726,14479,326
den011d,727,14451,328
den011d,728,14304,324
den011d,729,14505,326
den011d,730,14408,334
den011d,731,13755,330
den011d,732,14371,327
den011d,733,14317,327
den011d,734,13809,336
den011d,735,13882,322
den011d,736,13811,323
den011d,737,14014,326
den011d,738,14051,321
den011d,739,14250,323
den011d,740,14483,335
den011d,741,14344,326
den011d,742,14466,341
den011d,743,14343,324
den011d,744,14384,329
den011d,745,14252,331
den011d,746,14436,345
den011d,747,14155,326
den011d,748,14045,328
den011d,749,14385,336
den012d,0,35,4
den012d,1,6,2
den012d,2,21,3
den012d,3,8,2
den012d,4,5,2
den012d,5,7,2
den012d,6,13,2
den012d,7,14,3
den012d,8,31,4
den012d,9,23,3
den012d,10,93,9
den012d,11,77,7
den012d,12,69,6
den012d,13,65,6
den012d,14,47,7
den012d,15,26,4
den012d,16,161,9
den012d,17,109,9
den012d,18,22,4
den012d,19,125,8
den012d,20,131,10
den012d,21,455,15
den012d,22,232,12
den012d,23,197,12
den012d,24,311,13
den012d,25,195,11
den012d,26,245,11
den012d,27,248,11
den012d,28,208,11
den012d,29,194,10
den012d,30,706,20
den012d,31,392,17
den012d,32,377,14
den012d,33,331,17
den012d,34,623,18
den012d,35,502,17
den012d,36,381,17
den012d,37,243,15
den012d,38,304,15
den012d,39,441,16
den012d,40,337,17
den012d,41,744,24
den012d,42,575,22
den012d,43,707,24
den012d,44,573,22
den012d,45,529,19
den012d,46,290,17
den012d,47,807,22
den012d,48,892,22
den012d,49,485,22
den012d,50,588,24
den012d,51,867,32
den012d,52,1121,31
den012d,53,854,23
den012d,54,539,24
den012d,55,858,25
den012d,56,1023,26
den012d,57,1267,33
den012d,58,516,23
den012d,59,868,30
den012d,60,1616,35
den012d,61,697,27
den012d,62,1307,32
den012d,63,805,28
den012d,64,1269,28
den012d,65,1419,34
den012d,66,1485,32
den012d,67,704,33
den012d,68,1458,32
den012d,69,1551,34
den012d,70,1472,35
den012d,71,1230,33
den012d,72,1376,31
den012d,73,1052,30
den012d,74,1179,40
den012d,75,1728,35
den012d,76,1653,34
den012d,77,1329,31
den012d,78,1543,35
den012d,79,1247,41
den012d,80,1249,43
den012d,81,1574,35
den012d,82,1352,37
den012d,83,1782,45
den012d,84,1122,40
den012d,85,1630,35
den012d,86,1675,37
den012d,87,1542,35
den012d,88,1363,38
den012d,89,1616,44
den012d,90,1326,38
den012d,91,1287,42
den012d,92,3579,52
den012d,93,2270,46
den012d,94,2011,50
den012d,95,2728,43
den012d,96,1507,41
den012d,97,2636,42
den012d,98,1871,46
den012d,99,1645,46
den012d,100,1414,47
den012d,101,3388,55
den012d,102,1552,45
den012d,103,1930,55
den012d,104,1729,51
den012d,105,1775,47
den012d,106,1439,48
den012d,107,4138,57
den012d,108,4080,58
den012d,109,2492,52
den012d,110,2079,53
den012d,111,1622,46
den012d,112,1843,52
den012d,113,2233,57
den012d,114,2526,47
den012d,115,1886,51
den012d,116,3770,56
den012d,117,1748,54
den012d,118,2192,51
den012d,119,2173,50
den012d,120,1485,58
den012d,121,2882,60
den012d,122,2989,55
den012d,123,2574,51
den012d,124,4892,66
den012d,125,2218,56
den012d,126,3447,57
den012d,127,1743,58
den012d,128,2293,52
den012d,129,2575,55
den012d,130,5377,69
den012d,131,2366,59
den012d,132,2964,66
den012d,133,3615,62
den012d,134,2447,60
den012d,135,2922,72
den012d,136,2559,57
den012d,137,3845,62
den012d,138,3165,65
den012d,139,1848,53
den012d,140,3371,67
den012d,141,2306,62
den012d,142,2530,62
den012d,143,5691,79
den012d,144,3453,70
den012d,145,3008,64
den012d,146,3114,62
den012d,147,3165,64
den012d,148,4743,67
den012d,149,4929,76
den012d,150,3802,81
den012d,151,2710,75
den012d,152,3418,80
den012d,153,3494,68
den012d,154,4085,65
den012d,155,4057,86
den012d,156,3633,78
den012d,157,3769,77
den012d,158,3231,67
den012d,159,4437,73
den012d,160,4759,79
den012d,161,3339,79
den012d,162,3235,69
den012d,163,4137,90
den012d,164,3447,85
den012d,165,4484,70
den012d,166,4499,74
den012d,167,4168,78
den012d,168,3642,79
den012d,169,5001,69
den012d,170,3347,72
den012d,171,6147,81
den012d,172,5135,89
den012d,173,3394,73
den012d,174,3236,73
den012d,175,5579,79
den012d,176,4878,78
den012d,177,2935,73
den012d,178,5486,85
den012d,179,2769,83
den012d,180,4315,94
den012d,181,2760,83
den012d,182,4085,85
den012d,183,6472,99
den012d,184,5029,87
den012d,185,3599,80
den012d,186,6860,96
den012d,187,5870,83
den012d,188,3650,81
den012d,189,6814,97
den012d,190,4482,90
den012d,191,4952,100
den012d,192,7092,94
den012d,193,3719,79
den012d,194,3893,81
den012d,195,5557,88
den012d,196,4783,92
den012d,197,4477,87
den012d,198,4753,85
den012d,199,4386,102
den012d,200,5940,95
den012d,201,6708,98
den012d,202,4874,99
den012d,203,7203,105
den012d,204,7131,99
den012d,205,4000,104
den012d,206,4313,82
den012d,207,6120,99
den012d,208,4585,87
den012d,209,2592,89
den012d,210,4585,98
den012d,211,7958,116
den012d,212,5159,88
den012d,213,5331,94
den012d,214,4491,97
den012d,215,7776,107
den012d,216,5170,92
den012d,217,5972,96
den012d,218,4409,95
den012d,219,4452,99
den012d,220,6227,101
den012d,221,7072,103
den012d,222,4171,89
den012d,223,2952,91
den012d,224,6379,102
den012d,225,4149,113
den012d,226,3144,99
den012d,227,6134,101
den012d,228,4838,110
den012d,229,3612,93
den012d,230,5616,109
den012d,231,6681,116
den012d,232,3782,107
den012d,233,5248,99
den012d,234,6342,103
den012d,235,5856,110
den012d,236,7202,117
den012d,237,5588,111
den012d,238,8415,120
den012d,239,3088,97
den012d,240,5923,108
den012d,241,5738,112
den012d,242,7400,122
den012d,243,5037,100
den012d,244,5931,130
den012d,245,5960,107
den012d,246,7044,112
den012d,247,4941,109
den012d,248,4959,104
den012d,249,8317,118
den012d,250,6569,129
den012d,251,5739,116
den012d,252,5019,109
den012d,253,8965,137
den012d,254,6510,112
den012d,255,5435,101
den012d,256,6408,117
den012d,257,3866,117
den012d,258,6835,108
den012d,259,4121,115
den012d,260,5783,130
den012d,261,8410,123
den012d,262,7977,124
den012d,263,5125,108
den012d,264,4074,128
den012d,265,6287,112
den012d,266,7226,121
den012d,267,9013,135
den012d,268,4058,116
den012d,269,6490,117
den012d,270,6692,126
den012d,271,7339,119
den012d,272,5033,118
den012d,273,7575,121
den012d,274,8744,127
den012d,275,6796,117
den012d,276,6552,127
den012d,277,6086,121
den012d,278,7150,116
den012d,279,8294,131
den012d,280,4099,127
den012d,281,6028,124
den012d,282,8412,125
den012d,283,7978,141
den012d,284,4415,123
den012d,285,6480,129
den012d,286,5872,130
den012d,287,2365,128
den012d,288,8949,132
den012d,289,4721,138
den012d,290,4963,138
den012d,291,5548,125
den012d,292,7726,141
den012d,293,5707,123
den012d,294,4605,121
den012d,295,7851,137
den012d,296,8013,145
den012d,297,7396,119
den012d,298,4555,128
den012d,299,7502,147
den012d,300,6756,133
den012d,301,4938,144
den012d,302,6115,137
den012d,303,7444,150
den012d,304,7120,138
den012d,305,8730,139
den012d,306,8660,126
den012d,307,6570,133
den012d,308,4553,124
den012d,309,6838,149
den012d,310,6247,138
den012d,311,10059,158
den012d,312,5481,137
den012d,313,7969,144
den012d,314,5335,133
den012d,315,7959,150
den012d,316,9280,150
den012d,317,9380,146
den012d,318,4509,129
den012d,319,10491,164
den012d,320,7519,147
den012d,321,6956,145
den012d,322,6311,136
den012d,323,5439,151
den012d,324,7185,139
den012d,325,7083,162
den012d,326,9341,143
den012d,327,8145,145
den012d,328,5702,143
den012d,329,9257,139
den012d,330,9797,171
den012d,331,5332,145
den012d,332,9290,163
den012d,333,9017,154
den012d,334,9279,154
den012d,335,6270,139
den012d,336,5225,146
den012d,337,10796,175
den012d,338,8027,152
den012d,339,7862,151
den012d,340,8455,159
den012d,341,8847,153
den012d,342,5347,159
den012d,343,6834,171
den012d,344,6093,171
den012d,345,8180,156
den012d,346,6483,171
den012d,347,5611,144
den012d,348,9791,162
den012d,349,6596,140
den012d,350,5400,159
den012d,351,7837,157
den012d,352,6575,158
den012d,353,10196,156
den012d,354,10081,154
den012d,355,6554,158
den012d,356,6539,149
den012d,357,9719,169
den012d,358,8661,169
den012d,359,7765,162
den012d,360,5704,155
den012d,361,9291,164
den012d,362,7374,162
den012d,363,9543,155
den012d,364,7780,155
den012d,365,8867,157
den012d,366,10865,171
den012d,367,10253,168
den012d,368,9295,155
den012d,369,10833,169
den012d,370,6406,166
den012d,371,10916,175
den012d,372,6690,168
den012d,373,9854,161
den012d,374,9631,159
den012d,375,8924,166
den012d,376,9003,153
den012d,377,10565,171
den012d,378,11040,186
den012d,379,7169,173
den012d,380,8410,165
den012d,381,8354,162
den012d,382,8616,166
den012d,383,9911,162
den012d,384,9454,171
den012d,385,7877,186
den012d,386,7042,177
den012d,387,10993,196
den012d,388,6484,165
den012d,389,7259,161
den012d,390,7253,164
den012d,391,9886,172
den012d,392,10533,171
den012d,393,8962,168
den012d,394,11579,182
den012d,395,8546,172
den012d,396,10463,174
den012d,397,10812,171
den012d,398,7096,173
den012d,399,10464,164
den012d,400,10548,166
den012d,401,7325,194
den012d,402,7447,168
den012d,403,7079,169
den012d,404,7777,170
den012d,405,6522,173
den012d,406,8942,193
den012d,407,10040,177
den012d,408,9442,185
den012d,409,8515,180
den012d,410,9804,182
den012d,411,10545,195
den012d,412,10343,182
den012d,413,8155,199
den012d,414,8888,171
den012d,415,10869,174
den012d,416,7586,205
den012d,417,8408,187
den012d,418,10578,190
den012d,419,10634,173
den012d,420,10181,205
den012d,421,9135,180
den012d,422,9628,199
den012d,423,11416,187
den012d,424,12718,210
den012d,425,11409,207
den012d,426,12370,208
den012d,427,8519,184
den012d,428,9794,187
den012d,429,8463,190
den012d,430,7875,190
den012d,431,12272,201
den012d,432,10126,193
den012d,433,9834,183
den012d,434,11784,203
den012d,435,10592,192
den012d,436,9804,182
den012d,437,9238,177
den012d,438,7501,183
den012d,439,9763,187
den012d,440,10354,208
den012d,441,12019,202
den012d,442,12265,204
den012d,443,10939,190
den012d,444,8550,208
den012d,445,12090,191
den012d,446,10923,192
den012d,447,10713,196
den012d,448,12493,196
den012d,449,10259,203
den012d,450,7419,185
den012d,451,10998,201
den012d,452,10594,223
den012d,453,9950,219
den012d,454,10989,192
den012d,455,11268,210
den012d,456,12699,215
den012d,457,11666,198
den012d,458,13908,230
den012d,459,12270,223
den012d,460,12322,208
den012d,461,11344,205
den012d,462,10130,203
den012d,463,10785,192
den012d,464,14010,231
den012d,465,11655,204
den012d,466,11327,203
den012d,467,9938,217
den012d,468,10319,196
den012d,469,12692,208
den012d,470,9163,230
den012d,471,11546,208
den012d,472,10975,228
den012d,473,10423,230
den012d,474,10440,207
den012d,475,11542,211
den012d,476,11488,212
den012d,477,12988,205
den012d,478,11920,206
den012d,479,12968,209
den012d,480,13906,224
den012d,481,13088,223
den012d,482,12209,211
den012d,483,13067,204
den012d,484,13570,221
den012d,485,12536,216
den012d,486,13119,206
den012d,487,13719,222
den012d,488,13762,228
den012d,489,12704,224
den012d,490,11439,211
den012d,491,14756,238
den012d,492,13070,224
den012d,493,11152,233
den012d,494,11875,225
den012d,495,11984,219
den012d,496,9481,204
den012d,497,11488,216
den012d,498,8700,210
den012d,499,12883,215
den012d,500,11778,218
den012d,501,10596,224
den012d,502,13733,234
den012d,503,12293,209
den012d,504,13308,235
den012d,505,10723,222
den012d,506,13976,240
den012d,507,12280,214
den012d,508,11609,213
den012d,509,10171,244
den012d,510,12112,228
den012d,511,13462,221
den012d,512,13438,214
den012d,513,10058,218
den012d,514,8947,217
den012d,515,14283,232
den012d,516,11211,223
den012d,517,8500,215
den012d,518,11876,240
den012d,519,8862,244
den012d,520,15242,244
den012d,521,14100,242
den012d,522,9526,248
den012d,523,12596,221
den012d,524,13510,252
den012d,525,14175,238
den012d,526,13079,221
den012d,527,12361,223
den012d,528,12734,216
den012d,529,13675,230
den012d,530,11322,243
den012d,531,14366,237
den012d,532,16493,266
den012d,533,12256,245
den012d,534,13516,252
den012d,535,13361,247
den012d,536,12576,228
den012d,537,12506,228
den012d,538,14434,240
den012d,539,14519,244
den012d,540,16054,251
den012d,541,10683,231
den012d,542,13518,220
den012d,543,13342,241
den012d,544,17540,263
den012d,545,15176,245
den012d,546,10399,229
den012d,547,14358,247
den012d,548,11338,251
den012d,549,12146,232
den012d,550,14925,254
den012d,551,12798,238
den012d,552,14573,247
den012d,553,13618,264
den012d,554,14129,271
den012d,555,17209,260
den012d,556,13804,240
den012d,557,10959,239
den012d,558,15210,233
den012d,559,14212,232
den012d,560,13599,240
den012d,561,16492,264
den012d,562,12949,243
den012d,563,12744,251
den012d,564,14196,279
den012d,565,12899,244
den012d,566,10365,267
den012d,567,12992,246
den012d,568,15192,249
den012d,569,12832,242
den012d,570,14873,244
den012d,571,15013,277
den012d,572,14490,249
den012d,573,14540,237
den012d,574,13832,255
den012d,575,17884,270
den012d,576,14660,243
den012d,577,12284,232
den012d,578,13886,254
den012d,579,13126,253
den012d,580,13060,249
den012d,581,16553,281
den012d,582,13302,250
den012d,583,14542,280
den012d,584,16824,257
den012d,585,14334,267
den012d,586,15181,259
den012d,587,12787,241
den012d,588,13500,254
den012d,589,10541,276
den012d,590,13606,265
den012d,591,15820,263
den012d,592,13076,271
den012d,593,13346,252
den012d,594,11883,254
den012d,595,14606,272
den012d,596,14006,257
den012d,597,15407,279
den012d,598,13714,259
den012d,599,15097,270
den012d,600,13147,251
den012d,601,10991,260
den012d,602,13421,258
den012d,603,10630,270
den012d,604,17224,286
den012d,605,15915,271
den012d,606,13163,252
den012d,607,12665,281
den012d,608,13974,264
den012d,609,14441,275
den012d,610,12986,266
den012d,611,16067,267
den012d,612,13745,261
den012d,613,15803,267
den012d,614,13101,252
den012d,615,13791,269
den012d,616,15737,276
den012d,617,13393,264
den012d,618,17844,287
den012d,619,13883,267
den012d,620,15838,283
den012d,621,13549,287
den012d,622,12273,281
den012d,623,16647,256
den012d,624,15128,274
den012d,625,13045,293
den012d,626,16489,283
den012d,627,15066,293
den012d,628,15043,278
den012d,629,15019,275
den012d,630,15927,269
den012d,631,14236,266
den012d,632,19654,313
den012d,633,17925,294
den012d,634,15129,273
den012d,635,17208,289
den012d,636,15618,304
den012d,637,16975,299
den012d,638,14378,273
den012d,639,15664,286
den012d,640,15442,271
den012d,641,16047,296
den012d,642,14519,279
den012d,643,17792,280
den012d,644,14620,274
den012d,645,14749,276
den012d,646,14869,283
den012d,647,16038,283
den012d,648,14450,274
den012d,649,18125,293
den012d,650,14503,279
den012d,651,16638,286
den012d,652,17448,307
den012d,653,15123,278
den012d,654,14207,275
den012d,655,15315,285
den012d,656,17605,296
den012d,657,14765,277
den012d,658,16164,308
den012d,659,16474,304
den012d,660,14683,279
den012d,661,12042,287
den012d,662,17265,300
den012d,663,19731,311
den012d,664,19848,327
den012d,665,17458,284
den012d,666,14863,277
den012d,667,16875,312
den012d,668,16775,318
den012d,669,14641,280
den012d,670,14690,301
den012d,671,17402,305
den012d,672,18645,302
den012d,673,17337,310
den012d,674,16943,315
den012d,675,16103,295
den012d,676,16479,322
den012d,677,19332,315
den012d,678,12874,293
den012d,679,15199,289
den012d,680,17126,295
den012d,681,17906,306
den012d,682,13658,300
den012d,683,17079,301
den012d,684,17049,301
den012d,685,13094,311
den012d,686,17696,299
den012d,687,16502,290
den012d,688,16369,300
den012d,689,17720,294
den012d,690,16979,298
den012d,691,15561,300
den012d,692,17045,300
den012d,693,16630,324
den012d,694,18046,305
den012d,695,16581,292
den012d,696,16512,314
den012d,697,13792,299
den012d,698,17799,312
den012d,699,16980,312
den012d,700,17711,318
den012d,701,16304,308
den012d,702,17617,305
den012d,703,20136,326
den012d,704,16028,305
den012d,705,14308,323
den012d,706,16039,299
den012d,707,18271,306
den012d,708,19527,302
den012d,709,18256,321
den012d,710,17701,321
den012d,711,17229,308
den012d,712,20296,333
den012d,713,16418,296
den012d,714,15640,312
den012d,715,16147,305
den012d,716,14084,303
den012d,717,17101,328
den012d,718,19135,324
den012d,719,18035,323
den012d,720,16178,306
den012d,721,16207,313
den012d,722,16388,312
den012d,723,17109,317
den012d,724,15161,327
den012d,725,14596,317
den012d,726,19012,308
den012d,727,18165,325
den012d,728,18242,311
den012d,729,17238,317
den012d,730,19537,321
den012d,731,17244,336
den012d,732,17316,333
den012d,733,19563,334
den012d,734,20062,317
den012d,735,18562,321
den012d,736,15755,306
den012d,737,14836,317
den012d,738,18211,319
den012d,739,16130,313
den012d,740,18179,333
den012d,741,14057,331
den012d,742,14927,328
den012d,743,18824,335
den012d,744,20147,348
den012d,745,13886,319
den012d,746,16772,305
den012d,747,16383,317
den012d,748,19399,341
den012d,749,17708,327
den012d,750,18145,324
den012d,751,17628,316
den012d,752,18531,341
den012d,753,18982,322
den012d,754,17082,332
den012d,755,18698,328
den012d,756,20125,340
den012d,757,20633,348
den012d,758,20652,328
den012d,759,19096,341
den012d,760,18520,336
den012d,761,18242,346
den012d,762,17639,334
den012d,763,20483,351
den012d,764,16375,338
den012d,765,19408,345
den012d,766,21369,349
den012d,767,13690,342
den012d,768,20241,338
den012d,769,17212,328
den012d,770,19953,331
den012d,771,20167,337
den012d,772,18460,326
den012d,773,20560,349
den012d,774,17690,333
den012d,775,16456,340
den012d,776,19741,328
den012d,777,20705,330
den012d,778,20149,332
den012d,779,22050,372
den012d,780,19569,336
den012d,781,17807,349
den012d,782,17251,336
den012d,783,21571,357
den012d,784,17718,346
den012d,785,20385,348
den012d,786,19478,329
den012d,787,20841,341
den012d,788,19046,343
den012d,789,20956,358
den012d,790,20568,350
den012d,791,19906,337
den012d,792,18525,341
den012d,793,20458,363
den012d,794,19722,348
den012d,795,18462,351
den012d,796,16412,350
den012d,797,18190,342
den012d,798,21722,368
den012d,799,21917,369
den012d,800,19528,345
den012d,801,20801,350
den012d,802,18230,353
den012d,803,17435,354
den012d,804,17641,365
den012d,805,17970,345
den012d,806,19838,337
den012d,807,18866,353
den012d,808,22049,372
den012d,809,19827,349
den012d,810,20763,375
den012d,811,21234,376
den012d,812,20152,376
den012d,813,19710,348
den012d,814,21807,374
den012d,815,22206,372
den012d,816,17007,337
den012d,817,19056,356
den012d,818,18546,342
den012d,819,15881,352
den012d,820,19448,362
den012d,821,15781,375
den012d,822,19289,361
den012d,823,19254,365
den012d,824,21108,354
den012d,825,20384,348
den012d,826,14365,356
den012d,827,18893,354
den012d,828,18662,346
den012d,829,16987,359
den012d,830,21472,355
den012d,831,21185,369
den012d,832,16478,365
den012d,833,20089,361
den012d,834,20280,367
den012d,835,20715,364
den012d,836,21293,366
den012d,837,21931,380
den012d,838,22061,390
den012d,839,20717,373
den012d,840,19943,362
den012d,841,21289,367
den012d,842,19682,363
den012d,843,19183,361
den012d,844,19688,372
den012d,845,22668,389
den012d,846,20926,360
den012d,847,21287,365
den012d,848,20694,372
den012d,849,22511,389
den012d,850,19499,370
den012d,851,21506,366
den012d,852,18765,372
den012d,853,19256,352
den012d,854,20451,366
den012d,855,14839,363
den012d,856,21895,369
den012d,857,22057,373
den012d,858,21755,371
den012d,859,21791,371
den012d,860,20508,378
den012d,861,22402,386
den012d,862,20934,386
den012d,863,21775,363
den012d,864,22335,393
den012d,865,21393,378
den012d,866,18505,386
den012d,867,21242,370
den012d,868,22279,381
den012d,869,21747,391
den012d,870,21148,390
den012d,871,17748,397
den012d,872,22061,384
den012d,873,21693,379
den012d,874,21378,371
den012d,875,20004,374
den012d,876,22393,382
den012d,877,20773,390
den012d,878,21341,380
den012d,879,22355,379
den012d,880,20443,371
den012d,881,18954,370
den012d,882,17264,388
den012d,883,18197,391
den012d,884,20298,373
den012d,885,18207,395
den012d,886,22673,402
den012d,887,21491,381
den012d,888,16096,379
den012d,889,18320,397
den012d,890,20578,381
den012d,891,19399,388
den012d,892,20940,394
den012d,893,19587,394
den012d,894,20370,373
den012d,895,16506,385
den012d,896,21793,381
den012d,897,21523,399
den012d,898,18165,400
den012d,899,21496,390
den012d,900,22114,402
den012d,901,22201,389
den012d,902,19188,390
den012d,903,18360,398
den012d,904,20045,401
den012d,905,21874,387
den012d,906,18660,399
den012d,907,21135,406
den012d,908,21804,388
den012d,909,22101,393
den012d,910,20103,401
den012d,911,21010,407
den012d,912,20433,392
den012d,913,19312,400
den012d,914,19134,408
den012d,915,21892,405
den012d,916,17428,400
den012d,917,18444,407
den012d,918,22006,409
den012d,919,22238,391
den012d,920,21614,408
den012d,921,21626,406
den012d,922,17367,414
den012d,923,22003,405
den012d,924,21343,411
den012d,925,22495,415
den012d,926,20890,415
den012d,927,21794,412
den012d,928,21670,412
den012d,929,21921,414
den012d,930,19464,414
den012d,931,22033,419
den012d,932,19059,412
den012d,933,21924,421
den012d,934,19463,404
den012d,935,20629,427
den012d,936,20996,412
den012d,937,19864,407
den012d,938,19179,412
den012d,939,21604,415
den012d,940,19878,417
den012d,941,16562,407
den012d,942,22032,405
den012d,943,20081,417
den012d,944,21732,417
den012d,945,17894,412
den012d,946,21567,422
den012d,947,20053,429
den012d,948,20693,412
den012d,949,21316,421
den012d,950,22195,421
den012d,951,21603,422
den012d,952,21976,432
den012d,953,21448,420
den012d,954,16582,415
den012d,955,19562,423
den012d,956,19281,429
den012d,957,17824,430
den012d,958,20530,413
den012d,959,19732,431
den012d,960,22272,431
den012d,961,22230,427
den012d,962,16702,414
den012d,963,22007,433
den012d,964,19530,418
den012d,965,20519,424
den012d,966,18200,427
den012d,967,18013,423
den012d,968,21856,424
den012d,969,20945,419
den012d,970,20814,437
den012d,971,22215,430
den012d,972,20523,434
den012d,973,21293,418
den012d,974,21476,436
den012d,975,18902,428
den012d,976,18670,435
den012d,977,19642,425
den012d,978,22198,431
den012d,979,22029,424
den012d,980,21444,454
den012d,981,21291,429
den012d,982,17756,429
den012d,983,22058,439
den012d,984,22035,432
den012d,985,19562,422
den012d,986,18920,438
den012d,987,18697,442
den012d,988,19422,441
den012d,989,18973,438
den012d,990,18234,438
den012d,991,22265,445
den012d,992,21136,438
den012d,993,19408,442
den012d,994,19325,443
den012d,995,21862,441
den012d,996,22094,434
den012d,997,18937,446
den012d,998,22378,436
den012d,999,20752,442
den012d,1000,19910,444
den012d,1001,22456,443
den012d,1002,22024,440
den012d,1003,21269,451
den012d,1004,21946,437
den012d,1005,17901,440
den012d,1006,22461,447
den012d,1007,20664,439
den012d,1008,21403,440
den012d,1009,20915,446
den012d,1010,22600,459
den012d,1011,22048,446
den012d,1012,21736,442
den012d,1013,19166,448
den012d,1014,18371,447
den012d,1015,18754,455
den012d,1016,19339,444
den012d,1017,20404,451
den012d,1018,22597,453
den012d,1019,21547,453
den012d,1020,19235,449
den012d,1021,22574,452
den012d,1022,22119,458
den012d,1023,22384,447
den012d,1024,22598,446
den012d,1025,21939,458
den012d,1026,22655,457
den012d,1027,21609,444
den012d,1028,19542,459
den012d,1029,19370,456
den012d,1030,22494,468
den012d,1031,22329,457
den012d,1032,22459,445
den012d,1033,22658,464
den012d,1034,22503,464
den012d,1035,22328,449
den012d,1036,20468,466
den012d,1037,21680,461
den012d,1038,21599,453
den012d,1039,22679,462
den012d,1040,22430,462
den012d,1041,22680,466
den012d,1042,22567,468
den012d,1043,19860,462
den012d,1044,21014,465
den012d,1045,21340,464
den012d,1046,21872,463
den012d,1047,19642,461
den012d,1048,22676,467
den012d,1049,20395,459
den012d,1050,22665,468
den012d,1051,21854,466
den012d,1052,22096,478
den012d,1053,22593,477
den012d,1054,21446,473
den012d,1055,19265,464
den012d,1056,19255,470
den012d,1057,22540,469
den012d,1058,20278,463
den012d,1059,22625,465
den012d,1060,22578,473
den012d,1061,22052,472
den012d,1062,22192,465
den012d,1063,22678,476
den012d,1064,22606,486
den012d,1065,20474,465
den012d,1066,22505,482
den012d,1067,21372,461
den012d,1068,21400,482
den012d,1069,22677,476
den012d,1070,22053,465
den012d,1071,21723,480
den012d,1072,22468,480
den012d,1073,21883,473
den012d,1074,22601,493
den012d,1075,22503,482
den012d,1076,22627,480
den012d,1077,22036,468
den012d,1078,19929,473
den012d,1079,22008,472
den012d,1080,21916,469
den012d,1081,21641,473
den012d,1082,22589,480
den012d,1083,22429,485
den012d,1084,21475,493
den012d,1085,22454,488
den012d,1086,21530,475
den012d,1087,21589,484
den012d,1088,21694,476
den012d,1089,22521,496
den012d,1090,21767,476
den012d,1091,22032,486
den012d,1092,21559,499
den012d,1093,21514,478
den012d,1094,22613,498
den012d,1095,22629,478
den012d,1096,22171,480
den012d,1097,21075,492
den012d,1098,22386,477
den012d,1099,22550,485
den012d,1100,21561,503
den012d,1101,22677,487
den012d,1102,22674,500
den012d,1103,22522,492
den012d,1104,22496,492
den012d,1105,22163,484
den012d,1106,22431,476
den012d,1107,22498,506
den012d,1108,22440,485
den012d,1109,22674,483
den012d,1110,22255,501
den012d,1111,22153,487
den012d,1112,22603,489
den012d,1113,22681,488
den012d,1114,20346,491
den012d,1115,21320,509
den012d,1116,22606,501
den012d,1117,21822,493
den012d,1118,21658,496
den012d,1119,21849,483
den012d,1120,22482,493
den012d,1121,21863,495
den012d,1122,21791,499
den012d,1123,22512,494
den012d,1124,21826,515
den012d,1125,22656,499
den012d,1126,22400,493
den012d,1127,22644,494
den012d,1128,21237,509
den012d,1129,22580,492
den012d,1130,21691,512
den012d,1131,21540,511
den012d,1132,22361,507
den012d,1133,21463,510
den012d,1134,22250,508
den012d,1135,22568,509
den012d,1136,22516,510
den012d,1137,22518,504
den012d,1138,22286,497
den012d,1139,21974,503
den012d,1140,21826,513
den012d,1141,22564,514
den012d,1142,22402,511
den012d,1143,21427,513
den012d,1144,22604,500
den012d,1145,21613,515
den012d,1146,21860,512
den012d,1147,22654,516
den012d,1148,21895,500
den012d,1149,22340,501
den012d,1150,21391,513
den012d,1151,22248,509
den012d,1152,22648,523
den012d,1153,22003,522
den012d,1154,22386,518
den012d,1155,21721,523
den012d,1156,22315,520
den012d,1157,22537,513
den012d,1158,22361,507
den012d,1159,21620,515
den012d,1160,22534,515
den012d,1161,22586,520
den012d,1162,22196,524
den012d,1163,22626,511
den012d,1164,21900,522
den012d,1165,22116,507
den012d,1166,22620,526
den012d,1167,22132,508
den012d,1168,22496,517
den012d,1169,22444,526
den012d,1170,22433,522
den012d,1171,21929,522
den012d,1172,22143,524
den012d,1173,22101,521
den012d,1174,22153,527
den012d,1175,22557,523
den012d,1176,22480,524
den012d,1177,22205,530
den012d,1178,22639,525
den012d,1179,22481,529
den500d,0,24,3
den500d,1,2,1
den500d,2,1,0
den500d,3,11,2
den500d,4,10,2
den500d,5,8,2
den500d,6,21,3
den500d,7,56,5
den500d,8,4,1
den500d,9,59,5
den500d,10,63,6
den500d,11,87,7
den500d,12,45,5
den500d,13,161,9
den500d,14,135,8
den500d,15,81,6
den500d,16,54,9
den500d,17,132,8
den500d,18,117,10
den500d,19,75,6
den500d,20,226,11
den500d,21,164,10
den500d,22,145,13
den500d,23,249,13
den500d,24,205,11
den500d,25,238,13
den500d,26,193,11
den500d,27,273,13
den500d,28,168,11
den500d,29,317,14
den500d,30,873,21
den500d,31,426,20
den500d,32,261,18
den500d,33,509,16
den500d,34,666,18
den500d,35,414,16
den500d,36,290,15
den500d,37,407,18
den500d,38,274,16
den500d,39,418,18
den500d,40,366,23
den500d,41,806,21
den500d,42,708,21
den500d,43,886,25
den500d,44,662,24
den500d,45,700,24
den500d,46,632,19
den500d,47,282,17
den500d,48,799,24
den500d,49,814,21
den500d,50,945,28
den500d,51,825,24
den500d,52,847,30
den500d,53,1015,24
den500d,54,624,25
den500d,55,792,27
den500d,56,472,23
den500d,57,517,24
den500d,58,820,28
den500d,59,1067,28
den500d,60,737,29
den500d,61,543,25
den500d,62,908,34
den500d,63,724,26
den500d,64,1284,29
den500d,65,1449,28
den500d,66,1343,34
den500d,67,1233,32
den500d,68,592,30
den500d,69,1182,29
den500d,70,1541,33
den500d,71,826,35
den500d,72,1086,31
den500d,73,1135,31
den500d,74,1659,39
den500d,75,953,36
den500d,76,990,33
den500d,77,802,30
den500d,78,579,33
den500d,79,740,35
den500d,80,1455,40
den500d,81,996,40
den500d,82,1054,37
den500d,83,1149,40
den500d,84,1318,37
den500d,85,1577,42
den500d,86,1602,40
den500d,87,1419,41
den500d,88,1668,43
den500d,89,1311,38
den500d,90,1838,45
den500d,91,1665,44
den500d,92,1629,40
den500d,93,2673,41
den500d,94,814,38
den500d,95,1727,48
den500d,96,2027,46
den500d,97,2090,47
den500d,98,2909,51
den500d,99,1756,39
den500d,100,1024,43
den500d,101,1929,49
den500d,102,2388,51
den500d,103,1608,50
den500d,104,1639,44
den500d,105,1618,45
den500d,106,1554,48
den500d,107,1885,48
den500d,108,1846,51
den500d,109,2187,51
den500d,110,2006,47
den500d,111,2038,49
den500d,112,2300,54
den500d,113,967,53
den500d,114,1569,51
den500d,115,1983,50
den500d,116,2521,49
den500d,117,2484,55
den500d,118,2024,60
den500d,119,2375,55
den500d,120,2889,60
den500d,121,2299,52
den500d,122,1131,57
den500d,123,822,57
den500d,124,4358,57
den500d,125,1874,65
den500d,126,3018,62
den500d,127,3992,57
den500d,128,2897,50
den500d,129,2107,52
den500d,130,1624,62
den500d,131,4329,62
den500d,132,4176,67
den500d,133,3504,55
den500d,134,2276,59
den500d,135,3266,67
den500d,136,3149,61
den500d,137,2375,59
den500d,138,4542,71
den500d,139,2364,61
den500d,140,1910,66
den500d,141,4159,68
den500d,142,2595,63
den500d,143,3054,66
den500d,144,2308,72
den500d,145,3360,67
den500d,146,899,58
den500d,147,1487,70
den500d,148,3317,64
den500d,149,3421,66
den500d,150,3038,74
den500d,151,2621,65
den500d,152,4104,80
den500d,153,4601,73
den500d,154,4337,79
den500d,155,4752,66
den500d,156,4863,74
den500d,157,2689,66
den500d,158,3049,72
den500d,159,4881,69
den500d,160,5184,83
den500d,161,2680,72
den500d,162,4447,66
den500d,163,1856,76
den500d,164,3510,68
den500d,165,2017,80
den500d,166,4315,76
den500d,167,4080,70
den500d,168,4483,76
den500d,169,2025,83
den500d,170,3716,78
den500d,171,3961,81
den500d,172,2564,72
den500d,173,4550,78
den500d,174,2459,72
den500d,175,4389,79
den500d,176,3396,80
den500d,177,5959,78
den500d,178,5328,74
den500d,179,5839,86
den500d,180,6389,87
den500d,181,2757,76
den500d,182,5418,92
den500d,183,4301,84
den500d,184,3228,90
den500d,185,4235,80
den500d,186,5214,83
den500d,187,6200,79
den500d,188,3294,83
den500d,189,5375,85
den500d,190,4755,84
den500d,191,4082,91
den500d,192,3987,91
den500d,193,3292,88
den500d,194,2996,84
den500d,195,3899,85
den500d,196,7125,89
den500d,197,5998,87
den500d,198,6552,84
den500d,199,1930,92
den500d,200,3813,86
den500d,201,3239,101
den500d,202,6305,93
den500d,203,4321,90
den500d,204,5689,111
den500d,205,3174,92
den500d,206,4096,91
den500d,207,4700,98
den500d,208,2748,93
den500d,209,4780,97
den500d,210,4119,90
den500d,211,5962,87
den500d,212,8171,94
den500d,213,5373,88
den500d,214,2274,99
den500d,215,2568,98
den500d,216,4227,97
den500d,217,3657,90
den500d,218,4762,93
den500d,219,6007,93
den500d,220,6692,99
den500d,221,4957,101
den500d,222,7910,98
den500d,223,4162,96
den500d,224,3636,109
den500d,225,2008,91
den500d,226,8348,103
den500d,227,4549,101
den500d,228,2529,106
den500d,229,8015,106
den500d,230,2697,110
den500d,231,3810,98
den500d,232,7245,103
den500d,233,6629,94
den500d,234,3093,97
den500d,235,3456,124
den500d,236,4667,111
den500d,237,8473,105
den500d,238,4525,111
den500d,239,5913,114
den500d,240,5969,101
den500d,241,4492,114
den500d,242,9112,107
den500d,243,5199,110
den500d,244,3792,101
den500d,245,3625,105
den500d,246,7826,110
den500d,247,7300,114
den500d,248,6411,98
den500d,249,5971,110
den500d,250,4103,125
den500d,251,4749,123
den500d,252,5765,115
den500d,253,5631,123
den500d,254,4674,112
den500d,255,6066,109
den500d,256,4813,106
den500d,257,3312,120
den500d,258,5727,118
den500d,259,8948,115
den500d,260,8611,121
den500d,261,6918,119
den500d,262,6214,127
den500d,263,6356,123
den500d,264,8832,118
den500d,265,5064,121
den500d,266,4079,116
den500d,267,3906,117
den500d,268,3225,117
den500d,269,7140,115
den500d,270,3698,121
den500d,271,6508,125
den500d,272,5809,123
den500d,273,6362,124
den500d,274,4641,130
den500d,275,4112,127
den500d,276,3284,127
den500d,277,7014,127
den500d,278,6754,127
den500d,279,6601,130
den500d,280,6593,129
den500d,281,4922,134
den500d,282,4494,129
den500d,283,7135,124
den500d,284,6123,132
den500d,285,6197,134
den500d,286,5684,133
den500d,287,8397,127
den500d,288,7590,128
den500d,289,7143,134
den500d,290,4379,131
den500d,291,5649,142
den500d,292,4828,138
den500d,293,6117,124
den500d,294,11114,125
den500d,295,4540,125
den500d,296,5324,138
den500d,297,6789,123
den500d,298,4663,136
den500d,299,7301,138
den500d,300,6514,130
den500d,301,5299,137
den500d,302,5452,145
den500d,303,4763,143
den500d,304,4890,133
den500d,305,5641,129
den500d,306,7906,131
den500d,307,3975,139
den500d,308,3490,136
den500d,309,7775,131
den500d,310,9264,141
den500d,311,9836,137
den500d,312,7867,138
den500d,313,4765,144
den500d,314,5936,154
den500d,315,5054,134
den500d,316,6070,144
den500d,317,7653,140
den500d,318,6810,144
den500d,319,8738,138
den500d,320,5431,145
den500d,321,10666,136
den500d,322,9312,134
den500d,323,5578,152
den500d,324,8606,136
den500d,325,5809,149
den500d,326,7029,151
den500d,327,7169,146
den500d,328,9440,154
den500d,329,7243,139
den500d,330,9371,144
den500d,331,8571,144
den500d,332,6762,152
den500d,333,8706,141
den500d,334,8865,141
den500d,335,8865,142
den500d,336,8026,158
den500d,337,6144,145
den500d,338,7171,140
den500d,339,7111,151
den500d,340,8694,145
den500d,341,5208,158
den500d,342,3306,148
den500d,343,7391,154
den500d,344,4975,156
den500d,345,12010,150
den500d,346,5916,161
den500d,347,7172,157
den500d,348,5619,161
den500d,349,9702,137
den500d,350,8990,156
den500d,351,13276,156
den500d,352,7157,156
den500d,353,9504,156
den500d,354,9935,162
den500d,355,8046,164
den500d,356,6853,154
den500d,357,6613,152
den500d,358,8346,166
den500d,359,6652,163
den500d,360,7926,166
den500d,361,10679,163
den500d,362,8358,151
den500d,363,8281,161
den500d,364,9152,153
den500d,365,12779,153
den500d,366,7879,156
den500d,367,8961,177
den500d,368,6659,165
den500d,369,9017,165
den500d,370,8166,174
den500d,371,9497,168
den500d,372,8149,174
den500d,373,8048,156
den500d,374,9440,153
den500d,375,11346,166
den500d,376,13001,165
den500d,377,10197,167
den500d,378,9856,159
den500d,379,9858,154
den500d,380,13413,166
den500d,381,9617,163
den500d,382,10416,172
den500d,383,5769,161
den500d,384,5627,171
den500d,385,12146,159
den500d,386,6623,174
den500d,387,9114,158
den500d,388,9562,159
den500d,389,14401,175
den500d,390,11115,173
den500d,391,9225,168
den500d,392,7351,175
den500d,393,6175,180
den500d,394,8839,169
den500d,395,8423,174
den500d,396,8611,166
den500d,397,6620,182
den500d,398,8551,177
den500d,399,9582,174
den500d,400,10742,175
den500d,401,12876,171
den500d,402,8485,176
den500d,403,13088,178
den500d,404,8562,168
den500d,405,10235,180
den500d,406,11299,177
den500d,407,10926,174
den500d,408,9328,178
den500d,409,11783,173
den500d,410,11458,178
den500d,411,9601,181
den500d,412,10690,182
den500d,413,12235,176
den500d,414,5806,196
den500d,415,7109,181
den500d,416,13618,183
den500d,417,13340,181
den500d,418,10316,178
den500d,419,13632,181
den500d,420,9741,195
den500d,421,9614,192
den500d,422,13152,184
den500d,423,9909,185
den500d,424,12340,178
den500d,425,8778,194
den500d,426,15586,183
den500d,427,6313,180
den500d,428,14360,199
den500d,429,5758,197
den500d,430,15076,194
den500d,431,10955,195
den500d,432,15624,196
den500d,433,9055,184
den500d,434,7075,197
den500d,435,17118,189
den500d,436,13283,215
den500d,437,12830,179
den500d,438,9712,192
den500d,439,14002,195
den500d,440,9994,190
den500d,441,13096,191
den500d,442,11377,200
den500d,443,15447,195
den500d,444,12083,192
den500d,445,11946,189
den500d,446,10589,186
den500d,447,9878,201
den500d,448,13257,204
den500d,449,10793,204
den500d,450,17295,197
den500d,451,11520,188
den500d,452,13792,206
den500d,453,14111,208
den500d,454,12327,186
den500d,455,14126,191
den500d,456,11373,203
den500d,457,14296,194
den500d,458,13897,190
den500d,459,10029,187
den500d,460,15299,213
den500d,461,7287,207
den500d,462,17873,204
den500d,463,12671,203
den500d,464,11927,204
den500d,465,7796,203
den500d,466,13946,214
den500d,467,11700,193
den500d,468,7894,212
den500d,469,12434,207
den500d,470,11425,203
den500d,471,7393,207
den500d,472,11040,201
den500d,473,9582,200
den500d,474,14659,205
den500d,475,9660,210
den500d,476,11481,197
den500d,477,10688,213
den500d,478,9375,203
den500d,479,11042,208
den500d,480,14075,206
den500d,481,13906,207
den500d,482,16166,218
den500d,483,14487,211
den500d,484,14876,216
den500d,485,11157,224
den500d,486,15867,224
den500d,487,11649,209
den500d,488,14830,213
den500d,489,11571,217
den500d,490,11453,225
den500d,491,14199,213
den500d,492,16562,219
den500d,493,14703,205
den500d,494,16649,211
den500d,495,13319,228
den500d,496,14468,208
den500d,497,10852,207
den500d,498,14180,216
den500d,499,13770,217
den500d,500,14558,233
den500d,501,12428,215
den500d,502,12117,209
den500d,503,16913,246
den500d,504,14359,215
den500d,505,15945,217
den500d,506,14882,217
den500d,507,15517,219
den500d,508,15676,207
den500d,509,12527,219
den500d,510,14207,225
den500d,511,14753,211
den500d,512,18149,240
den500d,513,9688,231
den500d,514,14807,227
den500d,515,7933,238
den500d,516,9655,216
den500d,517,14629,229
den500d,518,11311,223
den500d,519,12323,217
den500d,520,15128,237
den500d,521,12064,230
den500d,522,13957,223
den500d,523,7670,231
den500d,524,18741,217
den500d,525,18836,219
den500d,526,12831,220
den500d,527,9637,227
den500d,528,16279,223
den500d,529,16285,223
den500d,530,14903,235
den500d,531,19273,230
den500d,532,11485,231
den500d,533,16304,239
den500d,534,11558,237
den500d,535,11205,225
den500d,536,17136,234
den500d,537,19441,229
den500d,538,17749,225
den500d,539,11652,230
den500d,540,11921,228
den500d,541,19664,237
den500d,542,11363,243
den500d,543,13998,238
den500d,544,12674,238
den500d,545,18627,224
den500d,546,9255,241
den500d,547,18672,247
den500d,548,18235,240
den500d,549,17125,224
den500d,550,17673,242
den500d,551,18589,260
den500d,552,19393,228
den500d,553,13088,252
den500d,554,19977,243
den500d,555,15953,234
den500d,556,11538,238
den500d,557,16389,229
den500d,558,18446,241
den500d,559,16833,235
den500d,560,14691,241
den500d,561,18604,238
den500d,562,18974,251
den500d,563,12112,253
den500d,564,13055,240
den500d,565,20212,242
den500d,566,8026,258
den500d,567,11695,247
den500d,568,14580,240
den500d,569,19930,235
den500d,570,13393,248
den500d,571,13178,244
den500d,572,15581,251
den500d,573,22370,248
den500d,574,16404,248
den500d,575,7316,266
den500d,576,12020,246
den500d,577,19468,235
den500d,578,12900,252
den500d,579,19691,237
den500d,580,12810,256
den500d,581,11883,266
den500d,582,12593,254
den500d,583,11985,252
den500d,584,16515,252
den500d,585,13557,256
den500d,586,12936,239
den500d,587,19959,250
den500d,588,14405,256
den500d,589,20395,247
den500d,590,23712,251
den500d,591,17539,264
den500d,592,15259,250
den500d,593,16852,262
den500d,594,18506,257
den500d,595,21668,271
den500d,596,14287,257
den500d,597,9882,268
den500d,598,21596,242
den500d,599,13593,269
den500d,600,19495,251
den500d,601,20007,250
den500d,602,18375,272
den500d,603,13286,266
den500d,604,20262,256
den500d,605,17399,265
den500d,606,15455,252
den500d,607,19980,256
den500d,608,20025,274
den500d,609,19517,255
den500d,610,18153,259
den500d,611,18347,269
den500d,612,24139,263
den500d,613,16618,263
den500d,614,19003,269
den500d,615,18407,253
den500d,616,18763,268
den500d,617,19466,266
den500d,618,8361,270
den500d,619,16086,263
den500d,620,13636,264
den500d,621,21524,274
den500d,622,21287,265
den500d,623,21227,278
den500d,624,24677,274
den500d,625,19922,261
den500d,626,12041,269
den500d,627,17471,270
den500d,628,14440,263
den500d,629,21720,269
den500d,630,20507,262
den500d,631,16757,270
den500d,632,21054,270
den500d,633,10006,287
den500d,634,23410,276
den500d,635,10458,282
den500d,636,11908,283
den500d,637,13191,286
den500d,638,18821,266
den500d,639,13043,276
den500d,640,19900,280
den500d,641,13442,272
den500d,642,18352,271
den500d,643,20271,265
den500d,644,13694,282
den500d,645,7962,289
den500d,646,13532,281
den500d,647,20605,277
den500d,648,16532,287
den500d,649,16423,273
den500d,650,14185,280
den500d,651,20527,299
den500d,652,13675,287
den500d,653,22935,295
den500d,654,21280,271
den500d,655,19410,286
den500d,656,10112,283
den500d,657,16559,279
den500d,658,17860,277
den500d,659,16530,292
den500d,660,17353,294
den500d,661,20921,282
den500d,662,16485,279
den500d,663,25853,283
den500d,664,13591,272
den500d,665,15022,281
den500d,666,9115,297
den500d,667,22681,299
den500d,668,21580,289
den500d,669,22392,273
den500d,670,19496,282
den500d,671,19717,288
den500d,672,13644,289
den500d,673,22550,290
den500d,674,15894,292
den500d,675,16668,292
den500d,676,11751,290
den500d,677,13064,283
den500d,678,13954,283
den500d,679,17097,287
den500d,680,24156,292
den500d,681,19035,308
den500d,682,25630,293
den500d,683,17793,296
den500d,684,19973,298
den500d,685,19967,297
den500d,686,18658,298
den500d,687,21698,296
den500d,688,13939,292
den500d,689,20020,291
den500d,690,16696,297
den500d,691,19746,293
den500d,692,13987,296
den500d,693,22726,305
den500d,694,23264,301
den500d,695,15024,304
den500d,696,17838,298
den500d,697,21651,308
den500d,698,22379,310
den500d,699,15967,289
den500d,700,21727,308
den500d,701,15696,302
den500d,702,22557,308
den500d,703,26216,310
den500d,704,16956,296
den500d,705,25177,293
den500d,706,17296,300
den500d,707,14079,297
den500d,708,15008,286
den500d,709,16420,300
den500d,710,16679,293
den500d,711,11567,311
den500d,712,22645,318
den500d,713,23040,318
den500d,714,20110,316
den500d,715,17979,300
den500d,716,14625,309
den500d,717,20058,302
den500d,718,18095,302
den500d,719,20486,311
den500d,720,21712,307
den500d,721,22898,319
den500d,722,25318,311
den500d,723,26437,318
den500d,724,16040,317
den500d,725,8686,334
den500d,726,22278,325
den500d,727,12068,311
den500d,728,21481,313
den500d,729,20921,311
den500d,730,25227,325
den500d,731,12807,327
den500d,732,18511,315
den500d,733,10550,329
den500d,734,17070,312
den500d,735,18528,317
den500d,736,21553,309
den500d,737,15163,317
den500d,738,21992,331
den500d,739,24392,306
den500d,740,20165,312
den500d,741,18103,317
den500d,742,19198,322
den500d,743,26713,311
den500d,744,20779,337
den500d,745,16769,309
den500d,746,14018,307
den500d,747,21509,317
den500d,748,15773,324
den500d,749,21807,321
den500d,750,14874,311
den500d,751,25894,309
den500d,752,15138,317
den500d,753,16578,336
den500d,754,14770,315
den500d,755,25015,313
den500d,756,14832,303
den500d,757,13741,325
den500d,758,23229,332
den500d,759,12666,332
den500d,760,26507,318
den500d,761,16084,338
den500d,762,14294,317
den500d,763,22897,335
den500d,764,14789,317
den500d,765,20009,327
den500d,766,22956,336
den500d,767,11744,345
den500d,768,14379,331
den500d,769,18066,328
den500d,770,15169,321
den500d,771,21325,328
den500d,772,20432,333
den500d,773,14978,316
den500d,774,27989,343
den500d,775,24740,346
den500d,776,29670,355
den500d,777,14945,322
den500d,778,22006,331
den500d,779,25931,331
den500d,780,17628,342
den500d,781,24474,346
den500d,782,25079,332
den500d,783,21027,334
den500d,784,17896,329
den500d,785,14857,321
den500d,786,19521,340
den500d,787,17447,344
den500d,788,10863,358
den500d,789,19780,353
den500d,790,10361,350
den500d,791,16585,335
den500d,792,24650,329
den500d,793,21966,336
den500d,794,18315,350
den500d,795,21496,338
den500d,796,21974,358
den500d,797,19163,335
den500d,798,25728,352
den500d,799,23566,348
den500d,800,14002,358
den500d,801,22021,343
den500d,802,23606,346
den500d,803,23768,346
den500d,804,18759,348
den500d,805,22097,337
den500d,806,28356,360
den500d,807,18148,336
den500d,808,16982,333
den500d,809,19813,326
den500d,810,18946,354
den500d,811,22513,345
den500d,812,18644,346
den500d,813,19322,349
den500d,814,28919,341
den500d,815,23250,336
den500d,816,26267,356
den500d,817,26202,341
den500d,818,18339,354
den500d,819,24868,338
den500d,820,24209,351
den500d,821,15101,345
den500d,822,23954,341
den500d,823,17373,345
den500d,824,13506,357
den500d,825,16838,340
den500d,826,19960,346
den500d,827,19574,357
den500d,828,22996,364
den500d,829,15920,369
den500d,830,26376,362
den500d,831,10542,373
den500d,832,12521,378
den500d,833,12211,379
den500d,834,28440,372
den500d,835,15391,343
den500d,836,15995,350
den500d,837,11674,356
den500d,838,20021,370
den500d,839,27547,354
den500d,840,25115,356
den500d,841,29893,351
den500d,842,20458,349
den500d,843,27470,357
den500d,844,22928,372
den500d,845,22882,377
den500d,846,16411,354
den500d,847,25474,349
den500d,848,20932,364
den500d,849,21754,344
den500d,850,26070,377
den500d,851,12431,369
den500d,852,15009,375
den500d,853,19613,360
den500d,854,21758,383
den500d,855,18236,356
den500d,856,14430,379
den500d,857,23514,360
den500d,858,23747,353
den500d,859,17659,356
den500d,860,24671,362
den500d,861,15630,362
den500d,862,26315,365
den500d,863,22868,361
den500d,864,17932,377
den500d,865,12449,374
den500d,866,15044,357
den500d,867,19547,374
den500d,868,28495,369
den500d,869,13024,370
den500d,870,25986,365
den500d,871,20704,376
den500d,872,14929,400
den500d,873,24626,359
den500d,874,20766,362
den500d,875,15266,361
den500d,876,14649,400
den500d,877,15042,366
den500d,878,24011,396
den500d,879,19543,367
den500d,880,25887,378
den500d,881,16422,371
den500d,882,28335,397
den500d,883,12553,397
den500d,884,27029,391
den500d,885,13610,383
den500d,886,23426,368
den500d,887,20250,383
den500d,888,25625,391
den500d,889,15008,397
den500d,890,20909,382
den500d,891,22696,404
den500d,892,21937,371
den500d,893,19505,369
den500d,894,25347,391
den500d,895,25916,384
den500d,896,20833,383
den500d,897,21320,389
den500d,898,21232,397
den500d,899,21745,369
den500d,900,24495,376
den500d,901,26931,382
den500d,902,27657,393
den500d,903,18845,379
den500d,904,24248,387
den500d,905,17447,397
den500d,906,18217,383
den500d,907,21564,397
den500d,908,16766,404
den500d,909,15001,398
den500d,910,22893,387
den500d,911,27844,376
den500d,912,24779,413
den500d,913,25524,393
den500d,914,17818,400
den500d,915,18210,382
den500d,916,14668,404
den500d,917,17285,382
den500d,918,28497,381
den500d,919,26460,392
den500d,920,23384,382
den500d,921,25085,383
den500d,922,22393,412
den500d,923,17823,403
den500d,924,19327,381
den500d,925,23524,383
den500d,926,17679,412
den500d,927,16559,407
den500d,928,20077,380
den500d,929,25505,385
den500d,930,26215,390
den500d,931,18010,414
den500d,932,26640,400
den500d,933,23268,423
den500d,934,24194,412
den500d,935,20052,389
den500d,936,25486,392
den500d,937,29288,412
den500d,938,17258,401
den500d,939,25947,399
den500d,940,16640,398
den500d,941,21447,395
den500d,942,24326,408
den500d,943,15632,417
den500d,944,25979,411
den500d,945,15751,391
den500d,946,21308,392
den500d,947,25394,387
den500d,948,28310,394
den500d,949,16240,412
den500d,950,19613,401
den500d,951,18779,403
den500d,952,27268,423
den500d,953,24468,409
den500d,954,16592,422
den500d,955,22152,402
den500d,956,16324,399
den500d,957,24902,439
den500d,958,17180,394
den500d,959,16069,410
den500d,960,17490,402
den500d,961,19633,417
den500d,962,18681,398
den500d,963,29494,413
den500d,964,17458,417
den500d,965,15784,434
den500d,966,17365,393
den500d,967,17881,416
den500d,968,24457,407
den500d,969,21985,405
den500d,970,26440,411
den500d,971,28687,424
den500d,972,16385,437
den500d,973,19903,430
den500d,974,17725,418
den500d,975,28935,416
den500d,976,16403,414
den500d,977,25216,400
den500d,978,17079,412
den500d,979,27310,441
den500d,980,17279,410
den500d,981,17873,411
den500d,982,20997,436
den500d,983,25470,412
den500d,984,27365,430
den500d,985,17830,408
den500d,986,20768,428
den500d,987,25644,443
den500d,988,25469,414
den500d,989,23648,411
den500d,990,19511,442
den500d,991,28485,432
den500d,992,26391,433
den500d,993,26697,414
den500d,994,19637,418
den500d,995,27978,428
den500d,996,24525,423
den500d,997,22663,424
den500d,998,24575,418
den500d,999,25999,428
den500d,1000,29537,436
den500d,1001,29445,424
den500d,1002,26141,427
den500d,1003,18563,422
den500d,1004,19471,430
den500d,1005,26206,444
den500d,1006,17102,448
den500d,1007,25251,414
den500d,1008,28380,415
den500d,1009,17887,449
den500d,1010,23447,417
den500d,1011,20964,427
den500d,1012,26914,417
den500d,1013,18659,441
den500d,1014,20842,431
den500d,1015,27601,439
den500d,1016,24162,425
den500d,1017,28026,447
den500d,1018,18722,423
den500d,1019,28117,453
den500d,1020,26882,453
den500d,1021,29652,424
den500d,1022,21273,442
den500d,1023,19114,434
den500d,1024,18261,436
den500d,1025,26727,431
den500d,1026,26820,424
den500d,1027,19913,437
den500d,1028,19215,434
den500d,1029,18277,429
den500d,1030,24081,432
den500d,1031,18032,438
den500d,1032,21178,441
den500d,1033,28470,446
den500d,1034,18127,452
den500d,1035,25847,436
den500d,1036,20852,436
den500d,1037,22983,431
den500d,1038,21389,445
den500d,1039,19592,457
den500d,1040,21978,441
den500d,1041,26993,427
den500d,1042,19524,436
den500d,1043,19564,444
den500d,1044,19019,469
den500d,1045,29848,453
den500d,1046,29521,444
den500d,1047,21518,446
den500d,1048,29273,446
den500d,1049,17211,429
den500d,1050,24666,437
den500d,1051,28318,450
den500d,1052,24883,447
den500d,1053,23909,432
den500d,1054,22601,441
den500d,1055,18572,463
den500d,1056,19467,458
den500d,1057,21671,452
den500d,1058,20627,432
den500d,1059,26971,446
den500d,1060,26906,454
den500d,1061,18417,478
den500d,1062,29934,448
den500d,1063,21946,444
den500d,1064,26641,453
den500d,1065,23451,455
den500d,1066,26258,443
den500d,1067,29174,464
den500d,1068,21658,446
den500d,1069,28241,444
den500d,1070,26855,447
den500d,1071,21298,479
den500d,1072,23695,462
den500d,1073,27636,448
den500d,1074,24312,448
den500d,1075,20902,466
den500d,1076,29366,464
den500d,1077,22215,453
den500d,1078,21011,452
den500d,1079,24425,458
den500d,1080,29992,471
den500d,1081,28321,482
den500d,1082,20231,456
den500d,1083,22976,471
den500d,1084,21618,482
den500d,1085,27473,484
den500d,1086,23855,466
den500d,1087,22076,465
den500d,1088,24462,462
den500d,1089,22898,450
den500d,1090,28837,466
den500d,1091,20884,473
den500d,1092,28257,477
den500d,1093,20728,492
den500d,1094,27709,471
den500d,1095,23792,470
den500d,1096,20462,458
den500d,1097,28823,475
den500d,1098,20559,457
den500d,1099,22206,467
den500d,1100,28126,468
den500d,1101,26510,454
den500d,1102,20743,464
den500d,1103,24834,455
den500d,1104,27965,482
den500d,1105,23172,470
den500d,1106,28921,469
den500d,1107,27862,478
den500d,1108,21803,500
den500d,1109,21799,480
den500d,1110,24127,470
den500d,1111,22334,472
den500d,1112,21196,463
den500d,1113,24130,476
den500d,1114,24177,460
den500d,1115,29212,473
den500d,1116,24423,476
den500d,1117,23362,475
den500d,1118,19336,491
den500d,1119,26928,463
den500d,1120,25830,471
den500d,1121,21735,498
den500d,1122,29666,477
den500d,1123,27125,475
den500d,1124,26109,465
den500d,1125,22276,471
den500d,1126,25896,466
den500d,1127,26842,484
den500d,1128,20099,498
den500d,1129,28886,485
den500d,1130,28659,491
den500d,1131,24464,484
den500d,1132,29766,473
den500d,1133,25347,470
den500d,1134,28744,485
den500d,1135,27889,507
den500d,1136,23475,477
den500d,1137,19728,483
den500d,1138,28844,508
den500d,1139,29470,505
den500d,1140,27425,500
den500d,1141,29623,489
den500d,1142,25221,482
den500d,1143,28084,471
den500d,1144,23520,475
den500d,1145,21912,499
den500d,1146,27272,489
den500d,1147,21980,476
den500d,1148,20519,495
den500d,1149,27522,472
den500d,1150,25288,473
den500d,1151,24309,488
den500d,1152,24705,484
den500d,1153,28693,487
den500d,1154,21802,509
den500d,1155,22290,511
den500d,1156,24400,476
den500d,1157,29171,488
den500d,1158,25279,478
den500d,1159,24504,492
den500d,1160,25191,486
den500d,1161,24905,489
den500d,1162,25390,491
den500d,1163,25190,480
den500d,1164,24767,502
den500d,1165,29036,514
den500d,1166,22263,510
den500d,1167,24518,486
den500d,1168,25154,484
den500d,1169,22951,483
den500d,1170,22428,504
den500d,1171,28632,494
den500d,1172,24885,501
den500d,1173,26678,500
den500d,1174,29817,503
den500d,1175,29515,518
den500d,1176,22086,513
den500d,1177,25817,488
den500d,1178,29478,519
den500d,1179,29121,511
den500d,1180,27272,504
den500d,1181,23643,491
den500d,1182,24046,498
den500d,1183,29970,507
den500d,1184,25499,501
den500d,1185,25487,492
den500d,1186,28332,521
den500d,1187,28829,516
den500d,1188,25977,502
den500d,1189,27950,500
den500d,1190,29282,523
den500d,1191,25347,505
den500d,1192,25883,504
den500d,1193,23683,503
den500d,1194,26761,507
den500d,1195,21858,529
den500d,1196,23835,512
den500d,1197,29332,528
den500d,1198,23565,502
den500d,1199,25154,504
den500d,1200,27912,508
den500d,1201,22454,534
den500d,1202,27089,500
den500d,1203,28971,518
den500d,1204,22602,524
den500d,1205,29471,510
den500d,1206,28969,507
den500d,1207,29565,530
den500d,1208,29219,503
den500d,1209,29566,532
den500d,1210,29055,507
den500d,1211,30012,519
den500d,1212,26988,518
den500d,1213,21881,539
den500d,1214,25064,513
den500d,1215,23543,513
den500d,1216,23488,510
den500d,1217,25966,510
den500d,1218,25439,512
den500d,1219,26768,516
den500d,1220,23080,528
den500d,1221,29023,526
den500d,1222,24680,508
den500d,1223,25278,514
den500d,1224,29707,537
den500d,1225,23084,535
den500d,1226,27605,521
den500d,1227,24157,518
den500d,1228,26145,522
den500d,1229,29402,538
den500d,1230,24743,522
den500d,1231,27475,515
den500d,1232,25958,529
den500d,1233,23312,524
den500d,1234,29598,547
den500d,1235,23534,522
den500d,1236,29010,518
den500d,1237,27669,519
den500d,1238,25880,523
den500d,1239,26892,525
den500d,1240,26752,538
den500d,1241,26059,526
den500d,1242,29919,547
den500d,1243,23377,535
den500d,1244,23177,548
den500d,1245,25721,527
den500d,1246,30010,546
den500d,1247,22956,544
den500d,1248,24701,518
den500d,1249,25727,527
den500d,1250,23687,532
den500d,1251,22588,548
den500d,1252,26575,535
den500d,1253,26351,528
den500d,1254,25142,531
den500d,1255,27447,528
den500d,1256,25710,525
den500d,1257,24033,527
den500d,1258,23682,537
den500d,1259,23492,537
den500d,1260,22959,544
den500d,1261,23077,538
den500d,1262,26330,531
den500d,1263,29976,533
den500d,1264,30000,559
den500d,1265,25269,535
den500d,1266,28927,543
den500d,1267,25527,530
den500d,1268,25888,525
den500d,1269,24252,538
den500d,1270,23406,548
den500d,1271,27715,546
den500d,1272,23192,557
den500d,1273,27095,533
den500d,1274,25760,539
den500d,1275,27394,548
den500d,1276,29806,553
den500d,1277,25738,541
den500d,1278,29925,532
den500d,1279,29665,527
den500d,1280,26062,549
den500d,1281,27723,537
den500d,1282,26383,539
den500d,1283,26170,544
den500d,1284,24961,548
den500d,1285,28567,540
den500d,1286,27118,553
den500d,1287,23587,546
den500d,1288,28739,552
den500d,1289,24360,548
den500d,1290,25982,555
den500d,1291,24714,560
den500d,1292,23507,557
den500d,1293,27137,557
den500d,1294,25965,550
den500d,1295,25823,548
den500d,1296,26506,542
den500d,1297,27015,550
den500d,1298,26332,553
den500d,1299,27757,555
den500d,1300,26310,553
den500d,1301,29712,544
den500d,1302,24222,560
den500d,1303,28674,552
den500d,1304,26284,554
den500d,1305,26274,548
den500d,1306,25223,546
den500d,1307,23142,557
den500d,1308,28466,557
den500d,1309,23330,561
den500d,1310,26321,560
den500d,1311,26230,561
den500d,1312,26202,555
den500d,1313,29247,566
den500d,1314,26198,561
den500d,1315,24379,562
den500d,1316,28310,563
den500d,1317,29258,550
den500d,1318,29290,558
den500d,1319,28533,557
den500d,1320,23749,566
den500d,1321,28882,571
den500d,1322,24114,565
den500d,1323,23736,561
den500d,1324,24243,574
den500d,1325,26238,571
den500d,1326,26449,568
den500d,1327,26971,562
den500d,1328,24436,561
den500d,1329,24842,566
den500d,1330,24832,574
den500d,1331,25070,564
den500d,1332,28152,568
den500d,1333,24086,558
den500d,1334,26112,575
den500d,1335,30070,563
den500d,1336,26850,563
den500d,1337,29868,562
den500d,1338,25136,574
den500d,1339,23492,559
den500d,1340,29605,577
den500d,1341,27760,574
den500d,1342,28724,571
den500d,1343,23615,567
den500d,1344,26383,578
den500d,1345,26882,574
den500d,1346,26380,584
den500d,1347,25055,576
den500d,1348,26767,578
den500d,1349,29409,571
den500d,1350,29046,573
den500d,1351,27118,579
den500d,1352,25411,579
den500d,1353,25815,585
den500d,1354,27187,585
den500d,1355,27099,573
den500d,1356,27039,584
den500d,1357,26579,579
den500d,1358,27808,576
den500d,1359,28075,576
den500d,1360,29396,596
den500d,1361,24159,581
den500d,1362,26813,578
den500d,1363,27572,581
den500d,1364,24147,588
den500d,1365,27103,584
den500d,1366,26430,577
den500d,1367,26689,579
den500d,1368,24938,579
den500d,1369,26514,585
den500d,1370,29241,586
den500d,1371,29175,591
den500d,1372,23537,591
den500d,1373,25010,582
den500d,1374,24174,602
den500d,1375,28833,592
den500d,1376,24342,578
den500d,1377,27760,575
den500d,1378,27609,591
den500d,1379,29580,588
den500d,1380,26614,586
den500d,1381,27118,590
den500d,1382,30006,596
den500d,1383,28933,600
den500d,1384,29636,599
den500d,1385,26256,593
den500d,1386,29592,592
den500d,1387,27905,591
den500d,1388,24212,602
den500d,1389,23696,595
den500d,1390,26450,589
den500d,1391,25562,602
den500d,1392,27172,601
den500d,1393,29224,598
den500d,1394,26626,605
den500d,1395,27461,593
den500d,1396,27735,583
den500d,1397,25935,588
den500d,1398,28278,601
den500d,1399,26776,593
den500d,1400,27850,601
den500d,1401,26633,603
den500d,1402,28762,606
den500d,1403,25882,599
den500d,1404,27001,599
den500d,1405,29202,598
den500d,1406,29457,604
den500d,1407,25335,608
den500d,1408,26578,599
den500d,1409,24585,591
den500d,1410,29324,598
den500d,1411,24553,599
den500d,1412,26269,603
den500d,1413,28339,610
den500d,1414,27280,603
den500d,1415,26375,609
den500d,1416,28034,603
den500d,1417,25971,608
den500d,1418,26337,593
den500d,1419,24435,607
den500d,1420,26996,617
den500d,1421,25370,597
den500d,1422,28348,600
den500d,1423,28099,601
den500d,1424,27744,625
den500d,1425,27017,603
den500d,1426,27422,608
den500d,1427,28389,618
den500d,1428,25514,610
den500d,1429,28856,617
den500d,1430,24891,605
den500d,1431,27304,617
den500d,1432,24557,610
den500d,1433,27471,616
den500d,1434,26889,607
den500d,1435,27250,617
den500d,1436,28357,618
den500d,1437,26809,616
den500d,1438,28571,618
den500d,1439,26523,611
den500d,1440,27234,618
den500d,1441,28518,617
den500d,1442,28726,625
den500d,1443,28187,613
den500d,1444,24617,633
den500d,1445,27968,616
den500d,1446,28995,616
den500d,1447,28049,622
den500d,1448,27265,623
den500d,1449,25507,607
den500d,1450,29395,630
den500d,1451,25946,611
den500d,1452,28319,620
den500d,1453,28909,630
den500d,1454,27457,624
den500d,1455,26721,627
den500d,1456,27306,614
den500d,1457,28027,623
den500d,1458,27802,627
den500d,1459,26911,629
den500d,1460,29665,620
den500d,1461,28367,642
den500d,1462,28023,626
den500d,1463,29165,624
den500d,1464,28440,630
den500d,1465,24998,622
den500d,1466,28657,620
den500d,1467,29291,626
den500d,1468,29853,638
den500d,1469,29098,621
den500d,1470,28720,641
den500d,1471,27232,634
den500d,1472,26182,632
den500d,1473,27315,618
den500d,1474,28317,628
den500d,1475,25995,638
den500d,1476,28394,639
den500d,1477,29655,638
den500d,1478,28844,628
den500d,1479,26966,629
den500d,1480,28092,630
den500d,1481,26928,626
den500d,1482,25626,636
den500d,1483,27382,629
den500d,1484,25786,631
den500d,1485,29478,638
den500d,1486,29179,637
den500d,1487,28856,642
den500d,1488,27779,634
den500d,1489,28922,635
den500d,1490,29903,650
den500d,1491,27406,635
den500d,1492,28839,648
den500d,1493,27168,647
den500d,1494,26411,642
den500d,1495,27979,636
den500d,1496,29025,643
den500d,1497,29757,648
den500d,1498,28871,633
den500d,1499,26395,657
den500d,1500,28503,650
den500d,1501,29444,646
den500d,1502,29149,648
den500d,1503,27880,646
den500d,1504,29335,645
den500d,1505,30059,640
den500d,1506,30064,663
den500d,1507,26205,643
den500d,1508,29967,637
den500d,1509,30053,647
den500d,1510,26811,661
den500d,1511,29188,646
den500d,1512,28181,647
den500d,1513,28333,654
den500d,1514,28662,652
den500d,1515,29388,651
den500d,1516,29548,642
den500d,1517,29479,656
den500d,1518,29996,654
den500d,1519,27977,641
den500d,1520,28471,649
den500d,1521,27889,647
den500d,1522,29941,659
den500d,1523,29311,658
den500d,1524,29374,652
den500d,1525,28511,660
den500d,1526,30020,662
den500d,1527,29296,658
den500d,1528,29009,657
den500d,1529,26119,647
den500d,1530,28818,655
den500d,1531,29693,661
den500d,1532,29024,661
den500d,1533,29078,667
den500d,1534,28942,654
den500d,1535,30019,664
den500d,1536,26322,653
den500d,1537,29321,659
den500d,1538,29752,663
den500d,1539,28340,653
den500d,1540,29531,672
den500d,1541,29311,658
den500d,1542,30037,666
den500d,1543,29680,657
den500d,1544,29079,656
den500d,1545,29991,654
den500d,1546,29954,669
den500d,1547,28864,670
den500d,1548,29991,671
den500d,1549,27900,669
den500d,1550,29367,672
den500d,1551,30055,678
den500d,1552,29593,672
den500d,1553,30041,680
den500d,1554,26757,660
den500d,1555,29974,674
den500d,1556,29718,671
den500d,1557,30008,680
den500d,1558,28831,667
den500d,1559,29707,665
den500d,1560,29123,663
den500d,1561,29521,687
den500d,1562,29911,675
den500d,1563,28941,674
den500d,1564,30071,666
den500d,1565,29803,655
den500d,1566,29907,670
den500d,1567,29799,669
den500d,1568,29358,669
den500d,1569,28307,664
den500d,1570,29581,683
den500d,1571,30011,672
den500d,1572,29808,679
den500d,1573,29017,683
den500d,1574,29951,678
den500d,1575,28343,671
den500d,1576,30038,679
den500d,1577,29889,680
den500d,1578,30056,671
den500d,1579,28962,667
den500d,1580,29373,669
den500d,1581,29179,673
den500d,1582,30054,679
den500d,1583,28910,670
den500d,1584,29042,681
den500d,1585,30019,686
den500d,1586,29122,671
den500d,1587,29142,675
den500d,1588,29950,686
den500d,1589,30020,677
den500d,1590,29994,682
den500d,1591,29753,689
den500d,1592,29348,677
den500d,1593,30069,688
den500d,1594,29616,686
den500d,1595,30055,686
den500d,1596,30068,679
den500d,1597,30033,699
den500d,1598,30057,681
den500d,1599,30035,689
den501d,0,24,4
den501d,1,47,5
den501d,2,24,3
den501d,3,41,5
den501d,4,3,1
den501d,5,3,1
den501d,6,6,2
den501d,7,9,2
den501d,8,41,5
den501d,9,5,1
den501d,10,169,10
den501d,11,60,6
den501d,12,40,5
den501d,13,48,6
den501d,14,110,8
den501d,15,91,7
den501d,16,118,9
den501d,17,72,6
den501d,18,46,5
den501d,19,114,8
den501d,20,234,11
den501d,21,230,11
den501d,22,253,11
den501d,23,127,9
den501d,24,196,10
den501d,25,179,9
den501d,26,363,15
den501d,27,168,14
den501d,28,162,11
den501d,29,300,13
den501d,30,314,18
den501d,31,280,15
den501d,32,317,16
den501d,33,307,14
den501d,34,359,17
den501d,35,286,15
den501d,36,330,15
den501d,37,446,17
den501d,38,379,15
den501d,39,206,14
den501d,40,434,19
den501d,41,478,22
den501d,42,326,17
den501d,43,537,21
den501d,44,593,19
den501d,45,967,25
den501d,46,446,20
den501d,47,846,25
den501d,48,373,18
den501d,49,507,20
den501d,50,509,24
den501d,51,602,27
den501d,52,1075,26
den501d,53,586,28
den501d,54,628,26
den501d,55,940,30
den501d,56,643,26
den501d,57,463,23
den501d,58,546,24
den501d,59,934,24
den501d,60,1221,29
den501d,61,591,28
den501d,62,1162,33
den501d,63,707,29
den501d,64,522,27
den501d,65,1041,33
den501d,66,1770,37
den501d,67,529,28
den501d,68,1029,28
den501d,69,1082,28
den501d,70,1685,39
den501d,71,959,32
den501d,72,521,31
den501d,73,1285,29
den501d,74,1291,31
den501d,75,1552,37
den501d,76,1145,35
den501d,77,1419,39
den501d,78,840,39
den501d,79,881,35
den501d,80,1099,37
den501d,81,1348,39
den501d,82,1495,42
den501d,83,1825,42
den501d,84,1654,37
den501d,85,1591,38
den501d,86,1381,39
den501d,87,1579,39
den501d,88,1067,38
den501d,89,1373,43
den501d,90,1583,46
den501d,91,971,42
den501d,92,1394,40
den501d,93,1234,49
den501d,94,871,44
den501d,95,1502,41
den501d,96,1378,41
den501d,97,2437,48
den501d,98,1435,42
den501d,99,1474,42
den501d,100,2268,52
den501d,101,1511,46
den501d,102,1729,50
den501d,103,1776,50
den501d,104,2247,47
den501d,105,2503,53
den501d,106,1124,43
den501d,107,2375,52
den501d,108,2274,54
den501d,109,2430,50
den501d,110,2725,53
den501d,111,1877,52
den501d,112,2044,54
den501d,113,1635,50
den501d,114,2973,56
den501d,115,2129,60
den501d,116,1744,48
den501d,117,1031,48
den501d,118,1464,48
den501d,119,3549,57
den501d,120,3147,58
den501d,121,1940,60
den501d,122,1296,50
den501d,123,2329,59
den501d,124,1940,56
den501d,125,1878,56
den501d,126,2651,53
den501d,127,3426,68
den501d,128,3376,58
den501d,129,2018,52
den501d,130,2530,62
den501d,131,3047,57
den501d,132,2974,59
den501d,133,635,55
den501d,134,1910,64
den501d,135,3664,59
den501d,136,3649,72
den501d,137,3723,64
den501d,138,2549,59
den501d,139,2349,65
den501d,140,2931,70
den501d,141,3352,69
den501d,142,3550,64
den501d,143,3258,77
den501d,144,2876,67
den501d,145,2596,68
den501d,146,4179,71
den501d,147,1827,65
den501d,148,1679,66
den501d,149,2426,61
den501d,150,2170,75
den501d,151,3672,69
den501d,152,1514,66
den501d,153,2288,74
den501d,154,3381,70
den501d,155,3816,77
den501d,156,4015,78
den501d,157,2615,67
den501d,158,3559,65
den501d,159,3312,78
den501d,160,3967,89
den501d,161,5040,80
den501d,162,3274,74
den501d,163,2634,73
den501d,164,4647,77
den501d,165,1950,84
den501d,166,3552,79
den501d,167,2952,67
den501d,168,3139,77
den501d,169,3435,76
den501d,170,2094,81
den501d,171,4845,83
den501d,172,4701,82
den501d,173,4750,74
den501d,174,3554,77
den501d,175,4652,85
den501d,176,4859,84
den501d,177,4770,83
den501d,178,4838,86
den501d,179,4171,80
den501d,180,4556,78
den501d,181,4635,81
den501d,182,3180,82
den501d,183,5149,85
den501d,184,3256,80
den501d,185,2543,87
den501d,186,5604,83
den501d,187,2557,81
den501d,188,3927,92
den501d,189,5134,95
den501d,190,5316,79
den501d,191,4570,92
den501d,192,4038,84
den501d,193,4193,98
den501d,194,3468,89
den501d,195,4842,89
den501d,196,5972,97
den501d,197,4571,93
den501d,198,5107,90
den501d,199,3212,85
den501d,200,3631,98
den501d,201,4743,89
den501d,202,5392,92
den501d,203,5441,97
den501d,204,3292,84
den501d,205,3960,94
den501d,206,5957,85
den501d,207,5997,101
den501d,208,5312,96
den501d,209,4590,86
den501d,210,6396,109
den501d,211,6780,91
den501d,212,5304,99
den501d,213,5611,92
den501d,214,3738,93
den501d,215,3798,100
den501d,216,4867,103
den501d,217,4381,104
den501d,218,3461,99
den501d,219,3804,94
den501d,220,5451,97
den501d,221,3798,102
den501d,222,5316,104
den501d,223,5094,100
den501d,224,6087,107
den501d,225,3989,91
den501d,226,4111,97
den501d,227,5803,98
den501d,228,6267,103
den501d,229,3992,106
den501d,230,6561,107
den501d,231,4927,112
den501d,232,8620,113
den501d,233,6333,111
den501d,234,6044,105
den501d,235,5214,104
den501d,236,4261,100
den501d,237,4974,104
den501d,238,2592,99
den501d,239,2973,108
den501d,240,4447,114
den501d,241,4057,102
den501d,242,6851,113
den501d,243,6304,119
den501d,244,7711,121
den501d,245,5004,107
den501d,246,4236,100
den501d,247,5689,105
den501d,248,3057,105
den501d,249,7108,112
den501d,250,4808,108
den501d,251,5350,113
den501d,252,4054,111
den501d,253,8003,102
den501d,254,5488,117
den501d,255,8079,111
den501d,256,4113,125
den501d,257,8950,113
den501d,258,5047,110
den501d,259,6736,112
den501d,260,6580,125
den501d,261,8488,116
den501d,262,7490,120
den501d,263,5005,115
den501d,264,5629,124
den501d,265,8362,119
den501d,266,6673,118
den501d,267,5453,117
den501d,268,5023,118
den501d,269,6268,108
den501d,270,6268,125
den501d,271,6131,127
den501d,272,5690,117
den501d,273,9850,132
den501d,274,3931,117
den501d,275,7333,117
den501d,276,8472,116
den501d,277,5351,119
den501d,278,9627,129
den501d,279,5466,131
den501d,280,5901,125
den501d,281,6484,131
den501d,282,3567,131
den501d,283,4264,117
den501d,284,10829,126
den501d,285,6434,130
den501d,286,5758,139
den501d,287,7311,137
den501d,288,9431,141
den501d,289,11648,141
den501d,290,8218,125
den501d,291,6087,130
den501d,292,7550,134
den501d,293,10501,141
den501d,294,9157,132
den501d,295,6361,134
den501d,296,8587,138
den501d,297,9175,122
den501d,298,7459,136
den501d,299,7542,132
den501d,300,4855,127
den501d,301,8075,133
den501d,302,10179,139
den501d,303,5184,133
den501d,304,10164,138
den501d,305,12590,140
den501d,306,6864,129
den501d,307,9122,145
den501d,308,7076,131
den501d,309,6682,136
den501d,310,10790,149
den501d,311,8593,149
den501d,312,11099,147
den501d,313,5508,140
den501d,314,7635,140
den501d,315,6935,134
den501d,316,4614,137
den501d,317,7650,135
den501d,318,10454,134
den501d,319,7380,132
den501d,320,14292,155
den501d,321,12143,137
den501d,322,4341,139
den501d,323,4641,156
den501d,324,4298,147
den501d,325,9748,155
den501d,326,6368,139
den501d,327,15096,161
den501d,328,7260,144
den501d,329,5766,152
den501d,330,8743,141
den501d,331,8514,142
den501d,332,6981,146
den501d,333,3481,145
den501d,334,9989,146
den501d,335,6507,137
den501d,336,9018,151
den501d,337,5749,151
den501d,338,3469,152
den501d,339,8261,148
den501d,340,5312,140
den501d,341,11701,154
den501d,342,9217,155
den501d,343,11117,146
den501d,344,9343,147
den501d,345,2882,163
den501d,346,7790,163
den501d,347,5987,152
den501d,348,9045,155
den501d,349,9972,156
den501d,350,8278,163
den501d,351,10539,160
den501d,352,14643,158
den501d,353,15607,166
den501d,354,6961,158
den501d,355,4534,151
den501d,356,6872,156
den501d,357,10175,161
den501d,358,7604,162
den501d,359,10509,155
den501d,360,5992,179
den501d,361,7645,149
den501d,362,8292,157
den501d,363,11882,166
den501d,364,14848,172
den501d,365,14219,172
den501d,366,6224,167
den501d,367,9587,166
den501d,368,10384,157
den501d,369,12551,154
den501d,370,6492,163
den501d,371,10709,172
den501d,372,7660,168
den501d,373,11122,186
den501d,374,8283,160
den501d,375,13296,174
den501d,376,9901,181
den501d,377,8814,156
den501d,378,8637,175
den501d,379,16390,168
den501d,380,8896,162
den501d,381,11069,158
den501d,382,9737,169
den501d,383,15522,166
den501d,384,14085,170
den501d,385,8384,165
den501d,386,4415,161
den501d,387,14858,160
den501d,388,15481,180
den501d,389,15581,175
den501d,390,9245,173
den501d,391,7510,178
den501d,392,9907,179
den501d,393,10834,177
den501d,394,12551,185
den501d,395,9095,177
den501d,396,7209,179
den501d,397,9087,180
den501d,398,8838,174
den501d,399,10871,179
den501d,400,12146,185
den501d,401,11942,179
den501d,402,9089,189
den501d,403,8351,194
den501d,404,10681,176
den501d,405,8040,189
den501d,406,9737,190
den501d,407,8705,182
den501d,408,11191,195
den501d,409,16378,188
den501d,410,12262,189
den501d,411,18837,185
den501d,412,11238,187
den501d,413,16630,180
den501d,414,16051,186
den501d,415,17636,180
den501d,416,13404,182
den501d,417,8760,187
den501d,418,6938,191
den501d,419,9705,180
den501d,420,11462,187
den501d,421,20737,200
den501d,422,9390,190
den501d,423,11324,189
den501d,424,7884,192
den501d,425,16598,191
den501d,426,14388,189
den501d,427,10857,195
den501d,428,7222,200
den501d,429,16113,185
den501d,430,12099,193
den501d,431,9514,185
den501d,432,15864,206
den501d,433,8388,182
den501d,434,18623,204
den501d,435,8418,201
den501d,436,9942,196
den501d,437,11928,192
den501d,438,15811,187
den501d,439,7828,211
den501d,440,16575,197
den501d,441,17467,190
den501d,442,7307,195
den501d,443,12774,210
den501d,444,11962,213
den501d,445,20713,199
den501d,446,13062,196
den501d,447,11556,199
den501d,448,16223,202
den501d,449,10682,185
den501d,450,12172,201
den501d,451,14286,194
den501d,452,10568,208
den501d,453,20407,227
den501d,454,19219,199
den501d,455,20616,208
den501d,456,8381,203
den501d,457,12643,197
den501d,458,19575,223
den501d,459,7942,196
den501d,460,17852,225
den501d,461,8390,212
den501d,462,15177,206
den501d,463,22315,217
den501d,464,12624,207
den501d,465,9299,199
den501d,466,20253,194
den501d,467,12848,209
den501d,468,8337,204
den501d,469,11364,206
den501d,470,12431,201
den501d,471,8233,211
den501d,472,12352,207
den501d,473,7303,231
den501d,474,12009,203
den501d,475,9999,212
den501d,476,15893,206
den501d,477,10484,228
den501d,478,17691,218
den501d,479,12995,200
den501d,480,20960,209
den501d,481,13564,202
den501d,482,12271,211
den501d,483,20587,221
den501d,484,13116,209
den501d,485,19120,221
den501d,486,8335,215
den501d,487,14691,221
den501d,488,10390,227
den501d,489,9915,218
den501d,490,15280,224
den501d,491,9174,222
den501d,492,14205,212
den501d,493,22712,236
den501d,494,15592,212
den501d,495,15608,233
den501d,496,10772,223
den501d,497,13659,210
den501d,498,11997,219
den501d,499,13287,220
den501d,500,7030,226
den501d,501,8542,225
den501d,502,16428,211
den501d,503,14166,221
den501d,504,23158,240
den501d,505,17245,228
den501d,506,11538,230
den501d,507,15643,227
den501d,508,14621,215
den501d,509,12245,219
den501d,510,11307,216
den501d,511,21918,229
den501d,512,8180,232
den501d,513,10216,232
den501d,514,22144,245
den501d,515,16495,233
den501d,516,23551,247
den501d,517,17099,232
den501d,518,11362,231
den501d,519,14976,226
den501d,520,14219,228
den501d,521,16192,224
den501d,522,14552,232
den501d,523,15220,221
den501d,524,18365,228
den501d,525,25279,236
den501d,526,13212,234
den501d,527,14510,226
den501d,528,13303,237
den501d,529,10536,230
den501d,530,12462,239
den501d,531,8873,242
den501d,532,7838,237
den501d,533,17675,239
den501d,534,9867,241
den501d,535,12370,242
den501d,536,11302,237
den501d,537,16440,248
den501d,538,21464,248
den501d,539,25378,241
den501d,540,10403,245
den501d,541,10060,258
den501d,542,18514,243
den501d,543,20777,263
den501d,544,12829,251
den501d,545,9503,231
den501d,546,8099,250
den501d,547,24372,243
den501d,548,11359,245
den501d,549,20115,241
den501d,550,19587,253
den501d,551,18174,237
den501d,552,12191,246
den501d,553,21712,257
den501d,554,17470,241
den501d,555,21484,243
den501d,556,21456,242
den501d,557,14100,246
den501d,558,21402,241
den501d,559,9223,248
den501d,560,13838,259
den501d,561,13417,254
den501d,562,15768,268
den501d,563,15103,261
den501d,564,24197,246
den501d,565,16978,248
den501d,566,21768,263
den501d,567,21891,259
den501d,568,18472,254
den501d,569,12689,233
den501d,570,21202,240
den501d,571,14522,251
den501d,572,14913,251
den501d,573,16059,262
den501d,574,9752,258
den501d,575,18083,255
den501d,576,16330,251
den501d,577,20944,269
den501d,578,19655,262
den501d,579,8780,243
den501d,580,22667,255
den501d,581,14705,275
den501d,582,22069,270
den501d,583,22203,263
den501d,584,23683,278
den501d,585,8712,246
den501d,586,12247,264
den501d,587,12275,271
den501d,588,15827,253
den501d,589,11058,242
den501d,590,16005,268
den501d,591,26086,275
den501d,592,20922,247
den501d,593,13054,268
den501d,594,14687,268
den501d,595,11910,274
den501d,596,20881,246
den501d,597,23252,263
den501d,598,20359,244
den501d,599,25350,263
den501d,600,13307,248
den501d,601,20372,265
den501d,602,16080,274
den501d,603,18281,270
den501d,604,22347,262
den501d,605,19742,272
den501d,606,18189,263
den501d,607,11799,271
den501d,608,15882,282
den501d,609,19394,261
den501d,610,17704,268
den501d,611,20351,281
den501d,612,20734,256
den501d,613,9658,267
den501d,614,9705,270
den501d,615,20794,284
den501d,616,10642,267
den501d,617,20611,273
den501d,618,21463,284
den501d,619,15644,266
den501d,620,13195,262
den501d,621,13089,271
den501d,622,15584,281
den501d,623,20117,290
den501d,624,24250,277
den501d,625,12328,289
den501d,626,15704,277
den501d,627,19056,283
den501d,628,20090,291
den501d,629,13060,292
den501d,630,17176,284
den501d,631,11432,282
den501d,632,12302,298
den501d,633,23099,276
den501d,634,24499,278
den501d,635,10982,268
den501d,636,15040,298
den501d,637,25370,278
den501d,638,10877,276
den501d,639,13162,272
den501d,640,24679,303
den501d,641,19562,281
den501d,642,16710,281
den501d,643,16105,281
den501d,644,21967,308
den501d,645,15865,294
den501d,646,25316,285
den501d,647,14950,288
den501d,648,25155,284
den501d,649,23112,289
den501d,650,18913,290
den501d,651,20017,296
den501d,652,23663,283
den501d,653,12831,288
den501d,654,15094,282
den501d,655,24310,289
den501d,656,15026,285
den501d,657,14420,293
den501d,658,15898,284
den501d,659,15503,283
den501d,660,23985,280
den501d,661,24806,299
den501d,662,21945,315
den501d,663,25402,295
den501d,664,9788,283
den501d,665,17986,291
den501d,666,16994,302
den501d,667,10762,292
den501d,668,22994,287
den501d,669,22119,300
den501d,670,19271,293
den501d,671,17566,296
den501d,672,16557,310
den501d,673,13138,313
den501d,674,25292,305
den501d,675,17176,289
den501d,676,25576,303
den501d,677,17982,300
den501d,678,17908,307
den501d,679,15880,305
den501d,680,10266,290
den501d,681,17187,317
den501d,682,14016,304
den501d,683,16365,309
den501d,684,12890,311
den501d,685,14431,310
den501d,686,14229,311
den501d,687,13947,314
den501d,688,25151,309
den501d,689,18916,305
den501d,690,17312,315
den501d,691,17802,299
den501d,692,14503,320
den501d,693,17945,308
den501d,694,20491,309
den501d,695,15030,302
den501d,696,25919,314
den501d,697,15565,304
den501d,698,21242,319
den501d,699,18455,298
den501d,700,22464,312
den501d,701,15608,321
den501d,702,19071,302
den501d,703,15436,320
den501d,704,25532,308
den501d,705,25581,309
den501d,706,18835,316
den501d,707,23589,300
den501d,708,10568,304
den501d,709,22457,323
den501d,710,22347,308
den501d,711,12388,303
den501d,712,18673,312
den501d,713,18968,315
den501d,714,22563,316
den501d,715,26362,308
den501d,716,23578,308
den501d,717,16572,311
den501d,718,20923,325
den501d,719,16776,316
den501d,720,17267,318
den501d,721,20073,312
den501d,722,15202,326
den501d,723,11870,312
den501d,724,14779,297
den501d,725,19802,314
den501d,726,20930,324
den501d,727,23482,314
den501d,728,13159,315
den501d,729,21887,325
den501d,730,19445,311
den501d,731,19332,307
den501d,732,21695,335
den501d,733,20520,329
den501d,734,17933,325
den501d,735,21241,333
den501d,736,22302,336
den501d,737,17406,316
den501d,738,20620,330
den501d,739,14815,335
den501d,740,16308,325
den501d,741,21899,346
den501d,742,17038,343
den501d,743,17332,347
den501d,744,25781,344
den501d,745,18041,335
den501d,746,22186,335
den501d,747,20039,313
den501d,748,12500,316
den501d,749,22361,320
den501d,750,23703,332
den501d,751,19586,333
den501d,752,23929,323
den501d,753,22932,345
den501d,754,20734,348
den501d,755,18461,323
den501d,756,13419,331
den501d,757,15040,339
den501d,758,22185,344
den501d,759,19994,351
den501d,760,22422,348
den501d,761,13374,342
den501d,762,17374,346
den501d,763,25693,341
den501d,764,17544,339
den501d,765,18723,346
den501d,766,12616,330
den501d,767,22890,337
den501d,768,13811,334
den501d,769,17249,342
den501d,770,18304,361
den501d,771,18354,339
den501d,772,19358,332
den501d,773,13604,328
den501d,774,21439,332
den501d,775,20414,326
den501d,776,20119,357
den501d,777,23482,340
den501d,778,19846,345
den501d,779,13586,346
den501d,780,16536,356
den501d,781,24238,343
den501d,782,22079,353
den501d,783,19772,337
den501d,784,19192,335
den501d,785,19091,357
den501d,786,17954,349
den501d,787,22481,354
den501d,788,26428,351
den501d,789,24789,341
den501d,790,25989,355
den501d,791,14327,334
den501d,792,24487,334
den501d,793,24615,340
den501d,794,20726,361
den501d,795,20668,361
den501d,796,16235,345
den501d,797,23903,363
den501d,798,26019,348
den501d,799,21615,368
den501d,800,24483,335
den501d,801,18650,339
den501d,802,21117,364
den501d,803,20154,367
den501d,804,20500,358
den501d,805,24332,357
den501d,806,18132,359
den501d,807,21057,353
den501d,808,17355,354
den501d,809,20922,335
den501d,810,24053,341
den501d,811,21360,363
den501d,812,21612,340
den501d,813,17274,360
den501d,814,16814,360
den501d,815,19720,372
den501d,816,15161,351
den501d,817,19906,374
den501d,818,23084,355
den501d,819,20784,372
den501d,820,22406,353
den501d,821,22410,374
den501d,822,20439,384
den501d,823,17674,360
den501d,824,21625,353
den501d,825,18441,359
den501d,826,14269,359
den501d,827,11139,356
den501d,828,22769,379
den501d,829,21325,377
den501d,830,23028,376
den501d,831,23929,392
den501d,832,26112,363
den501d,833,18422,369
den501d,834,23633,385
den501d,835,26091,366
den501d,836,26008,375
den501d,837,17016,372
den501d,838,22254,383
den501d,839,25856,378
den501d,840,22155,364
den501d,841,21004,365
den501d,842,26443,363
den501d,843,24160,369
den501d,844,23018,382
den501d,845,24310,388
den501d,846,16752,377
den501d,847,15125,360
den501d,848,25961,384
den501d,849,23186,385
den501d,850,20910,391
den501d,851,17343,374
den501d,852,25378,377
den501d,853,20938,364
den501d,854,21626,398
den501d,855,21000,351
den501d,856,16022,365
den501d,857,25211,366
den501d,858,26207,364
den501d,859,24459,374
den501d,860,23199,394
den501d,861,20626,391
den501d,862,25286,376
den501d,863,24342,383
den501d,864,24412,395
den501d,865,23899,373
den501d,866,24385,382
den501d,867,18916,388
den501d,868,21528,396
den501d,869,21360,370
den501d,870,19223,396
den501d,871,22626,379
den501d,872,21183,398
den501d,873,25253,373
den501d,874,18767,395
den501d,875,22195,407
den501d,876,18550,388
den501d,877,23402,411
den501d,878,15814,376
den501d,879,21720,390
den501d,880,21235,384
den501d,881,22593,384
den501d,882,23737,385
den501d,883,23310,406
den501d,884,23904,392
den501d,885,22540,395
den501d,886,24054,375
den501d,887,20377,389
den501d,888,21883,402
den501d,889,22520,412
den501d,890,26373,381
den501d,891,24966,399
den501d,892,19402,386
den501d,893,25760,406
den501d,894,24899,414
den501d,895,25058,389
den501d,896,23040,393
den501d,897,19303,406
den501d,898,20857,406
den501d,899,25087,385
den501d,900,22591,398
den501d,901,21312,380
den501d,902,24205,389
den501d,903,23125,406
den501d,904,24467,389
den501d,905,22073,404
den501d,906,21681,383
den501d,907,24633,398
den501d,908,22458,397
den501d,909,23482,416
den501d,910,25182,392
den501d,911,26035,406
den501d,912,20795,411
den501d,913,23483,395
den501d,914,22939,403
den501d,915,23880,413
den501d,916,25409,391
den501d,917,18010,400
den501d,918,23899,425
den501d,919,20527,396
den501d,920,20584,416
den501d,921,25022,422
den501d,922,23908,431
den501d,923,25751,394
den501d,924,23522,428
den501d,925,23537,401
den501d,926,21828,417
den501d,927,24561,394
den501d,928,22436,398
den501d,929,24219,395
den501d,930,18376,394
den501d,931,22174,405
den501d,932,24353,418
den501d,933,21483,415
den501d,934,24452,411
den501d,935,24048,408
den501d,936,26186,407
den501d,937,22033,407
den501d,938,24884,405
den501d,939,22209,415
den501d,940,24526,408
den501d,941,21677,409
den501d,942,24180,429
den501d,943,22395,399
den501d,944,19059,415
den501d,945,25012,430
den501d,946,22822,408
den501d,947,26313,416
den501d,948,25598,402
den501d,949,26362,415
den501d,950,22351,409
den501d,951,16976,414
den501d,952,23637,403
den501d,953,18458,418
den501d,954,26174,413
den501d,955,24398,419
den501d,956,25496,422
den501d,957,23072,407
den501d,958,23970,406
den501d,959,17297,413
den501d,960,22738,420
den501d,961,26131,432
den501d,962,22660,421
den501d,963,18254,423
den501d,964,24890,426
den501d,965,26121,410
den501d,966,21994,415
den501d,967,23979,424
den501d,968,25988,416
den501d,969,22335,417
den501d,970,19564,427
den501d,971,22277,418
den501d,972,24528,422
den501d,973,23046,426
den501d,974,26393,414
den501d,975,23430,425
den501d,976,23764,410
den501d,977,23878,417
den501d,978,25803,448
den501d,979,23569,426
den501d,980,24021,422
den501d,981,24129,432
den501d,982,26412,416
den501d,983,25657,429
den501d,984,24418,423
den501d,985,25832,438
den501d,986,24597,439
den501d,987,23882,437
den501d,988,21912,424
den501d,989,25408,428
den501d,990,24500,429
den501d,991,24247,432
den501d,992,22900,432
den501d,993,26019,453
den501d,994,22596,432
den501d,995,22998,419
den501d,996,15965,413
den501d,997,24476,429
den501d,998,23539,456
den501d,999,23754,435
den501d,1000,25598,440
den501d,1001,25500,439
den501d,1002,26350,444
den501d,1003,25690,427
den501d,1004,25186,435
den501d,1005,21483,435
den501d,1006,24940,432
den501d,1007,19965,445
den501d,1008,24602,443
den501d,1009,25205,436
den501d,1010,23940,445
den501d,1011,26264,452
den501d,1012,24222,441
den501d,1013,24175,441
den501d,1014,25904,443
den501d,1015,24234,461
den501d,1016,25397,449
den501d,1017,23704,462
den501d,1018,24793,438
den501d,1019,24273,451
den501d,1020,24990,448
den501d,1021,25547,451
den501d,1022,26094,444
den501d,1023,24632,456
den501d,1024,26325,465
den501d,1025,25192,446
den501d,1026,23397,448
den501d,1027,24845,446
den501d,1028,23386,455
den501d,1029,26182,444
den501d,1030,25538,450
den501d,1031,25063,442
den501d,1032,24789,458
den501d,1033,26451,435
den501d,1034,25627,455
den501d,1035,25551,458
den501d,1036,26277,460
den501d,1037,25448,440
den501d,1038,21223,447
den501d,1039,19873,452
den501d,1040,25398,463
den501d,1041,26204,475
den501d,1042,21612,449
den501d,1043,26091,456
den501d,1044,22041,452
den501d,1045,25165,450
den501d,1046,25908,466
den501d,1047,25337,454
den501d,1048,25728,455
den501d,1049,26025,452
den501d,1050,26080,462
den501d,1051,26310,466
den501d,1052,26453,471
den501d,1053,25101,470
den501d,1054,25744,463
den501d,1055,21067,461
den501d,1056,25884,464
den501d,1057,26391,477
den501d,1058,19467,449
den501d,1059,26000,447
den501d,1060,23976,467
den501d,1061,26006,457
den501d,1062,26127,462
den501d,1063,22797,475
den501d,1064,25980,470
den501d,1065,24312,463
den501d,1066,26283,458
den501d,1067,25070,461
den501d,1068,26272,478
den501d,1069,26389,474
den501d,1070,26239,479
den501d,1071,24964,476
den501d,1072,26156,461
den501d,1073,26380,469
den501d,1074,26077,466
den501d,1075,26036,464
den501d,1076,24425,462
den501d,1077,21609,463
den501d,1078,25965,480
den501d,1079,26437,466
den501d,1080,26400,482
den501d,1081,24326,467
den501d,1082,26212,473
den501d,1083,26348,466
den501d,1084,26453,466
den501d,1085,24956,466
den501d,1086,26417,461
den501d,1087,25250,475
den501d,1088,25535,473
den501d,1089,26451,469
den501d,1090,26377,466
den501d,1091,26375,477
den501d,1092,26427,489
den501d,1093,25896,476
den501d,1094,22553,475
den501d,1095,24798,473
den501d,1096,26232,473
den501d,1097,24710,468
den501d,1098,26446,479
den501d,1099,26290,476
den501d,1100,26286,481
den501d,1101,26348,476
den501d,1102,26235,469
den501d,1103,26184,475
den501d,1104,25106,479
den501d,1105,26129,482
den501d,1106,25306,479
den501d,1107,25686,486
den501d,1108,22730,473
den501d,1109,26452,481
den501d,1110,25962,488
den501d,1111,26285,485
den501d,1112,23833,482
den501d,1113,25977,495
den501d,1114,25911,481
den501d,1115,26290,474
den501d,1116,26171,477
den501d,1117,26195,480
den501d,1118,25658,486
den501d,1119,25660,485
den501d,1120,23532,480
den501d,1121,26060,489
den501d,1122,25853,490
den501d,1123,24673,484
den501d,1124,26007,489
den501d,1125,26410,497
den501d,1126,26145,493
den501d,1127,26046,493
den501d,1128,26246,484
den501d,1129,26138,493
den501d,1130,26237,498
den501d,1131,26115,499
den501d,1132,26392,492
den501d,1133,23623,486
den501d,1134,25511,495
den501d,1135,25856,492
den501d,1136,26256,494
den501d,1137,25963,493
den501d,1138,26367,495
den501d,1139,25393,495
den501d,1140,26005,503
den501d,1141,24260,487
den501d,1142,26122,505
den501d,1143,26439,498
den501d,1144,25525,493
den501d,1145,26356,484
den501d,1146,25799,494
den501d,1147,26189,498
den501d,1148,26446,496
den501d,1149,24794,487
den501d,1150,26450,497
den501d,1151,26193,500
den501d,1152,24551,494
den501d,1153,26453,508
den501d,1154,25856,502
den501d,1155,26200,507
den501d,1156,26177,504
den501d,1157,26296,499
den501d,1158,24734,498
den501d,1159,25787,501
den501d,1160,25498,505
den501d,1161,25462,504
den501d,1162,26105,505
den501d,1163,26315,506
den501d,1164,25316,504
den501d,1165,25904,503
den501d,1166,26089,512
den501d,1167,26249,508
den501d,1168,25596,502
den501d,1169,26263,506
den602d,0,41,4
den602d,1,16,3
den602d,2,24,3
den602d,3,23,3
den602d,4,16,3
den602d,5,9,2
den602d,6,27,4
den602d,7,16,3
den602d,8,19,3
den602d,9,4,1
den602d,10,130,9
den602d,11,55,5
den602d,12,82,7
den602d,13,77,7
den602d,14,58,6
den602d,15,23,6
den602d,16,107,8
den602d,17,101,9
den602d,18,34,5
den602d,19,26,4
den602d,20,356,14
den602d,21,299,15
den602d,22,405,15
den602d,23,200,14
den602d,24,244,13
den602d,25,238,15
den602d,26,193,13
den602d,27,125,9
den602d,28,155,9
den602d,29,136,11
den602d,30,244,16
den602d,31,384,19
den602d,32,250,15
den602d,33,305,15
den602d,34,370,18
den602d,35,337,17
den602d,36,769,20
den602d,37,608,20
den602d,38,311,17
den602d,39,472,17
den602d,40,413,19
den602d,41,608,20
den602d,42,896,22
den602d,43,165,17
den602d,44,431,24
den602d,45,690,21
den602d,46,430,20
den602d,47,508,20
den602d,48,358,19
den602d,49,694,22
den602d,50,505,23
den602d,51,870,23
den602d,52,533,26
den602d,53,578,26
den602d,54,676,23
den602d,55,363,23
den602d,56,608,24
den602d,57,749,24
den602d,58,1030,26
den602d,59,1094,27
den602d,60,949,31
den602d,61,831,28
den602d,62,726,27
den602d,63,495,30
den602d,64,1069,34
den602d,65,1306,29
den602d,66,990,30
den602d,67,795,28
den602d,68,874,31
den602d,69,695,28
den602d,70,767,30
den602d,71,1380,36
den602d,72,1015,37
den602d,73,892,34
den602d,74,1483,36
den602d,75,1068,34
den602d,76,862,35
den602d,77,818,36
den602d,78,1101,31
den602d,79,662,29
den602d,80,1807,43
den602d,81,1800,39
den602d,82,1294,37
den602d,83,1419,35
den602d,84,1609,40
den602d,85,1103,38
den602d,86,1199,42
den602d,87,959,38
den602d,88,1947,42
den602d,89,1540,41
den602d,90,1062,43
den602d,91,1352,43
den602d,92,1234,44
den602d,93,1821,44
den602d,94,1809,41
den602d,95,1427,42
den602d,96,595,49
den602d,97,930,45
den602d,98,1128,42
den602d,99,1069,45
den602d,100,1074,48
den602d,101,2318,55
den602d,102,1801,42
den602d,103,2082,48
den602d,104,1826,46
den602d,105,1915,53
den602d,106,1321,45
den602d,107,1843,52
den602d,108,2386,54
den602d,109,2206,48
den602d,110,1264,50
den602d,111,1883,53
den602d,112,1185,55
den602d,113,1418,56
den602d,114,2005,55
den602d,115,1712,53
den602d,116,2156,47
den602d,117,1465,59
den602d,118,1947,56
den602d,119,1803,56
den602d,120,1805,64
den602d,121,1393,54
den602d,122,2455,59
den602d,123,2703,58
den602d,124,956,52
den602d,125,1951,59
den602d,126,1929,63
den602d,127,1847,54
den602d,128,2023,60
den602d,129,2232,59
den602d,130,2413,65
den602d,131,1566,57
den602d,132,2034,59
den602d,133,1072,61
den602d,134,2977,69
den602d,135,2259,63
den602d,136,2507,62
den602d,137,1835,60
den602d,138,3164,65
den602d,139,2270,62
den602d,140,2788,70
den602d,141,2494,71
den602d,142,3069,74
den602d,143,2672,61
den602d,144,2989,69
den602d,145,3762,70
den602d,146,1897,60
den602d,147,2316,64
den602d,148,3119,67
den602d,149,2889,69
den602d,150,1744,71
den602d,151,1568,71
den602d,152,1450,74
den602d,153,2509,70
den602d,154,2989,70
den602d,155,1527,66
den602d,156,3414,70
den602d,157,2537,69
den602d,158,2411,71
den602d,159,3195,68
den602d,160,2855,68
den602d,161,2504,70
den602d,162,2404,68
den602d,163,3489,65
den602d,164,2883,78
den602d,165,1253,78
den602d,166,2045,73
den602d,167,2246,75
den602d,168,1675,72
den602d,169,3469,84
den602d,170,2950,75
den602d,171,3270,81
den602d,172,2965,77
den602d,173,3353,84
den602d,174,2907,78
den602d,175,3118,77
den602d,176,3208,74
den602d,177,3062,74
den602d,178,2837,78
den602d,179,4490,87
den602d,180,3720,88
den602d,181,2397,79
den602d,182,3206,79
den602d,183,3946,79
den602d,184,3531,85
den602d,185,3493,86
den602d,186,3351,88
den602d,187,2485,82
den602d,188,2651,74
den602d,189,2455,84
den602d,190,2223,77
den602d,191,3054,94
den602d,192,1608,88
den602d,193,3585,94
den602d,194,3880,88
den602d,195,2101,87
den602d,196,4908,92
den602d,197,2264,86
den602d,198,3989,84
den602d,199,4104,90
den602d,200,4008,99
den602d,201,3561,96
den602d,202,4440,102
den602d,203,2505,88
den602d,204,5148,94
den602d,205,2057,90
den602d,206,3768,96
den602d,207,4323,105
den602d,208,5583,101
den602d,209,5653,96
den602d,210,3100,87
den602d,211,5416,96
den602d,212,2417,102
den602d,213,5369,102
den602d,214,3283,100
den602d,215,4267,90
den602d,216,4223,95
den602d,217,4361,95
den602d,218,5671,102
den602d,219,3113,93
den602d,220,3861,103
den602d,221,7354,110
den602d,222,5322,107
den602d,223,3153,101
den602d,224,5839,97
den602d,225,4924,97
den602d,226,1824,99
den602d,227,2915,97
den602d,228,6215,99
den602d,229,5732,97
den602d,230,3581,113
den602d,231,6115,108
den602d,232,6015,114
den602d,233,5877,112
den602d,234,6707,112
den602d,235,7101,110
den602d,236,5691,101
den602d,237,4069,118
den602d,238,5206,105
den602d,239,3408,110
den602d,240,5901,112
den602d,241,5380,110
den602d,242,6140,107
den602d,243,3291,111
den602d,244,3786,106
den602d,245,5070,100
den602d,246,7381,111
den602d,247,6073,102
den602d,248,3715,114
den602d,249,4365,111
den602d,250,3875,113
den602d,251,7441,110
den602d,252,4209,122
den602d,253,6063,124
den602d,254,8181,117
den602d,255,6643,117
den602d,256,3689,110
den602d,257,5513,126
den602d,258,3676,114
den602d,259,3774,114
den602d,260,7342,118
den602d,261,2364,114
den602d,262,5897,124
den602d,263,4650,108
den602d,264,5433,118
den602d,265,7582,113
den602d,266,6803,113
den602d,267,5395,126
den602d,268,3591,118
den602d,269,3776,125
den602d,270,6943,122
den602d,271,2801,122
den602d,272,6789,145
den602d,273,6484,129
den602d,274,4112,124
den602d,275,6238,117
den602d,276,2270,122
den602d,277,7549,124
den602d,278,6870,123
den602d,279,6754,118
den602d,280,3847,144
den602d,281,7845,127
den602d,282,4287,124
den602d,283,4826,127
den602d,284,10112,127
den602d,285,7320,130
den602d,286,3632,125
den602d,287,5748,128
den602d,288,4031,128
den602d,289,6872,120
den602d,290,5484,122
den602d,291,7070,129
den602d,292,9004,138
den602d,293,8459,133
den602d,294,6128,135
den602d,295,3953,131
den602d,296,5610,143
den602d,297,3471,131
den602d,298,5440,146
den602d,299,3739,133
den602d,300,5930,136
den602d,301,9699,130
den602d,302,7628,142
den602d,303,3353,135
den602d,304,6569,133
den602d,305,3805,140
den602d,306,7715,135
den602d,307,7538,129
den602d,308,3496,136
den602d,309,8695,136
den602d,310,4637,148
den602d,311,3837,134
den602d,312,9500,136
den602d,313,9044,138
den602d,314,5825,137
den602d,315,8323,134
den602d,316,7448,140
den602d,317,5222,142
den602d,318,7184,135
den602d,319,9016,144
den602d,320,5336,148
den602d,321,4543,137
den602d,322,5401,138
den602d,323,4915,139
den602d,324,3154,133
den602d,325,4457,142
den602d,326,3186,137
den602d,327,3711,137
den602d,328,4656,138
den602d,329,7238,138
den602d,330,6226,159
den602d,331,3483,148
den602d,332,4954,147
den602d,333,8356,157
den602d,334,8386,140
den602d,335,2747,144
den602d,336,4129,150
den602d,337,8787,142
den602d,338,9753,144
den602d,339,9970,145
den602d,340,11239,154
den602d,341,10267,154
den602d,342,6298,151
den602d,343,9118,156
den602d,344,9082,152
den602d,345,8973,153
den602d,346,8753,150
den602d,347,12523,151
den602d,348,6391,157
den602d,349,8712,145
den602d,350,11296,147
den602d,351,7658,166
den602d,352,2990,160
den602d,353,6263,168
den602d,354,5662,176
den602d,355,8333,182
den602d,356,4304,154
den602d,357,7800,174
den602d,358,13062,166
den602d,359,8014,163
den602d,360,11645,160
den602d,361,8335,161
den602d,362,6144,169
den602d,363,5079,164
den602d,364,7511,159
den602d,365,5033,175
den602d,366,11134,169
den602d,367,7630,169
den602d,368,8351,153
den602d,369,3173,159
den602d,370,9103,161
den602d,371,8743,160
den602d,372,5984,159
den602d,373,3732,163
den602d,374,9255,173
den602d,375,7864,187
den602d,376,7033,162
den602d,377,7363,167
den602d,378,6668,188
den602d,379,5024,173
den602d,380,6833,168
den602d,381,11015,169
den602d,382,8293,180
den602d,383,8033,191
den602d,384,8717,188
den602d,385,9648,175
den602d,386,14649,180
den602d,387,5430,162
den602d,388,10439,162
den602d,389,6270,171
den602d,390,4439,189
den602d,391,8287,170
den602d,392,6348,171
den602d,393,9295,179
den602d,394,6684,175
den602d,395,5234,176
den602d,396,10356,167
den602d,397,6963,181
den602d,398,9700,174
den602d,399,10015,173
den602d,400,5779,174
den602d,401,5434,180
den602d,402,9200,187
den602d,403,4920,172
den602d,404,10326,181
den602d,405,8923,179
den602d,406,6056,176
den602d,407,10375,177
den602d,408,7169,187
den602d,409,5819,177
den602d,410,10166,209
den602d,411,11177,188
den602d,412,6318,183
den602d,413,7708,171
den602d,414,8940,186
den602d,415,12510,185
den602d,416,9797,180
den602d,417,10508,183
den602d,418,10229,185
den602d,419,4336,183
den602d,420,11861,190
den602d,421,7876,183
den602d,422,7631,186
den602d,423,11223,193
den602d,424,7461,181
den602d,425,10612,185
den602d,426,6216,180
den602d,427,8885,191
den602d,428,14717,183
den602d,429,7867,201
den602d,430,10017,195
den602d,431,6204,186
den602d,432,10709,185
den602d,433,10275,188
den602d,434,8494,200
den602d,435,6080,201
den602d,436,10497,207
den602d,437,12538,197
den602d,438,10439,190
den602d,439,5835,223
den602d,440,12115,186
den602d,441,6760,230
den602d,442,12085,188
den602d,443,12973,195
den602d,444,6989,193
den602d,445,12675,195
den602d,446,13153,195
den602d,447,10935,199
den602d,448,6190,221
den602d,449,9755,202
den602d,450,13694,197
den602d,451,12140,194
den602d,452,11143,200
den602d,453,10585,205
den602d,454,10783,197
den602d,455,10342,221
den602d,456,6586,235
den602d,457,11868,202
den602d,458,7618,196
den602d,459,9485,207
den602d,460,10690,201
den602d,461,12783,207
den602d,462,12986,209
den602d,463,9092,200
den602d,464,12564,200
den602d,465,9843,204
den602d,466,5523,223
den602d,467,9174,202
den602d,468,14245,193
den602d,469,10572,235
den602d,470,12427,209
den602d,471,9315,205
den602d,472,7081,199
den602d,473,9023,208
den602d,474,6201,213
den602d,475,7230,208
den602d,476,13604,219
den602d,477,6250,208
den602d,478,10217,213
den602d,479,10267,203
den602d,480,8208,200
den602d,481,10848,205
den602d,482,8472,216
den602d,483,14547,215
den602d,484,13501,211
den602d,485,10045,201
den602d,486,9613,213
den602d,487,10113,218
den602d,488,10774,224
den602d,489,12913,215
den602d,490,12294,208
den602d,491,4763,217
den602d,492,10922,217
den602d,493,12435,219
den602d,494,13528,223
den602d,495,10293,214
den602d,496,14107,214
den602d,497,9205,211
den602d,498,13479,225
den602d,499,12987,217
den602d,500,14406,232
den602d,501,13482,217
den602d,502,14195,228
den602d,503,5778,249
den602d,504,9648,225
den602d,505,13268,230
den602d,506,6795,215
den602d,507,9275,226
den602d,508,13526,228
den602d,509,12728,222
den602d,510,11875,224
den602d,511,9051,229
den602d,512,12765,223
den602d,513,14640,230
den602d,514,15229,243
den602d,515,11461,230
den602d,516,7525,242
den602d,517,12300,248
den602d,518,8580,220
den602d,519,13599,232
den602d,520,7654,250
den602d,521,13755,225
den602d,522,5842,225
den602d,523,8342,223
den602d,524,12741,258
den602d,525,15339,228
den602d,526,10135,235
den602d,527,13023,229
den602d,528,9808,225
den602d,529,10968,232
den602d,530,13583,227
den602d,531,12201,235
den602d,532,7780,224
den602d,533,11206,240
den602d,534,15540,237
den602d,535,12099,244
den602d,536,10661,240
den602d,537,14716,232
den602d,538,16125,232
den602d,539,14131,231
den602d,540,13067,237
den602d,541,11453,245
den602d,542,14297,245
den602d,543,10743,235
den602d,544,16317,235
den602d,545,16311,231
den602d,546,10404,241
den602d,547,14146,239
den602d,548,14471,250
den602d,549,13566,247
den602d,550,17176,244
den602d,551,9279,242
den602d,552,13538,242
den602d,553,11823,253
den602d,554,15001,247
den602d,555,13857,240
den602d,556,16474,237
den602d,557,9584,239
den602d,558,11459,235
den602d,559,8796,247
den602d,560,11568,247
den602d,561,7338,271
den602d,562,9201,238
den602d,563,9597,241
den602d,564,7681,267
den602d,565,11834,255
den602d,566,6171,240
den602d,567,16693,244
den602d,568,17131,244
den602d,569,14478,238
den602d,570,12258,253
den602d,571,15626,246
den602d,572,12451,260
den602d,573,15307,255
den602d,574,11562,254
den602d,575,6821,251
den602d,576,14724,258
den602d,577,16359,237
den602d,578,10076,253
den602d,579,11347,253
den602d,580,8773,256
den602d,581,12612,253
den602d,582,12951,255
den602d,583,13632,268
den602d,584,13809,258
den602d,585,12905,267
den602d,586,13307,262
den602d,587,16249,262
den602d,588,11875,258
den602d,589,11320,244
den602d,590,17221,251
den602d,591,14915,271
den602d,592,17022,250
den602d,593,17246,260
den602d,594,11608,248
den602d,595,17135,247
den602d,596,11507,251
den602d,597,12347,267
den602d,598,15443,257
den602d,599,12545,256
den602d,600,11299,274
den602d,601,15503,264
den602d,602,12728,277
den602d,603,9601,256
den602d,604,14668,272
den602d,605,17008,272
den602d,606,16619,266
den602d,607,16116,268
den602d,608,14999,269
den602d,609,17729,262
den602d,610,13599,261
den602d,611,15516,278
den602d,612,5713,267
den602d,613,15864,279
den602d,614,13272,270
den602d,615,13528,270
den602d,616,13682,272
den602d,617,13749,273
den602d,618,17901,262
den602d,619,12285,288
den602d,620,16963,279
den602d,621,16446,279
den602d,622,16689,274
den602d,623,14056,284
den602d,624,16615,273
den602d,625,16931,282
den602d,626,17031,284
den602d,627,5366,280
den602d,628,18012,267
den602d,629,17885,268
den602d,630,11623,279
den602d,631,9383,293
den602d,632,17465,280
den602d,633,17420,283
den602d,634,16937,272
den602d,635,14217,266
den602d,636,10049,285
den602d,637,17681,260
den602d,638,13024,267
den602d,639,15059,287
den602d,640,12601,285
den602d,641,15095,289
den602d,642,12809,274
den602d,643,13579,285
den602d,644,9869,286
den602d,645,7601,283
den602d,646,8622,281
den602d,647,13636,274
den602d,648,9931,282
den602d,649,18293,287
den602d,650,18133,271
den602d,651,13732,302
den602d,652,10357,297
den602d,653,17524,285
den602d,654,16247,291
den602d,655,17614,294
den602d,656,12085,292
den602d,657,14512,292
den602d,658,13411,297
den602d,659,13774,281
den602d,660,13001,306
den602d,661,9957,286
den602d,662,11838,294
den602d,663,15614,302
den602d,664,17085,302
den602d,665,6326,294
den602d,666,17314,292
den602d,667,8729,303
den602d,668,13876,293
den602d,669,14391,280
den602d,670,16280,306
den602d,671,13396,302
den602d,672,19588,299
den602d,673,17101,293
den602d,674,18249,312
den602d,675,10549,303
den602d,676,16961,308
den602d,677,14421,308
den602d,678,12723,292
den602d,679,18850,300
den602d,680,17943,297
den602d,681,18836,280
den602d,682,16916,305
den602d,683,16554,304
den602d,684,11607,300
den602d,685,13853,303
den602d,686,7899,320
den602d,687,18505,306
den602d,688,17278,308
den602d,689,11709,316
den602d,690,12626,312
den602d,691,17945,311
den602d,692,17939,305
den602d,693,19081,315
den602d,694,16584,298
den602d,695,18720,297
den602d,696,16674,320
den602d,697,16247,295
den602d,698,17641,315
den602d,699,16423,305
den602d,700,17751,312
den602d,701,16657,308
den602d,702,17477,317
den602d,703,13948,295
den602d,704,15117,291
den602d,705,7834,308
den602d,706,17742,302
den602d,707,17674,311
den602d,708,9424,305
den602d,709,9351,307
den602d,710,11150,322
den602d,711,19851,310
den602d,712,9443,314
den602d,713,9192,322
den602d,714,17919,306
den602d,715,7772,312
den602d,716,18569,311
den602d,717,17977,320
den602d,718,19533,310
den602d,719,17114,327
den602d,720,12399,313
den602d,721,9991,328
den602d,722,19533,314
den602d,723,19367,314
den602d,724,14889,328
den602d,725,17798,324
den602d,726,17911,317
den602d,727,12217,324
den602d,728,7875,316
den602d,729,18665,315
den602d,730,17046,324
den602d,731,19552,306
den602d,732,15299,321
den602d,733,10865,326
den602d,734,11608,330
den602d,735,13087,328
den602d,736,19645,310
den602d,737,18912,327
den602d,738,17321,310
den602d,739,11140,327
den602d,740,18569,319
den602d,741,18147,324
den602d,742,16509,332
den602d,743,18405,321
den602d,744,19014,323
den602d,745,17907,356
den602d,746,19003,328
den602d,747,12545,335
den602d,748,15475,322
den602d,749,17186,319
den602d,750,17706,343
den602d,751,11702,336
den602d,752,19193,335
den602d,753,19738,335
den602d,754,17506,340
den602d,755,20287,337
den602d,756,20474,332
den602d,757,19688,343
den602d,758,19777,329
den602d,759,17742,342
den602d,760,12964,350
den602d,761,15943,337
den602d,762,10945,328
den602d,763,12926,336
den602d,764,18271,332
den602d,765,18035,338
den602d,766,18214,345
den602d,767,9526,349
den602d,768,15520,332
den602d,769,20328,323
den602d,770,19136,366
den602d,771,20465,333
den602d,772,19643,337
den602d,773,21486,347
den602d,774,21686,343
den602d,775,16554,336
den602d,776,15517,364
den602d,777,20760,338
den602d,778,9431,344
den602d,779,8211,335
den602d,780,18415,371
den602d,781,15856,338
den602d,782,11317,336
den602d,783,12899,364
den602d,784,19062,339
den602d,785,12681,341
den602d,786,18316,332
den602d,787,19750,350
den602d,788,19868,332
den602d,789,14444,354
den602d,790,20702,337
den602d,791,21104,345
den602d,792,14305,366
den602d,793,20787,347
den602d,794,9502,376
den602d,795,19509,370
den602d,796,20714,337
den602d,797,20052,342
den602d,798,20088,340
den602d,799,13271,358
den602d,800,13118,366
den602d,801,21466,352
den602d,802,19717,357
den602d,803,20001,348
den602d,804,13529,360
den602d,805,20881,345
den602d,806,16730,347
den602d,807,21252,349
den602d,808,21571,352
den602d,809,21079,337
den602d,810,20861,358
den602d,811,9744,371
den602d,812,15842,354
den602d,813,19814,343
den602d,814,20347,362
den602d,815,19482,373
den602d,816,7607,364
den602d,817,19769,357
den602d,818,11965,357
den602d,819,18624,358
den602d,820,19155,366
den602d,821,10887,375
den602d,822,9628,371
den602d,823,14531,368
den602d,824,20802,370
den602d,825,19747,352
den602d,826,20898,349
den602d,827,9375,382
den602d,828,21336,364
den602d,829,14890,364
den602d,830,19857,380
den602d,831,20351,350
den602d,832,14408,356
den602d,833,21209,372
den602d,834,9805,371
den602d,835,11203,386
den602d,836,20885,351
den602d,837,14250,389
den602d,838,12065,387
den602d,839,23353,374
den602d,840,8503,375
den602d,841,14991,373
den602d,842,19759,361
den602d,843,8925,370
den602d,844,16494,374
den602d,845,20862,369
den602d,846,22835,383
den602d,847,14502,367
den602d,848,21516,362
den602d,849,21584,363
den602d,850,22991,376
den602d,851,21159,365
den602d,852,19011,373
den602d,853,14149,377
den602d,854,14967,377
den602d,855,24482,394
den602d,856,18311,383
den602d,857,10053,395
den602d,858,23311,375
den602d,859,18465,372
den602d,860,16815,399
den602d,861,24168,379
den602d,862,23131,384
den602d,863,22242,384
den602d,864,10333,398
den602d,865,13556,389
den602d,866,19393,369
den602d,867,10773,383
den602d,868,19430,380
den602d,869,12781,393
den602d,870,12722,389
den602d,871,11783,382
den602d,872,16277,374
den602d,873,15734,375
den602d,874,14984,410
den602d,875,14761,389
den602d,876,20717,379
den602d,877,15823,378
den602d,878,11867,378
den602d,879,21308,380
den602d,880,21557,394
den602d,881,20612,377
den602d,882,22868,369
den602d,883,10903,415
den602d,884,12167,400
den602d,885,22700,387
den602d,886,21952,369
den602d,887,10424,391
den602d,888,11222,386
den602d,889,22674,377
den602d,890,16989,415
den602d,891,19693,373
den602d,892,21471,376
den602d,893,23515,396
den602d,894,12147,391
den602d,895,16195,416
den602d,896,24262,409
den602d,897,22928,396
den602d,898,22503,395
den602d,899,21094,393
den602d,900,15737,402
den602d,901,22165,387
den602d,902,22337,387
den602d,903,9651,398
den602d,904,13658,387
den602d,905,20288,378
den602d,906,15440,380
den602d,907,22238,396
den602d,908,21270,395
den602d,909,15916,393
den602d,910,22207,387
den602d,911,23284,408
den602d,912,23591,386
den602d,913,17160,410
den602d,914,17260,400
den602d,915,21624,391
den602d,916,25003,399
den602d,917,10146,420
den602d,918,20552,391
den602d,919,22441,400
den602d,920,24530,393
den602d,921,19606,418
den602d,922,16995,403
den602d,923,11748,418
den602d,924,22816,385
den602d,925,10907,420
den602d,926,22551,409
den602d,927,12105,424
den602d,928,17074,403
den602d,929,21869,404
den602d,930,23571,393
den602d,931,20753,395
den602d,932,21651,407
den602d,933,10766,436
den602d,934,11690,427
den602d,935,21538,399
den602d,936,24540,421
den602d,937,14536,408
den602d,938,11134,409
den602d,939,26149,445
den602d,940,15483,402
den602d,941,16623,440
den602d,942,24172,407
den602d,943,21352,413
den602d,944,17993,405
den602d,945,13657,409
den602d,946,23832,403
den602d,947,12448,428
den602d,948,17039,428
den602d,949,22444,403
den602d,950,24141,420
den602d,951,12060,453
den602d,952,21653,421
den602d,953,23137,404
den602d,954,11014,445
den602d,955,23290,413
den602d,956,23474,419
den602d,957,20390,418
den602d,958,24196,405
den602d,959,23073,423
den602d,960,22331,413
den602d,961,24724,406
den602d,962,23834,414
den602d,963,24445,431
den602d,964,27177,451
den602d,965,20197,427
den602d,966,18810,428
den602d,967,22030,412
den602d,968,21189,434
den602d,969,17093,418
den602d,970,24900,423
den602d,971,21438,441
den602d,972,26331,421
den602d,973,17112,433
den602d,974,19711,430
den602d,975,23347,414
den602d,976,17908,417
den602d,977,19679,415
den602d,978,14066,428
den602d,979,14628,423
den602d,980,23918,447
den602d,981,21007,446
den602d,982,23656,417
den602d,983,11967,466
den602d,984,23307,433
den602d,985,20378,415
den602d,986,19184,438
den602d,987,21417,429
den602d,988,16397,420
den602d,989,25407,430
den602d,990,22964,447
den602d,991,22264,419
den602d,992,24657,441
den602d,993,12855,451
den602d,994,13691,430
den602d,995,27272,453
den602d,996,26431,439
den602d,997,17842,429
den602d,998,20744,437
den602d,999,23427,439
den602d,1000,26148,452
den602d,1001,27912,463
den602d,1002,14789,449
den602d,1003,17182,438
den602d,1004,18280,437
den602d,1005,26082,442
den602d,1006,26026,455
den602d,1007,26417,435
den602d,1008,26503,433
den602d,1009,13057,441
den602d,1010,12733,458
den602d,1011,23638,447
den602d,1012,25391,440
den602d,1013,20011,449
den602d,1014,17987,433
den602d,1015,19351,435
den602d,1016,17842,432
den602d,1017,23913,436
den602d,1018,26001,434
den602d,1019,25906,434
den602d,1020,19693,447
den602d,1021,14398,437
den602d,1022,23429,450
den602d,1023,13164,482
den602d,1024,22281,436
den602d,1025,26763,451
den602d,1026,24371,437
den602d,1027,23548,430
den602d,1028,24951,439
den602d,1029,26905,451
den602d,1030,22285,457
den602d,1031,15417,463
den602d,1032,27289,462
den602d,1033,20192,461
den602d,1034,24196,443
den602d,1035,23620,455
den602d,1036,23885,457
den602d,1037,26202,444
den602d,1038,18500,451
den602d,1039,26366,449
den602d,1040,14360,476
den602d,1041,18146,458
den602d,1042,27376,449
den602d,1043,19691,446
den602d,1044,24104,461
den602d,1045,27444,476
den602d,1046,29132,490
den602d,1047,14891,455
den602d,1048,20942,468
den602d,1049,25791,455
den602d,1050,24248,454
den602d,1051,24920,459
den602d,1052,15368,471
den602d,1053,24355,445
den602d,1054,22890,465
den602d,1055,18040,452
den602d,1056,18990,447
den602d,1057,28824,492
den602d,1058,23986,458
den602d,1059,15243,452
den602d,1060,13892,465
den602d,1061,18296,455
den602d,1062,22191,452
den602d,1063,26327,459
den602d,1064,18463,448
den602d,1065,27337,458
den602d,1066,15500,467
den602d,1067,25300,448
den602d,1068,23128,455
den602d,1069,16981,476
den602d,1070,12693,500
den602d,1071,19658,474
den602d,1072,18550,481
den602d,1073,26270,468
den602d,1074,24012,460
den602d,1075,27395,451
den602d,1076,27194,473
den602d,1077,16398,482
den602d,1078,15942,473
den602d,1079,24710,476
den602d,1080,20928,478
den602d,1081,27800,477
den602d,1082,21000,479
den602d,1083,23829,467
den602d,1084,23243,459
den602d,1085,22997,476
den602d,1086,18144,472
den602d,1087,25455,485
den602d,1088,27070,475
den602d,1089,21724,460
den602d,1090,16895,489
den602d,1091,14932,483
den602d,1092,24391,484
den602d,1093,24362,493
den602d,1094,22982,467
den602d,1095,28308,491
den602d,1096,28150,486
den602d,1097,21918,461
den602d,1098,23772,476
den602d,1099,23186,465
den602d,1100,23387,463
den602d,1101,25985,482
den602d,1102,27885,483
den602d,1103,15925,472
den602d,1104,19503,493
den602d,1105,17360,482
den602d,1106,25953,485
den602d,1107,15221,492
den602d,1108,15836,491
den602d,1109,25913,482
den602d,1110,23193,471
den602d,1111,13199,517
den602d,1112,29401,505
den602d,1113,26997,492
den602d,1114,29237,514
den602d,1115,25657,504
den602d,1116,13710,509
den602d,1117,22980,481
den602d,1118,25777,508
den602d,1119,21805,486
den602d,1120,25742,473
den602d,1121,16307,495
den602d,1122,20813,476
den602d,1123,22318,487
den602d,1124,18082,504
den602d,1125,25221,489
den602d,1126,23960,488
den602d,1127,23829,482
den602d,1128,28268,497
den602d,1129,19530,499
den602d,1130,26928,489
den602d,1131,25197,483
den602d,1132,28045,492
den602d,1133,26559,486
den602d,1134,20119,506
den602d,1135,27933,506
den602d,1136,18292,493
den602d,1137,16964,513
den602d,1138,13814,516
den602d,1139,30838,538
den602d,1140,27807,495
den602d,1141,20915,518
den602d,1142,25640,510
den602d,1143,21890,500
den602d,1144,28924,509
den602d,1145,30426,527
den602d,1146,17766,499
den602d,1147,27394,502
den602d,1148,19918,488
den602d,1149,28769,503
den602d,1150,19714,492
den602d,1151,30705,523
den602d,1152,28457,487
den602d,1153,29402,520
den602d,1154,30837,530
den602d,1155,26489,504
den602d,1156,25389,506
den602d,1157,16877,500
den602d,1158,25623,522
den602d,1159,28471,512
den602d,1160,30150,521
den602d,1161,27371,503
den602d,1162,28493,513
den602d,1163,31057,540
den602d,1164,21193,524
den602d,1165,18778,509
den602d,1166,22655,505
den602d,1167,27424,507
den602d,1168,28442,504
den602d,1169,28783,518
den602d,1170,26767,507
den602d,1171,27610,506
den602d,1172,14596,511
den602d,1173,15808,523
den602d,1174,15733,510
den602d,1175,21419,527
den602d,1176,13951,532
den602d,1177,27460,523
den602d,1178,13307,547
den602d,1179,18139,505
den602d,1180,20013,506
den602d,1181,29016,530
den602d,1182,19858,528
den602d,1183,19828,525
den602d,1184,31971,556
den602d,1185,25906,518
den602d,1186,31247,538
den602d,1187,32034,553
den602d,1188,30871,537
den602d,1189,31771,547
den602d,1190,22094,504
den602d,1191,15697,530
den602d,1192,24058,510
den602d,1193,27414,519
den602d,1194,22055,508
den602d,1195,24207,513
den602d,1196,29409,514
den602d,1197,30307,535
den602d,1198,28801,513
den602d,1199,29608,513
den602d,1200,19694,530
den602d,1201,29360,508
den602d,1202,21378,512
den602d,1203,23683,523
den602d,1204,19084,514
den602d,1205,20112,515
den602d,1206,29937,501
den602d,1207,27369,511
den602d,1208,14053,549
den602d,1209,29402,536
den602d,1210,29788,534
den602d,1211,29314,542
den602d,1212,19608,545
den602d,1213,28042,541
den602d,1214,29993,518
den602d,1215,18363,528
den602d,1216,28035,512
den602d,1217,21066,512
den602d,1218,30328,543
den602d,1219,29861,537
den602d,1220,27172,539
den602d,1221,13472,571
den602d,1222,29865,543
den602d,1223,29379,533
den602d,1224,20200,531
den602d,1225,23045,532
den602d,1226,22888,531
den602d,1227,30690,531
den602d,1228,20474,521
den602d,1229,14829,548
den602d,1230,16446,537
den602d,1231,20578,533
den602d,1232,24644,526
den602d,1233,26213,530
den602d,1234,22891,549
den602d,1235,16110,552
den602d,1236,29350,538
den602d,1237,29249,534
den602d,1238,27286,535
den602d,1239,29615,551
den602d,1240,22283,536
den602d,1241,20888,535
den602d,1242,21081,533
den602d,1243,31010,565
den602d,1244,30155,554
den602d,1245,22270,524
den602d,1246,21127,522
den602d,1247,24633,542
den602d,1248,21329,524
den602d,1249,31478,560
den602d,1250,25000,543
den602d,1251,20528,541
den602d,1252,15335,569
den602d,1253,18667,558
den602d,1254,20721,574
den602d,1255,30918,551
den602d,1256,18359,555
den602d,1257,18583,559
den602d,1258,24105,537
den602d,1259,20079,564
den602d,1260,30069,560
den602d,1261,16631,561
den602d,1262,29800,562
den602d,1263,22900,535
den602d,1264,22002,534
den602d,1265,16959,539
den602d,1266,26378,534
den602d,1267,24293,536
den602d,1268,26390,540
den602d,1269,23226,537
den602d,1270,29996,573
den602d,1271,29859,554
den602d,1272,31684,569
den602d,1273,18819,573
den602d,1274,30048,575
den602d,1275,25592,545
den602d,1276,21876,554
den602d,1277,26004,548
den602d,1278,26800,547
den602d,1279,17192,579
den602d,1280,30647,579
den602d,1281,20186,546
den602d,1282,20898,556
den602d,1283,31024,574
den602d,1284,27679,559
den602d,1285,30479,576
den602d,1286,24142,551
den602d,1287,28184,560
den602d,1288,20860,545
den602d,1289,23405,554
den602d,1290,25821,564
den602d,1291,22712,551
den602d,1292,25337,554
den602d,1293,16901,567
den602d,1294,31497,552
den602d,1295,31286,548
den602d,1296,26833,558
den602d,1297,14959,586
den602d,1298,28975,568
den602d,1299,25016,556
den602d,1300,26540,561
den602d,1301,32275,596
den602d,1302,25245,554
den602d,1303,19017,590
den602d,1304,23052,552
den602d,1305,16842,575
den602d,1306,25402,567
den602d,1307,31688,577
den602d,1308,22032,565
den602d,1309,22211,570
den602d,1310,22222,574
den602d,1311,21834,561
den602d,1312,24417,564
den602d,1313,22049,554
den602d,1314,19928,560
den602d,1315,25203,560
den602d,1316,22426,558
den602d,1317,21583,557
den602d,1318,20105,591
den602d,1319,24623,562
den602d,1320,24799,560
den602d,1321,23826,574
den602d,1322,21678,560
den602d,1323,21863,559
den602d,1324,18076,582
den602d,1325,30805,600
den602d,1326,23208,561
den602d,1327,22920,562
den602d,1328,16168,594
den602d,1329,23480,582
den602d,1330,29742,585
den602d,1331,29116,572
den602d,1332,24161,565
den602d,1333,22697,570
den602d,1334,26077,569
den602d,1335,23341,574
den602d,1336,22696,562
den602d,1337,26515,571
den602d,1338,25478,562
den602d,1339,15287,601
den602d,1340,32167,571
den602d,1341,21921,584
den602d,1342,27709,587
den602d,1343,25096,576
den602d,1344,31453,565
den602d,1345,23472,570
den602d,1346,19715,573
den602d,1347,32734,573
den602d,1348,18666,610
den602d,1349,25872,573
den602d,1350,20924,602
den602d,1351,22075,576
den602d,1352,19192,594
den602d,1353,15517,619
den602d,1354,21707,585
den602d,1355,15195,625
den602d,1356,25042,579
den602d,1357,15008,613
den602d,1358,23420,579
den602d,1359,25333,585
den602d,1360,23231,581
den602d,1361,29823,591
den602d,1362,27913,595
den602d,1363,24601,584
den602d,1364,16926,615
den602d,1365,24740,595
den602d,1366,25546,585
den602d,1367,27436,590
den602d,1368,25383,587
den602d,1369,22280,588
den602d,1370,24715,595
den602d,1371,19387,590
den602d,1372,17897,614
den602d,1373,31791,613
den602d,1374,23455,594
den602d,1375,31499,625
den602d,1376,20209,596
den602d,1377,25146,588
den602d,1378,24639,583
den602d,1379,27497,593
den602d,1380,28787,590
den602d,1381,16431,639
den602d,1382,23734,590
den602d,1383,25990,586
den602d,1384,32925,628
den602d,1385,30809,620
den602d,1386,17673,638
den602d,1387,21392,607
den602d,1388,25655,597
den602d,1389,25204,600
den602d,1390,27517,607
den602d,1391,32145,595
den602d,1392,18293,616
den602d,1393,14945,637
den602d,1394,31416,633
den602d,1395,22423,593
den602d,1396,25641,605
den602d,1397,20312,593
den602d,1398,24518,610
den602d,1399,24506,602
den602d,1400,33722,630
den602d,1401,25563,606
den602d,1402,25711,606
den602d,1403,27375,604
den602d,1404,16940,640
den602d,1405,23616,600
den602d,1406,26770,603
den602d,1407,27181,606
den602d,1408,31670,639
den602d,1409,24953,601
den602d,1410,29052,617
den602d,1411,25414,609
den602d,1412,24240,618
den602d,1413,26971,602
den602d,1414,17561,642
den602d,1415,23642,602
den602d,1416,33356,634
den602d,1417,23037,611
den602d,1418,15066,648
den602d,1419,29529,613
den602d,1420,23592,605
den602d,1421,31522,647
den602d,1422,16773,633
den602d,1423,29763,619
den602d,1424,29834,618
den602d,1425,23980,616
den602d,1426,25840,609
den602d,1427,30901,609
den602d,1428,32664,639
den602d,1429,25594,605
den602d,1430,27074,615
den602d,1431,22779,614
den602d,1432,23583,624
den602d,1433,28721,621
den602d,1434,26087,629
den602d,1435,34390,658
den602d,1436,25569,613
den602d,1437,31268,611
den602d,1438,29374,615
den602d,1439,20783,615
den602d,1440,24078,615
den602d,1441,32502,656
den602d,1442,23648,629
den602d,1443,25792,622
den602d,1444,31475,657
den602d,1445,24652,633
den602d,1446,26285,630
den602d,1447,26405,611
den602d,1448,17151,650
den602d,1449,25156,618
den602d,1450,25996,629
den602d,1451,25806,624
den602d,1452,27288,633
den602d,1453,28452,631
den602d,1454,28105,623
den602d,1455,22673,621
den602d,1456,18646,659
den602d,1457,15957,667
den602d,1458,25609,632
den602d,1459,28935,632
den602d,1460,23558,622
den602d,1461,29626,637
den602d,1462,27420,644
den602d,1463,27903,620
den602d,1464,27717,628
den602d,1465,29723,640
den602d,1466,21828,620
den602d,1467,34101,625
den602d,1468,25062,623
den602d,1469,26666,635
den602d,1470,26706,639
den602d,1471,32378,673
den602d,1472,29023,638
den602d,1473,26687,629
den602d,1474,33642,656
den602d,1475,26248,641
den602d,1476,29271,639
den602d,1477,21719,640
den602d,1478,26149,634
den602d,1479,34571,677
den602d,1480,24998,640
den602d,1481,25211,632
den602d,1482,22157,644
den602d,1483,29278,643
den602d,1484,28015,649
den602d,1485,31513,672
den602d,1486,29130,640
den602d,1487,28868,641
den602d,1488,22260,633
den602d,1489,34268,630
den602d,1490,31967,677
den602d,1491,23430,652
den602d,1492,26127,641
den602d,1493,30426,633
den602d,1494,31514,658
den602d,1495,27422,636
den602d,1496,27567,655
den602d,1497,22417,645
den602d,1498,32880,669
den602d,1499,24943,644
den602d,1500,34040,636
den602d,1501,26215,656
den602d,1502,25931,644
den602d,1503,28273,653
den602d,1504,29098,642
den602d,1505,27847,657
den602d,1506,34301,683
den602d,1507,21238,692
den602d,1508,32642,684
den602d,1509,19157,690
den602d,1510,23331,639
den602d,1511,25816,656
den602d,1512,16431,692
den602d,1513,29649,661
den602d,1514,27910,667
den602d,1515,27465,646
den602d,1516,33553,694
den602d,1517,18081,684
den602d,1518,29345,652
den602d,1519,17477,692
den602d,1520,32946,645
den602d,1521,33946,653
den602d,1522,19206,703
den602d,1523,29424,665
den602d,1524,29644,658
den602d,1525,29993,665
den602d,1526,33044,690
den602d,1527,19997,699
den602d,1528,26828,657
den602d,1529,29558,659
den602d,1530,34203,652
den602d,1531,32024,700
den602d,1532,28183,664
den602d,1533,28188,657
den602d,1534,30777,667
den602d,1535,20661,701
den602d,1536,25219,659
den602d,1537,25353,659
den602d,1538,19560,713
den602d,1539,18028,682
den602d,1540,22152,667
den602d,1541,29813,666
den602d,1542,24975,663
den602d,1543,33644,651
den602d,1544,25500,657
den602d,1545,24352,656
den602d,1546,27611,663
den602d,1547,23333,672
den602d,1548,30781,659
den602d,1549,30032,674
den602d,1550,29594,667
den602d,1551,29936,674
den602d,1552,26641,656
den602d,1553,33233,712
den602d,1554,30585,677
den602d,1555,34227,706
den602d,1556,28071,663
den602d,1557,33345,708
den602d,1558,29097,671
den602d,1559,18927,699
den602d,1560,30428,679
den602d,1561,27635,688
den602d,1562,21610,692
den602d,1563,32673,703
den602d,1564,33530,724
den602d,1565,20633,724
den602d,1566,33271,659
den602d,1567,20324,709
den602d,1568,28264,683
den602d,1569,32695,668
den602d,1570,30031,683
den602d,1571,30340,681
den602d,1572,26727,690
den602d,1573,30752,681
den602d,1574,27330,683
den602d,1575,23067,668
den602d,1576,25769,683
den602d,1577,30399,683
den602d,1578,20895,717
den602d,1579,24477,683
den602d,1580,29615,667
den602d,1581,30030,687
den602d,1582,24361,680
den602d,1583,26367,684
den602d,1584,20207,724
den602d,1585,32748,720
den602d,1586,28408,690
den602d,1587,23964,674
den602d,1588,28448,676
den602d,1589,24303,690
den602d,1590,20160,734
den602d,1591,30203,692
den602d,1592,29594,691
den602d,1593,34465,680
den602d,1594,27470,692
den602d,1595,34148,747
den602d,1596,27042,687
den602d,1597,25847,684
den602d,1598,29696,701
den602d,1599,34070,675
den602d,1600,28520,693
den602d,1601,24604,700
den602d,1602,27245,700
den602d,1603,34501,738
den602d,1604,34366,745
den602d,1605,21644,679
den602d,1606,27719,692
den602d,1607,28623,675
den602d,1608,22483,685
den602d,1609,27940,701
den602d,1610,23485,711
den602d,1611,29666,703
den602d,1612,29158,709
den602d,1613,28478,698
den602d,1614,30755,696
den602d,1615,32214,718
den602d,1616,23358,689
den602d,1617,24572,699
den602d,1618,29553,686
den602d,1619,24403,684
den602d,1620,25230,698
den602d,1621,25234,709
den602d,1622,27649,711
den602d,1623,24246,700
den602d,1624,29685,704
den602d,1625,30860,700
den602d,1626,21002,754
den602d,1627,29423,695
den602d,1628,22967,713
den602d,1629,29581,705
den602d,1630,30369,702
den602d,1631,29353,702
den602d,1632,31949,721
den602d,1633,20720,736
den602d,1634,29243,703
den602d,1635,30696,712
den602d,1636,24017,698
den602d,1637,30732,713
den602d,1638,31768,719
den602d,1639,30753,707
den602d,1640,24292,704
den602d,1641,23366,706
den602d,1642,29202,702
den602d,1643,22164,698
den602d,1644,29423,705
den602d,1645,21543,705
den602d,1646,29291,705
den602d,1647,29399,704
den602d,1648,22765,705
den602d,1649,33303,706
den602d,1650,22338,727
den602d,1651,22155,731
den602d,1652,28845,720
den602d,1653,21491,768
den602d,1654,34543,708
den602d,1655,21919,737
den602d,1656,33073,706
den602d,1657,24057,700
den602d,1658,27282,717
den602d,1659,30952,725
den602d,1660,25760,721
den602d,1661,21333,737
den602d,1662,27539,706
den602d,1663,34441,771
den602d,1664,31458,735
den602d,1665,32982,751
den602d,1666,29837,706
den602d,1667,27093,720
den602d,1668,30070,727
den602d,1669,29238,726
den602d,1670,25806,736
den602d,1671,33637,718
den602d,1672,26259,720
den602d,1673,31388,728
den602d,1674,25037,709
den602d,1675,31088,725
den602d,1676,31703,731
den602d,1677,33528,717
den602d,1678,33733,748
den602d,1679,29562,730
den602d,1680,30843,736
den602d,1681,29457,741
den602d,1682,29603,741
den602d,1683,29682,743
den602d,1684,24126,717
den602d,1685,29342,733
den602d,1686,29415,715
den602d,1687,25468,731
den602d,1688,31174,728
den602d,1689,32138,745
den602d,1690,27686,733
den602d,1691,28461,725
den602d,1692,34399,728
den602d,1693,26875,729
den602d,1694,31297,747
den602d,1695,26622,734
den602d,1696,29567,746
den602d,1697,33578,758
den602d,1698,28609,739
den602d,1699,28140,729
den602d,1700,22332,726
den602d,1701,24281,724
den602d,1702,34400,768
den602d,1703,30258,741
den602d,1704,32011,757
den602d,1705,33410,727
den602d,1706,30018,737
den602d,1707,21497,754
den602d,1708,34335,763
den602d,1709,22320,756
den602d,1710,31274,753
den602d,1711,30445,750
den602d,1712,21982,757
den602d,1713,24655,736
den602d,1714,22088,755
den602d,1715,28816,749
den602d,1716,32411,739
den602d,1717,30004,735
den602d,1718,25061,724
den602d,1719,24573,736
den602d,1720,27879,760
den602d,1721,33825,742
den602d,1722,29754,753
den602d,1723,29176,754
den602d,1724,31259,741
den602d,1725,32339,757
den602d,1726,24167,739
den602d,1727,27344,749
den602d,1728,32801,739
den602d,1729,31519,755
den602d,1730,23946,768
den602d,1731,33323,735
den602d,1732,32689,746
den602d,1733,26154,731
den602d,1734,29747,764
den602d,1735,32947,766
den602d,1736,32079,770
den602d,1737,23295,764
den602d,1738,21668,775
den602d,1739,22784,736
den602d,1740,22362,769
den602d,1741,23544,742
den602d,1742,31088,750
den602d,1743,28402,766
den602d,1744,25533,767
den602d,1745,29924,751
den602d,1746,21803,763
den602d,1747,32387,774
den602d,1748,23138,743
den602d,1749,29981,748
den602d,1750,24297,778
den602d,1751,25159,780
den602d,1752,22902,772
den602d,1753,29532,764
den602d,1754,24372,751
den602d,1755,32486,777
den602d,1756,23033,776
den602d,1757,31753,779
den602d,1758,24099,775
den602d,1759,23935,774
den602d,1760,34375,792
den602d,1761,25292,781
den602d,1762,22014,792
den602d,1763,27903,758
den602d,1764,31850,782
den602d,1765,24639,766
den602d,1766,22124,773
den602d,1767,22557,761
den602d,1768,34040,782
den602d,1769,34065,759
den602d,1770,23111,786
den602d,1771,30915,760
den602d,1772,22325,794
den602d,1773,25081,790
den602d,1774,27725,783
den602d,1775,22295,789
den602d,1776,34119,805
den602d,1777,30606,778
den602d,1778,32775,792
den602d,1779,29285,758
den602d,1780,30140,758
den602d,1781,25235,789
den602d,1782,31401,789
den602d,1783,28309,779
den602d,1784,29892,789
den602d,1785,28492,772
den602d,1786,30369,775
den602d,1787,25533,764
den602d,1788,24350,767
den602d,1789,27464,780
den602d,1790,24580,777
den602d,1791,24747,798
den602d,1792,31074,763
den602d,1793,25944,765
den602d,1794,28436,785
den602d,1795,26352,795
den602d,1796,29511,787
den602d,1797,24713,786
den602d,1798,24520,805
den602d,1799,33845,798
den602d,1800,33665,771
den602d,1801,24959,797
den602d,1802,31602,791
den602d,1803,27403,791
den602d,1804,24908,771
den602d,1805,24248,798
den602d,1806,22879,771
den602d,1807,26833,791
den602d,1808,22942,771
den602d,1809,30335,786
den602d,1810,29677,797
den602d,1811,25369,795
den602d,1812,24266,773
den602d,1813,32104,785
den602d,1814,34597,789
den602d,1815,31669,802
den602d,1816,22930,810
den602d,1817,24462,780
den602d,1818,26270,783
den602d,1819,31664,795
den602d,1820,24888,811
den602d,1821,22440,808
den602d,1822,33537,780
den602d,1823,30834,803
den602d,1824,32531,784
den602d,1825,32847,804
den602d,1826,32008,802
den602d,1827,33806,775
den602d,1828,24429,816
den602d,1829,24809,821
den602d,1830,31006,805
den602d,1831,28653,816
den602d,1832,28954,799
den602d,1833,24840,812
den602d,1834,22865,813
den602d,1835,28599,781
den602d,1836,24566,811
den602d,1837,27761,793
den602d,1838,25028,814
den602d,1839,25232,820
den602d,1840,23114,824
den602d,1841,32611,786
den602d,1842,34380,786
den602d,1843,23564,817
den602d,1844,25767,782
den602d,1845,32345,789
den602d,1846,23411,809
den602d,1847,26346,817
den602d,1848,27072,816
den602d,1849,32319,812
den602d,1850,32308,795
den602d,1851,25383,824
den602d,1852,32516,821
den602d,1853,31039,811
den602d,1854,23359,798
den602d,1855,32252,821
den602d,1856,23738,835
den602d,1857,29128,794
den602d,1858,31648,793
den602d,1859,24839,815
den602d,1860,32710,820
den602d,1861,31467,798
den602d,1862,31979,803
den602d,1863,24679,798
den602d,1864,32595,831
den602d,1865,25746,831
den602d,1866,32043,795
den602d,1867,28714,819
den602d,1868,32680,797
den602d,1869,26931,825
den602d,1870,33605,831
den602d,1871,32955,833
den602d,1872,34246,835
den602d,1873,33741,827
den602d,1874,31413,804
den602d,1875,31765,806
den602d,1876,29674,824
den602d,1877,32653,800
den602d,1878,30015,810
den602d,1879,30509,802
den602d,1880,24726,843
den602d,1881,31429,808
den602d,1882,25593,808
den602d,1883,34111,836
den602d,1884,32414,839
den602d,1885,26624,807
den602d,1886,24817,829
den602d,1887,33721,846
den602d,1888,32044,839
den602d,1889,26246,851
den602d,1890,31994,812
den602d,1891,33251,816
den602d,1892,28506,839
den602d,1893,34165,852
den602d,1894,31490,804
den602d,1895,33190,816
den602d,1896,30370,813
den602d,1897,23895,814
den602d,1898,33454,817
den602d,1899,33916,839
den602d,1900,30092,818
den602d,1901,34211,848
den602d,1902,33069,854
den602d,1903,34201,817
den602d,1904,25024,819
den602d,1905,34107,826
den602d,1906,34541,852
den602d,1907,23872,814
den602d,1908,30215,821
den602d,1909,31479,833
den602d,1910,31264,821
den602d,1911,32515,818
den602d,1912,25356,815
den602d,1913,31737,823
den602d,1914,27464,859
den602d,1915,25562,860
den602d,1916,30813,826
den602d,1917,34157,849
den602d,1918,31440,812
den602d,1919,33873,844
den602d,1920,34484,833
den602d,1921,27557,839
den602d,1922,32251,819
den602d,1923,28365,853
den602d,1924,31572,832
den602d,1925,33278,847
den602d,1926,33662,852
den602d,1927,23545,861
den602d,1928,29958,832
den602d,1929,30524,823
den602d,1930,31984,834
den602d,1931,32242,837
den602d,1932,25876,864
den602d,1933,32045,845
den602d,1934,31923,854
den602d,1935,24679,870
den602d,1936,25886,825
den602d,1937,25855,863
den602d,1938,34187,856
den602d,1939,24534,830
den602d,1940,28477,838
den602d,1941,33712,830
den602d,1942,34172,869
den602d,1943,31832,834
den602d,1944,30776,843
den602d,1945,33457,859
den602d,1946,31903,863
den602d,1947,33919,872
den602d,1948,25963,829
den602d,1949,26871,838
den602d,1950,33925,835
den602d,1951,28833,872
den602d,1952,24957,846
den602d,1953,27888,852
den602d,1954,32559,847
den602d,1955,27229,870
den602d,1956,26764,867
den602d,1957,29806,842
den602d,1958,32235,861
den602d,1959,24226,833
den602d,1960,30030,843
den602d,1961,34079,881
den602d,1962,31852,876
den602d,1963,33289,850
den602d,1964,28282,841
den602d,1965,24458,838
den602d,1966,27328,886
den602d,1967,33844,844
den602d,1968,32605,845
den602d,1969,24264,849
den602d,1970,31841,878
den602d,1971,25177,837
den602d,1972,28927,884
den602d,1973,32447,841
den602d,1974,25376,847
den602d,1975,31657,854
den602d,1976,28983,849
den602d,1977,34387,845
den602d,1978,29073,847
den602d,1979,29718,880
den602d,1980,29638,883
den602d,1981,30511,858
den602d,1982,34614,887
den602d,1983,25336,882
den602d,1984,24298,854
den602d,1985,28543,886
den602d,1986,31880,879
den602d,1987,28835,882
den602d,1988,26203,845
den602d,1989,28543,855
den602d,1990,27768,882
den602d,1991,29164,855
den602d,1992,27079,886
den602d,1993,32684,846
den602d,1994,29638,864
den602d,1995,31007,860
den602d,1996,34490,891
den602d,1997,32151,882
den602d,1998,24601,865
den602d,1999,27584,851
den602d,2000,32283,883
den602d,2001,32888,895
den602d,2002,29719,869
den602d,2003,31568,876
den602d,2004,31217,864
den602d,2005,33814,865
den602d,2006,33326,853
den602d,2007,28203,878
den602d,2008,33246,876
den602d,2009,26526,896
den602d,2010,34584,896
den602d,2011,33126,901
den602d,2012,28228,898
den602d,2013,34215,868
den602d,2014,31710,882
den602d,2015,29282,877
den602d,2016,33175,861
den602d,2017,30349,862
den602d,2018,33191,908
den602d,2019,29152,871
den602d,2020,32744,899
den602d,2021,31673,873
den602d,2022,34566,906
den602d,2023,30531,871
den602d,2024,28190,876
den602d,2025,29750,872
den602d,2026,32205,905
den602d,2027,29711,905
den602d,2028,29615,876
den602d,2029,29654,872
den602d,2030,34432,874
den602d,2031,25018,865
den602d,2032,30284,883
den602d,2033,32977,882
den602d,2034,30810,879
den602d,2035,26410,878
den602d,2036,31985,894
den602d,2037,29394,897
den602d,2038,25276,870
den602d,2039,33859,895
den602d,2040,31899,898
den602d,2041,30466,886
den602d,2042,32723,877
den602d,2043,34109,906
den602d,2044,31068,879
den602d,2045,29923,897
den602d,2046,34556,911
den602d,2047,30563,876
den602d,2048,33012,912
den602d,2049,32604,874
den602d,2050,30418,890
den602d,2051,28734,882
den602d,2052,25135,888
den602d,2053,33865,884
den602d,2054,24899,890
den602d,2055,33224,871
den602d,2056,28943,925
den602d,2057,30723,890
den602d,2058,33003,888
den602d,2059,28228,905
den602d,2060,30649,888
den602d,2061,29305,919
den602d,2062,29707,924
den602d,2063,27794,897
den602d,2064,34289,924
den602d,2065,32866,930
den602d,2066,34018,930
den602d,2067,34070,932
den602d,2068,30509,889
den602d,2069,29006,920
den602d,2070,34487,927
den602d,2071,29490,890
den602d,2072,26767,888
den602d,2073,30757,898
den602d,2074,25387,894
den602d,2075,31020,895
den602d,2076,32109,897
den602d,2077,32477,911
den602d,2078,33938,888
den602d,2079,33015,929
den602d,2080,29930,921
den602d,2081,32729,895
den602d,2082,29944,914
den602d,2083,24950,894
den602d,2084,30988,896
den602d,2085,26227,895
den602d,2086,29710,919
den602d,2087,27725,898
den602d,2088,31520,905
den602d,2089,25878,888
den602d,2090,34489,943
den602d,2091,33893,936
den602d,2092,29709,921
den602d,2093,29639,943
den602d,2094,30970,902
den602d,2095,26623,896
den602d,2096,33001,916
den602d,2097,33797,895
den602d,2098,29525,929
den602d,2099,32166,925
den602d,2100,33986,952
den602d,2101,26760,911
den602d,2102,34427,937
den602d,2103,34060,942
den602d,2104,34153,903
den602d,2105,28637,938
den602d,2106,31403,913
den602d,2107,31978,921
den602d,2108,28797,938
den602d,2109,30222,910
den602d,2110,27544,906
den602d,2111,33478,939
den602d,2112,31231,920
den602d,2113,31103,913
den602d,2114,29853,915
den602d,2115,31063,920
den602d,2116,29777,956
den602d,2117,33597,932
den602d,2118,34291,948
den602d,2119,28894,949
den602d,2120,32410,922
den602d,2121,30953,929
den602d,2122,29236,916
den602d,2123,34382,957
den602d,2124,30885,919
den602d,2125,29074,923
den602d,2126,33437,919
den602d,2127,29794,930
den602d,2128,33804,914
den602d,2129,33389,921
den602d,2130,30470,920
den602d,2131,33388,910
den602d,2132,33731,913
den602d,2133,26588,923
den602d,2134,30298,920
den602d,2135,29238,926
den602d,2136,34587,929
den602d,2137,27545,921
den602d,2138,30499,936
den602d,2139,26508,921
den602d,2140,30342,936
den602d,2141,34615,958
den602d,2142,33857,914
den602d,2143,25862,913
den602d,2144,33348,950
den602d,2145,30591,925
den602d,2146,33527,927
den602d,2147,31815,938
den602d,2148,34509,956
den602d,2149,34594,922
den602d,2150,28152,933
den602d,2151,32323,931
den602d,2152,33628,925
den602d,2153,33850,929
den602d,2154,34306,950
den602d,2155,29528,936
den602d,2156,30061,952
den602d,2157,34050,924
den602d,2158,27433,922
den602d,2159,31373,935
den602d,2160,29934,951
den602d,2161,26611,930
den602d,2162,29569,937
den602d,2163,32975,928
den602d,2164,33264,955
den602d,2165,32427,951
den602d,2166,32442,938
den602d,2167,28591,924
den602d,2168,30899,937
den602d,2169,30624,944
den602d,2170,26899,933
den602d,2171,31983,939
den602d,2172,33699,967
den602d,2173,31151,931
den602d,2174,34465,982
den602d,2175,31417,945
den602d,2176,30249,946
den602d,2177,31355,952
den602d,2178,32449,955
den602d,2179,29157,977
den602d,2180,33489,969
den602d,2181,33881,937
den602d,2182,33513,954
den602d,2183,34188,955
den602d,2184,32579,943
den602d,2185,30407,964
den602d,2186,34182,966
den602d,2187,34408,968
den602d,2188,30432,957
den602d,2189,33322,945
den602d,2190,31627,952
den602d,2191,29080,947
den602d,2192,34406,937
den602d,2193,31245,954
den602d,2194,33549,943
den602d,2195,29239,955
den602d,2196,27203,944
den602d,2197,34212,957
den602d,2198,30356,962
den602d,2199,32075,964
den602d,2200,28757,956
den602d,2201,30325,968
den602d,2202,33966,940
den602d,2203,33701,956
den602d,2204,33025,948
den602d,2205,32461,956
den602d,2206,32828,954
den602d,2207,31346,963
den602d,2208,28185,948
den602d,2209,31507,957
den602d,2210,28859,948
den602d,2211,30963,965
den602d,2212,31501,964
den602d,2213,32438,965
den602d,2214,33270,960
den602d,2215,34394,943
den602d,2216,30083,954
den602d,2217,32289,957
den602d,2218,30853,968
den602d,2219,31134,967
den602d,2220,32047,975
den602d,2221,33842,955
den602d,2222,31389,970
den602d,2223,32980,962
den602d,2224,32396,973
den602d,2225,33508,971
den602d,2226,26643,956
den602d,2227,32675,968
den602d,2228,34605,972
den602d,2229,34420,966
den602d,2230,32313,976
den602d,2231,29363,963
den602d,2232,28711,966
den602d,2233,29477,958
den602d,2234,29431,956
den602d,2235,28493,978
den602d,2236,31528,976
den602d,2237,32086,983
den602d,2238,34577,995
den602d,2239,33761,978
den602d,2240,30452,990
den602d,2241,31488,984
den602d,2242,32577,969
den602d,2243,33913,981
den602d,2244,30545,980
den602d,2245,29570,973
den602d,2246,29295,961
den602d,2247,28796,974
den602d,2248,32398,982
den602d,2249,31482,982
den602d,2250,31796,987
den602d,2251,34134,975
den602d,2252,32984,981
den602d,2253,29901,997
den602d,2254,33123,994
den602d,2255,31152,992
den602d,2256,33118,988
den602d,2257,32696,974
den602d,2258,28443,977
den602d,2259,30406,989
den602d,2260,31987,991
den602d,2261,34252,983
den602d,2262,29916,981
den602d,2263,31784,994
den602d,2264,26838,968
den602d,2265,34049,996
den602d,2266,29317,967
den602d,2267,31893,992
den602d,2268,30540,997
den602d,2269,30786,976
den602d,2270,28970,987
den602d,2271,32299,994
den602d,2272,30905,999
den602d,2273,31433,994
den602d,2274,34595,989
den602d,2275,30625,999
den602d,2276,30631,997
den602d,2277,31925,998
den602d,2278,34371,976
den602d,2279,30577,994
den602d,2280,30740,1000
den602d,2281,33951,987
den602d,2282,31923,1004
den602d,2283,32547,998
den602d,2284,31503,1005
den602d,2285,29972,986
den602d,2286,30354,991
den602d,2287,33727,986
den602d,2288,31054,997
den602d,2289,32261,1001
den602d,2290,29866,998
den602d,2291,28641,992
den602d,2292,31214,1009
den602d,2293,33214,1005
den602d,2294,31697,1005
den602d,2295,31906,1005
den602d,2296,29198,992
den602d,2297,31454,1009
den602d,2298,34086,1008
den602d,2299,30070,1018
den602d,2300,32379,1014
den602d,2301,33042,1005
den602d,2302,32352,1003
den602d,2303,30893,994
den602d,2304,32647,1009
den602d,2305,31113,991
den602d,2306,32906,1013
den602d,2307,31931,1014
den602d,2308,29300,1000
den602d,2309,32431,1012
den602d,2310,31462,1006
den602d,2311,33968,1025
den602d,2312,34547,1023
den602d,2313,34054,998
den602d,2314,30270,1003
den602d,2315,30541,1016
den602d,2316,30912,1025
den602d,2317,30483,1025
den602d,2318,34521,1006
den602d,2319,30380,1000
den602d,2320,32438,1019
den602d,2321,29935,1012
den602d,2322,31383,1027
den602d,2323,32292,1026
den602d,2324,32211,1027
den602d,2325,33692,1016
den602d,2326,30522,1030
den602d,2327,32145,1025
den602d,2328,32500,1016
den602d,2329,34111,1011
den602d,2330,33162,1022
den602d,2331,30878,1017
den602d,2332,32714,1024
den602d,2333,32597,1022
den602d,2334,33520,1009
den602d,2335,34191,1005
den602d,2336,32307,1024
den602d,2337,34609,1020
den602d,2338,29437,1012
den602d,2339,31270,1023
den602d,2340,31726,1031
den602d,2341,29930,1013
den602d,2342,30454,1017
den602d,2343,31140,1034
den602d,2344,30971,1038
den602d,2345,33895,1021
den602d,2346,33772,1036
den602d,2347,32205,1030
den602d,2348,33578,1036
den602d,2349,31425,1034
den602d,2350,33137,1030
den602d,2351,33293,1031
den602d,2352,34378,1046
den602d,2353,33478,1029
den602d,2354,33906,1018
den602d,2355,33125,1045
den602d,2356,29899,1015
den602d,2357,32464,1036
den602d,2358,33161,1045
den602d,2359,32146,1031
den602d,2360,32595,1037
den602d,2361,32146,1042
den602d,2362,32373,1038
den602d,2363,34083,1030
den602d,2364,33056,1044
den602d,2365,31722,1043
den602d,2366,29716,1030
den602d,2367,34566,1031
den602d,2368,32714,1036
den602d,2369,33448,1034
den602d,2370,33363,1047
den602d,2371,33527,1052
den602d,2372,34375,1030
den602d,2373,30327,1022
den602d,2374,31000,1047
den602d,2375,33514,1024
den602d,2376,32050,1045
den602d,2377,33554,1036
den602d,2378,30357,1023
den602d,2379,32598,1046
den602d,2380,33204,1049
den602d,2381,33122,1043
den602d,2382,32269,1042
den602d,2383,31653,1037
den602d,2384,31622,1046
den602d,2385,30944,1058
den602d,2386,32807,1042
den602d,2387,34357,1058
den602d,2388,32490,1042
den602d,2389,32658,1043
den602d,2390,34301,1044
den602d,2391,34227,1039
den602d,2392,32427,1059
den602d,2393,33253,1055
den602d,2394,33014,1048
den602d,2395,31159,1034
den602d,2396,32122,1049
den602d,2397,34318,1053
den602d,2398,30906,1031
den602d,2399,31871,1047
den602d,2400,34412,1065
den602d,2401,32687,1053
den602d,2402,32774,1056
den602d,2403,32784,1054
den602d,2404,30519,1032
den602d,2405,30603,1035
den602d,2406,31559,1068
den602d,2407,32752,1052
den602d,2408,34302,1052
den602d,2409,34219,1056
den602d,2410,31784,1066
den602d,2411,31889,1056
den602d,2412,34476,1045
den602d,2413,34505,1071
den602d,2414,33707,1073
den602d,2415,31478,1053
den602d,2416,31921,1058
den602d,2417,33113,1061
den602d,2418,31588,1054
den602d,2419,34133,1043
den602d,2420,30089,1056
den602d,2421,31810,1061
den602d,2422,33557,1054
den602d,2423,33069,1059
den602d,2424,32640,1058
den602d,2425,34592,1054
den602d,2426,33973,1077
den602d,2427,30890,1049
den602d,2428,31193,1075
den602d,2429,33126,1066
den602d,2430,32324,1072
den602d,2431,30999,1044
den602d,2432,34613,1080
den602d,2433,33711,1076
den602d,2434,34277,1062
den602d,2435,33761,1057
den602d,2436,32601,1066
den602d,2437,34522,1066
den602d,2438,34544,1064
den602d,2439,32532,1073
den602d,2440,34125,1076
den602d,2441,30663,1070
den602d,2442,31215,1063
den602d,2443,31449,1079
den602d,2444,33320,1074
den602d,2445,31062,1056
den602d,2446,33688,1080
den602d,2447,31737,1070
den602d,2448,34589,1066
den602d,2449,32504,1078
den602d,2450,31308,1086
den602d,2451,32565,1075
den602d,2452,31098,1063
den602d,2453,31606,1070
den602d,2454,30692,1074
den602d,2455,32365,1086
den602d,2456,30713,1063
den602d,2457,31520,1068
den602d,2458,34430,1060
den602d,2459,32744,1079
den602d,2460,32765,1073
den602d,2461,32884,1076
den602d,2462,32923,1078
den602d,2463,31824,1076
den602d,2464,32851,1084
den602d,2465,32658,1078
den602d,2466,34460,1076
den602d,2467,32381,1096
den602d,2468,31926,1079
den602d,2469,32494,1093
den602d,2470,32320,1097
den602d,2471,33177,1086
den602d,2472,32138,1087
den602d,2473,34290,1075
den602d,2474,31526,1073
den602d,2475,33604,1079
den602d,2476,33205,1094
den602d,2477,34506,1096
den602d,2478,34613,1095
den602d,2479,31212,1083
den602d,2480,33330,1095
den602d,2481,31643,1082
den602d,2482,33097,1088
den602d,2483,34249,1083
den602d,2484,32922,1093
den602d,2485,33389,1092
den602d,2486,32315,1092
den602d,2487,32029,1102
den602d,2488,33252,1097
den602d,2489,32894,1085
den602d,2490,33425,1103
den602d,2491,33112,1091
den602d,2492,33626,1092
den602d,2493,33606,1095
den602d,2494,33192,1090
den602d,2495,33306,1097
den602d,2496,32363,1097
den602d,2497,32342,1092
den602d,2498,33724,1093
den602d,2499,34106,1100
den602d,2500,34526,1096
den602d,2501,33326,1093
den602d,2502,31625,1090
den602d,2503,34121,1109
den602d,2504,32620,1102
den602d,2505,33212,1112
den602d,2506,32454,1098
den602d,2507,32570,1096
den602d,2508,33010,1094
den602d,2509,34096,1103
den602d,2510,33344,1112
den602d,2511,31661,1094
den602d,2512,31540,1101
den602d,2513,32406,1102
den602d,2514,32481,1117
den602d,2515,33113,1103
den602d,2516,32221,1103
den602d,2517,33653,1099
den602d,2518,34170,1092
den602d,2519,34243,1109
den602d,2520,32804,1100
den602d,2521,32047,1109
den602d,2522,32458,1116
den602d,2523,34551,1104
den602d,2524,33217,1117
den602d,2525,31862,1108
den602d,2526,32806,1108
den602d,2527,33636,1117
den602d,2528,32637,1109
den602d,2529,33546,1104
den602d,2530,33518,1112
den602d,2531,32774,1107
den602d,2532,33705,1115
den602d,2533,34458,1116
den602d,2534,32900,1111
den602d,2535,32582,1122
den602d,2536,34288,1130
den602d,2537,34535,1112
den602d,2538,33203,1110
den602d,2539,32860,1110
den602d,2540,34087,1131
den602d,2541,34422,1121
den602d,2542,32864,1125
den602d,2543,32807,1131
den602d,2544,32944,1131
den602d,2545,33578,1112
den602d,2546,32891,1115
den602d,2547,31843,1111
den602d,2548,33251,1116
den602d,2549,33778,1112
den602d,2550,32191,1121
den602d,2551,34056,1124
den602d,2552,33829,1126
den602d,2553,32915,1135
den602d,2554,32246,1124
den602d,2555,33762,1123
den602d,2556,32653,1119
den602d,2557,33767,1121
den602d,2558,31872,1122
den602d,2559,31891,1127
den602d,2560,32876,1136
den602d,2561,33536,1138
den602d,2562,32313,1129
den602d,2563,33131,1125
den602d,2564,32096,1123
den602d,2565,34403,1128
den602d,2566,33500,1120
den602d,2567,31733,1126
den602d,2568,34001,1133
den602d,2569,32809,1125
den602d,2570,32610,1125
den602d,2571,32541,1127
den602d,2572,33041,1124
den602d,2573,32084,1129
den602d,2574,31717,1134
den602d,2575,34398,1132
den602d,2576,33062,1140
den602d,2577,33611,1146
den602d,2578,34356,1141
den602d,2579,32059,1133
den602d,2580,33779,1141
den602d,2581,33086,1146
den602d,2582,34315,1139
den602d,2583,31803,1138
den602d,2584,33490,1137
den602d,2585,32136,1134
den602d,2586,33207,1147
den602d,2587,32969,1142
den602d,2588,31930,1141
den602d,2589,33364,1129
den602d,2590,33444,1135
den602d,2591,34430,1154
den602d,2592,33417,1142
den602d,2593,33636,1149
den602d,2594,33213,1147
den602d,2595,34551,1142
den602d,2596,33982,1147
den602d,2597,33546,1137
den602d,2598,33318,1140
den602d,2599,33376,1128
den602d,2600,34056,1140
den602d,2601,33827,1153
den602d,2602,32359,1149
den602d,2603,33152,1158
den602d,2604,34578,1147
den602d,2605,32614,1135
den602d,2606,34268,1137
den602d,2607,34235,1143
den602d,2608,32352,1138
den602d,2609,33124,1154
den602d,2610,34293,1155
den602d,2611,32149,1152
den602d,2612,34538,1160
den602d,2613,33208,1156
den602d,2614,33223,1148
den602d,2615,34270,1162
den602d,2616,34513,1154
den602d,2617,32566,1149
den602d,2618,33260,1154
den602d,2619,34059,1159
den602d,2620,33817,1156
den602d,2621,32781,1158
den602d,2622,33363,1164
den602d,2623,33743,1145
den602d,2624,33566,1163
den602d,2625,34269,1154
den602d,2626,32558,1155
den602d,2627,33765,1147
den602d,2628,32499,1154
den602d,2629,32763,1158
den602d,2630,33597,1157
den602d,2631,34339,1158
den602d,2632,34540,1165
den602d,2633,34446,1166
den602d,2634,33336,1164
den602d,2635,34573,1159
den602d,2636,33329,1159
den602d,2637,34436,1163
den602d,2638,34186,1161
den602d,2639,33704,1167
den602d,2640,34383,1169
den602d,2641,33272,1171
den602d,2642,33949,1161
den602d,2643,34156,1165
den602d,2644,34598,1176
den602d,2645,34151,1160
den602d,2646,34526,1171
den602d,2647,33691,1166
den602d,2648,33988,1161
den602d,2649,33434,1173
den602d,2650,33709,1178
den602d,2651,34571,1178
den602d,2652,34251,1170
den602d,2653,34480,1172
den602d,2654,34390,1168
den602d,2655,34570,1175
den602d,2656,33422,1176
den602d,2657,34358,1177
den602d,2658,34500,1166
den602d,2659,34566,1174
hrt201n,0,38,4
hrt201n,1,23,3
hrt201n,2,15,3
hrt201n,3,17,3
hrt201n,4,4,1
hrt201n,5,8,2
hrt201n,6,9,2
hrt201n,7,16,4
hrt201n,8,11,2
hrt201n,9,2,1
hrt201n,10,15,4
hrt201n,11,30,4
hrt201n,12,172,10
hrt201n,13,124,8
hrt201n,14,45,5
hrt201n,15,55,6
hrt201n,16,70,6
hrt201n,17,42,5
hrt201n,18,60,9
hrt201n,19,56,7
hrt201n,20,105,9
hrt201n,21,143,9
hrt201n,22,281,15
hrt201n,23,178,12
hrt201n,24,218,13
hrt201n,25,167,11
hrt201n,26,239,16
hrt201n,27,198,13
hrt201n,28,196,11
hrt201n,29,190,13
hrt201n,30,414,20
hrt201n,31,203,14
hrt201n,32,227,18
hrt201n,33,310,18
hrt201n,34,237,16
hrt201n,35,411,15
hrt201n,36,416,20
hrt201n,37,268,17
hrt201n,38,213,14
hrt201n,39,659,22
hrt201n,40,355,21
hrt201n,41,342,20
hrt201n,42,317,19
hrt201n,43,353,19
hrt201n,44,651,21
hrt201n,45,466,19
hrt201n,46,339,21
hrt201n,47,692,22
hrt201n,48,306,23
hrt201n,49,532,19
hrt201n,50,423,23
hrt201n,51,644,22
hrt201n,52,678,25
hrt201n,53,281,24
hrt201n,54,507,25
hrt201n,55,691,23
hrt201n,56,613,25
hrt201n,57,296,27
hrt201n,58,629,25
hrt201n,59,872,28
hrt201n,60,728,30
hrt201n,61,847,30
hrt201n,62,804,33
hrt201n,63,877,32
hrt201n,64,1472,38
hrt201n,65,525,27
hrt201n,66,603,31
hrt201n,67,1317,37
hrt201n,68,1057,35
hrt201n,69,993,26
hrt201n,70,1026,31
hrt201n,71,940,30
hrt201n,72,1269,35
hrt201n,73,1061,33
hrt201n,74,674,37
hrt201n,75,1250,38
hrt201n,76,1239,40
hrt201n,77,976,38
hrt201n,78,731,37
hrt201n,79,1134,34
hrt201n,80,1277,41
hrt201n,81,1292,38
hrt201n,82,1208,35
hrt201n,83,2264,44
hrt201n,84,429,43
hrt201n,85,1750,42
hrt201n,86,1010,38
hrt201n,87,1326,47
hrt201n,88,1040,37
hrt201n,89,878,39
hrt201n,90,1665,47
hrt201n,91,1184,39
hrt201n,92,1288,42
hrt201n,93,1485,44
hrt201n,94,1255,39
hrt201n,95,674,47
hrt201n,96,1177,42
hrt201n,97,1458,43
hrt201n,98,1149,40
hrt201n,99,792,41
hrt201n,100,983,50
hrt201n,101,800,55
hrt201n,102,983,45
hrt201n,103,1546,51
hrt201n,104,2211,52
hrt201n,105,1919,50
hrt201n,106,1454,44
hrt201n,107,757,49
hrt201n,108,2322,51
hrt201n,109,1617,46
hrt201n,110,2176,54
hrt201n,111,1159,49
hrt201n,112,1686,53
hrt201n,113,1852,55
hrt201n,114,1012,52
hrt201n,115,2420,52
hrt201n,116,1692,50
hrt201n,117,1424,58
hrt201n,118,1598,51
hrt201n,119,1190,49
hrt201n,120,2304,53
hrt201n,121,1420,59
hrt201n,122,3566,67
hrt201n,123,1760,55
hrt201n,124,1419,55
hrt201n,125,2548,56
hrt201n,126,1337,59
hrt201n,127,1895,58
hrt201n,128,2873,57
hrt201n,129,1881,56
hrt201n,130,3247,64
hrt201n,131,2037,57
hrt201n,132,3505,66
hrt201n,133,2438,59
hrt201n,134,1656,67
hrt201n,135,2423,62
hrt201n,136,2089,60
hrt201n,137,1709,64
hrt201n,138,1479,59
hrt201n,139,3380,68
hrt201n,140,3850,74
hrt201n,141,1037,63
hrt201n,142,2456,68
hrt201n,143,2256,68
hrt201n,144,1262,60
hrt201n,145,2089,68
hrt201n,146,1845,62
hrt201n,147,2231,67
hrt201n,148,4775,78
hrt201n,149,2577,60
hrt201n,150,2093,68
hrt201n,151,3765,64
hrt201n,152,4307,75
hrt201n,153,1829,74
hrt201n,154,3815,77
hrt201n,155,2845,65
hrt201n,156,3975,75
hrt201n,157,2497,71
hrt201n,158,3079,69
hrt201n,159,3133,64
hrt201n,160,2837,81
hrt201n,161,4960,82
hrt201n,162,4104,75
hrt201n,163,1974,74
hrt201n,164,1881,71
hrt201n,165,1796,82
hrt201n,166,3429,71
hrt201n,167,4375,76
hrt201n,168,1527,75
hrt201n,169,3495,79
hrt201n,170,3563,77
hrt201n,171,3857,76
hrt201n,172,2882,81
hrt201n,173,2605,76
hrt201n,174,1691,76
hrt201n,175,2100,86
hrt201n,176,4557,88
hrt201n,177,3868,83
hrt201n,178,1555,79
hrt201n,179,3015,78
hrt201n,180,998,76
hrt201n,181,4907,81
hrt201n,182,1800,88
hrt201n,183,5009,85
hrt201n,184,5913,87
hrt201n,185,5061,89
hrt201n,186,5248,81
hrt201n,187,4739,82
hrt201n,188,2160,91
hrt201n,189,1882,79
hrt201n,190,4468,82
hrt201n,191,5337,87
hrt201n,192,3483,84
hrt201n,193,2286,86
hrt201n,194,4833,82
hrt201n,195,5730,90
hrt201n,196,4350,89
hrt201n,197,2526,98
hrt201n,198,5215,86
hrt201n,199,5709,90
hrt201n,200,4003,100
hrt201n,201,4359,85
hrt201n,202,4555,95
hrt201n,203,2947,87
hrt201n,204,5706,89
hrt201n,205,3948,89
hrt201n,206,4077,87
hrt201n,207,3817,92
hrt201n,208,3747,84
hrt201n,209,2161,95
hrt201n,210,5176,86
hrt201n,211,3382,94
hrt201n,212,2913,99
hrt201n,213,6653,113
hrt201n,214,3813,98
hrt201n,215,6294,103
hrt201n,216,1678,99
hrt201n,217,1991,93
hrt201n,218,3251,96
hrt201n,219,5933,105
hrt201n,220,2383,103
hrt201n,221,5851,115
hrt201n,222,7341,99
hrt201n,223,2710,105
hrt201n,224,3000,97
hrt201n,225,1649,110
hrt201n,226,3073,113
hrt201n,227,6390,98
hrt201n,228,6565,101
hrt201n,229,2792,95
hrt201n,230,5153,104
hrt201n,231,4613,108
hrt201n,232,2147,103
hrt201n,233,2763,105
hrt201n,234,4223,102
hrt201n,235,3264,101
hrt201n,236,4561,109
hrt201n,237,3618,96
hrt201n,238,5130,99
hrt201n,239,2886,109
hrt201n,240,7753,112
hrt201n,241,7242,119
hrt201n,242,2851,101
hrt201n,243,3408,99
hrt201n,244,4210,100
hrt201n,245,6515,112
hrt201n,246,2778,104
hrt201n,247,2639,107
hrt201n,248,2592,104
hrt201n,249,3155,114
hrt201n,250,5974,108
hrt201n,251,6254,114
hrt201n,252,7166,120
hrt201n,253,5393,109
hrt201n,254,2885,106
hrt201n,255,6199,107
hrt201n,256,7756,110
hrt201n,257,4073,110
hrt201n,258,3970,108
hrt201n,259,8538,109
hrt201n,260,2803,112
hrt201n,261,3674,118
hrt201n,262,9215,124
hrt201n,263,10101,123
hrt201n,264,3064,120
hrt201n,265,4255,125
hrt201n,266,4397,122
hrt201n,267,3804,116
hrt201n,268,8236,125
hrt201n,269,4612,127
hrt201n,270,2286,127
hrt201n,271,8676,120
hrt201n,272,9111,117
hrt201n,273,6633,121
hrt201n,274,3442,127
hrt201n,275,4955,122
hrt201n,276,4436,124
hrt201n,277,6378,127
hrt201n,278,8972,126
hrt201n,279,4841,127
hrt201n,280,5413,129
hrt201n,281,6528,118
hrt201n,282,10579,134
hrt201n,283,2717,136
hrt201n,284,2621,136
hrt201n,285,4624,131
hrt201n,286,4297,124
hrt201n,287,9469,132
hrt201n,288,6852,126
hrt201n,289,3897,129
hrt201n,290,9582,129
hrt201n,291,7491,123
hrt201n,292,7085,132
hrt201n,293,7324,136
hrt201n,294,8651,127
hrt201n,295,10777,142
hrt201n,296,10299,135
hrt201n,297,6743,129
hrt201n,298,9524,133
hrt201n,299,9941,127
hrt201n,300,3874,125
hrt201n,301,5726,133
hrt201n,302,4467,131
hrt201n,303,11205,129
hrt201n,304,5514,137
hrt201n,305,13067,149
hrt201n,306,2305,141
hrt201n,307,7966,149
hrt201n,308,9804,148
hrt201n,309,5953,152
hrt201n,310,6571,140
hrt201n,311,5404,144
hrt201n,312,6989,148
hrt201n,313,5932,138
hrt201n,314,9540,142
hrt201n,315,9525,145
hrt201n,316,4905,149
hrt201n,317,10559,146
hrt201n,318,12583,152
hrt201n,319,5395,137
hrt201n,320,9584,155
hrt201n,321,4291,153
hrt201n,322,6517,147
hrt201n,323,6613,145
hrt201n,324,12620,153
hrt201n,325,10755,146
hrt201n,326,13900,147
hrt201n,327,6242,147
hrt201n,328,7179,142
hrt201n,329,13128,145
hrt201n,330,4887,147
hrt201n,331,14944,158
hrt201n,332,2162,152
hrt201n,333,10490,158
hrt201n,334,11956,154
hrt201n,335,10213,147
hrt201n,336,12140,147
hrt201n,337,3598,139
hrt201n,338,8239,144
hrt201n,339,10952,145
hrt201n,340,15936,157
hrt201n,341,9125,153
hrt201n,342,5991,154
hrt201n,343,14012,163
hrt201n,344,11357,168
hrt201n,345,6068,156
hrt201n,346,8893,160
hrt201n,347,10350,149
hrt201n,348,7301,156
hrt201n,349,8049,147
hrt201n,350,4797,177
hrt201n,351,8400,164
hrt201n,352,9281,155
hrt201n,353,10533,149
hrt201n,354,12133,159
hrt201n,355,10482,168
hrt201n,356,10767,170
hrt201n,357,7888,158
hrt201n,358,3621,155
hrt201n,359,12152,168
hrt201n,360,5014,159
hrt201n,361,15395,160
hrt201n,362,4874,157
hrt201n,363,12403,165
hrt201n,364,7269,171
hrt201n,365,10223,170
hrt201n,366,8438,153
hrt201n,367,4497,165
hrt201n,368,5399,160
hrt201n,369,4628,161
hrt201n,370,12971,164
hrt201n,371,9319,170
hrt201n,372,13056,166
hrt201n,373,5519,164
hrt201n,374,5795,160
hrt201n,375,5137,171
hrt201n,376,14501,172
hrt201n,377,4662,183
hrt201n,378,11553,168
hrt201n,379,6797,166
hrt201n,380,4416,168
hrt201n,381,9465,173
hrt201n,382,6656,182
hrt201n,383,3984,179
hrt201n,384,9467,166
hrt201n,385,5740,162
hrt201n,386,13616,157
hrt201n,387,12593,184
hrt201n,388,17854,178
hrt201n,389,12710,182
hrt201n,390,17665,181
hrt201n,391,5174,172
hrt201n,392,5738,171
hrt201n,393,5340,175
hrt201n,394,17151,173
hrt201n,395,7669,167
hrt201n,396,8111,165
hrt201n,397,12143,165
hrt201n,398,7798,180
hrt201n,399,6258,180
hrt201n,400,13439,171
hrt201n,401,3271,182
hrt201n,402,8110,170
hrt201n,403,8322,186
hrt201n,404,12268,174
hrt201n,405,9628,189
hrt201n,406,16606,189
hrt201n,407,15081,188
hrt201n,408,5700,182
hrt201n,409,10893,178
hrt201n,410,11951,180
hrt201n,411,8927,192
hrt201n,412,8159,182
hrt201n,413,9286,185
hrt201n,414,7641,187
hrt201n,415,11374,186
hrt201n,416,8703,179
hrt201n,417,8094,186
hrt201n,418,5293,187
hrt201n,419,5127,189
hrt201n,420,8912,187
hrt201n,421,11568,200
hrt201n,422,9438,204
hrt201n,423,9152,198
hrt201n,424,13854,200
hrt201n,425,4164,179
hrt201n,426,18109,182
hrt201n,427,7422,199
hrt201n,428,4875,182
hrt201n,429,10345,190
hrt201n,430,8777,194
hrt201n,431,12214,207
hrt201n,432,7169,201
hrt201n,433,14696,194
hrt201n,434,14097,198
hrt201n,435,14859,189
hrt201n,436,11240,199
hrt201n,437,16275,203
hrt201n,438,6212,198
hrt201n,439,8044,205
hrt201n,440,10933,198
hrt201n,441,5710,186
hrt201n,442,9027,198
hrt201n,443,17961,201
hrt201n,444,11015,215
hrt201n,445,8111,193
hrt201n,446,10044,190
hrt201n,447,8842,218
hrt201n,448,12113,192
hrt201n,449,11701,212
hrt201n,450,9470,208
hrt201n,451,8575,201
hrt201n,452,10398,213
hrt201n,453,11619,200
hrt201n,454,9738,210
hrt201n,455,11155,202
hrt201n,456,6634,208
hrt201n,457,12360,203
hrt201n,458,8851,206
hrt201n,459,6482,207
hrt201n,460,19253,213
hrt201n,461,11913,211
hrt201n,462,12814,208
hrt201n,463,14983,207
hrt201n,464,12195,206
hrt201n,465,8996,213
hrt201n,466,10606,213
hrt201n,467,13125,207
hrt201n,468,13228,204
hrt201n,469,17386,223
hrt201n,470,6864,196
hrt201n,471,20342,220
hrt201n,472,18627,214
hrt201n,473,9543,216
hrt201n,474,10931,211
hrt201n,475,8412,203
hrt201n,476,13085,228
hrt201n,477,15101,203
hrt201n,478,9409,207
hrt201n,479,19191,212
hrt201n,480,18409,213
hrt201n,481,19284,207
hrt201n,482,13477,216
hrt201n,483,16619,221
hrt201n,484,12178,204
hrt201n,485,7607,205
hrt201n,486,8945,224
hrt201n,487,9233,221
hrt201n,488,19002,217
hrt201n,489,13904,225
hrt201n,490,17167,226
hrt201n,491,13434,234
hrt201n,492,12393,216
hrt201n,493,10855,235
hrt201n,494,10191,211
hrt201n,495,16599,224
hrt201n,496,6716,217
hrt201n,497,8004,218
hrt201n,498,10984,224
hrt201n,499,8243,227
hrt201n,500,19745,218
hrt201n,501,19808,235
hrt201n,502,14916,220
hrt201n,503,10764,232
hrt201n,504,21022,231
hrt201n,505,6757,219
hrt201n,506,9454,225
hrt201n,507,17546,220
hrt201n,508,15434,221
hrt201n,509,15650,224
hrt201n,510,12649,219
hrt201n,511,20293,235
hrt201n,512,15459,221
hrt201n,513,14391,229
hrt201n,514,14480,232
hrt201n,515,16419,232
hrt201n,516,11128,232
hrt201n,517,17327,226
hrt201n,518,14893,241
hrt201n,519,9613,236
hrt201n,520,13917,226
hrt201n,521,18587,244
hrt201n,522,15830,220
hrt201n,523,17539,231
hrt201n,524,14637,231
hrt201n,525,8960,226
hrt201n,526,8261,229
hrt201n,527,12099,234
hrt201n,528,15431,223
hrt201n,529,19129,235
hrt201n,530,19625,240
hrt201n,531,10541,243
hrt201n,532,20489,252
hrt201n,533,15748,245
hrt201n,534,14215,244
hrt201n,535,20481,239
hrt201n,536,20268,237
hrt201n,537,8557,240
hrt201n,538,10740,251
hrt201n,539,19386,241
hrt201n,540,16338,229
hrt201n,541,18424,244
hrt201n,542,15067,245
hrt201n,543,11542,252
hrt201n,544,10993,238
hrt201n,545,17158,264
hrt201n,546,21350,257
hrt201n,547,6306,239
hrt201n,548,12212,254
hrt201n,549,14433,244
hrt201n,550,11502,258
hrt201n,551,17011,252
hrt201n,552,19907,254
hrt201n,553,9641,240
hrt201n,554,16993,251
hrt201n,555,16206,246
hrt201n,556,10017,243
hrt201n,557,11231,239
hrt201n,558,20340,261
hrt201n,559,6304,249
hrt201n,560,20301,259
hrt201n,561,18896,247
hrt201n,562,14119,242
hrt201n,563,16426,253
hrt201n,564,12130,247
hrt201n,565,13889,239
hrt201n,566,18004,253
hrt201n,567,13457,259
hrt201n,568,16963,266
hrt201n,569,13380,246
hrt201n,570,9633,258
hrt201n,571,12871,255
hrt201n,572,13833,256
hrt201n,573,17802,264
hrt201n,574,20413,264
hrt201n,575,15134,253
hrt201n,576,14780,250
hrt201n,577,16220,247
hrt201n,578,19704,261
hrt201n,579,6401,261
hrt201n,580,18310,256
hrt201n,581,11240,255
hrt201n,582,16650,251
hrt201n,583,22429,248
hrt201n,584,17033,271
hrt201n,585,20552,261
hrt201n,586,20610,263
hrt201n,587,11955,268
hrt201n,588,19692,248
hrt201n,589,11266,255
hrt201n,590,18904,260
hrt201n,591,10363,273
hrt201n,592,14797,279
hrt201n,593,19876,273
hrt201n,594,14312,264
hrt201n,595,12711,264
hrt201n,596,13904,268
hrt201n,597,20268,268
hrt201n,598,12449,262
hrt201n,599,12764,280
hrt201n,600,16390,282
hrt201n,601,17109,266
hrt201n,602,11613,269
hrt201n,603,20803,280
hrt201n,604,13450,270
hrt201n,605,10306,268
hrt201n,606,13949,279
hrt201n,607,16334,274
hrt201n,608,18425,276
hrt201n,609,7292,274
hrt201n,610,13914,270
hrt201n,611,6901,271
hrt201n,612,7483,277
hrt201n,613,18109,266
hrt201n,614,20444,282
hrt201n,615,21931,273
hrt201n,616,12542,277
hrt201n,617,21819,276
hrt201n,618,19161,275
hrt201n,619,14719,272
hrt201n,620,14507,276
hrt201n,621,16719,267
hrt201n,622,8195,281
hrt201n,623,15994,277
hrt201n,624,22311,277
hrt201n,625,13671,284
hrt201n,626,17364,277
hrt201n,627,23069,288
hrt201n,628,10871,281
hrt201n,629,8852,287
hrt201n,630,19813,283
hrt201n,631,16143,293
hrt201n,632,16242,283
hrt201n,633,16263,285
hrt201n,634,16830,289
hrt201n,635,19702,286
hrt201n,636,14406,276
hrt201n,637,12984,273
hrt201n,638,11136,294
hrt201n,639,15557,275
hrt201n,640,13819,290
hrt201n,641,16670,292
hrt201n,642,9676,284
hrt201n,643,15962,283
hrt201n,644,15312,292
hrt201n,645,22089,293
hrt201n,646,16296,287
hrt201n,647,17140,276
hrt201n,648,7873,287
hrt201n,649,17389,293
hrt201n,650,18401,294
hrt201n,651,14956,300
hrt201n,652,14739,282
hrt201n,653,16033,292
hrt201n,654,21262,289
hrt201n,655,17639,290
hrt201n,656,19607,285
hrt201n,657,15980,298
hrt201n,658,16437,291
hrt201n,659,22106,285
hrt201n,660,17252,315
hrt201n,661,18532,299
hrt201n,662,16919,312
hrt201n,663,9399,289
hrt201n,664,15145,290
hrt201n,665,9089,295
hrt201n,666,18592,297
hrt201n,667,22208,297
hrt201n,668,18391,302
hrt201n,669,19475,293
hrt201n,670,21829,300
hrt201n,671,19000,302
hrt201n,672,16802,290
hrt201n,673,21166,308
hrt201n,674,20415,288
hrt201n,675,8966,300
hrt201n,676,23392,305
hrt201n,677,19586,308
hrt201n,678,15000,302
hrt201n,679,16326,306
hrt201n,680,13422,305
hrt201n,681,18403,310
hrt201n,682,22035,309
hrt201n,683,16867,303
hrt201n,684,19980,312
hrt201n,685,20060,314
hrt201n,686,22415,309
hrt201n,687,16112,309
hrt201n,688,18363,318
hrt201n,689,19403,303
hrt201n,690,12235,311
hrt201n,691,22005,310
hrt201n,692,20762,312
hrt201n,693,16899,303
hrt201n,694,11316,308
hrt201n,695,22859,301
hrt201n,696,21399,315
hrt201n,697,18706,309
hrt201n,698,12911,319
hrt201n,699,17939,309
hrt201n,700,14407,303
hrt201n,701,21249,310
hrt201n,702,22527,314
hrt201n,703,12385,321
hrt201n,704,19309,315
hrt201n,705,17979,320
hrt201n,706,16994,314
hrt201n,707,15088,314
hrt201n,708,19288,314
hrt201n,709,18353,310
hrt201n,710,20996,333
hrt201n,711,23398,303
hrt201n,712,10812,322
hrt201n,713,17926,320
hrt201n,714,15268,321
hrt201n,715,14093,321
hrt201n,716,21790,312
hrt201n,717,14737,310
hrt201n,718,21523,310
hrt201n,719,20506,320
hrt201n,720,11446,318
hrt201n,721,14130,305
hrt201n,722,14985,314
hrt201n,723,17073,322
hrt201n,724,17293,323
hrt201n,725,20690,310
hrt201n,726,19873,327
hrt201n,727,19342,320
hrt201n,728,17908,313
hrt201n,729,12013,336
hrt201n,730,18914,324
hrt201n,731,22074,342
hrt201n,732,22125,344
hrt201n,733,18629,322
hrt201n,734,20674,317
hrt201n,735,18165,326
hrt201n,736,8731,324
hrt201n,737,22633,335
hrt201n,738,19799,331
hrt201n,739,18382,329
hrt201n,740,21909,328
hrt201n,741,23260,324
hrt201n,742,22643,331
hrt201n,743,19180,338
hrt201n,744,22608,342
hrt201n,745,9390,326
hrt201n,746,19364,331
hrt201n,747,21688,324
hrt201n,748,21111,342
hrt201n,749,12266,321
hrt201n,750,23128,336
hrt201n,751,16450,332
hrt201n,752,21997,345
hrt201n,753,17693,350
hrt201n,754,18211,333
hrt201n,755,18435,337
hrt201n,756,21598,346
hrt201n,757,20790,331
hrt201n,758,12161,338
hrt201n,759,18075,338
hrt201n,760,17869,350
hrt201n,761,11889,333
hrt201n,762,18020,341
hrt201n,763,23010,337
hrt201n,764,20039,341
hrt201n,765,23396,354
hrt201n,766,19683,340
hrt201n,767,21241,345
hrt201n,768,12150,346
hrt201n,769,15485,348
hrt201n,770,15170,353
hrt201n,771,13209,355
hrt201n,772,14536,343
hrt201n,773,21509,347
hrt201n,774,13790,355
hrt201n,775,12348,343
hrt201n,776,21538,332
hrt201n,777,19021,355
hrt201n,778,20327,341
hrt201n,779,21384,355
hrt201n,780,19624,331
hrt201n,781,19245,344
hrt201n,782,15449,344
hrt201n,783,19728,346
hrt201n,784,23079,354
hrt201n,785,20181,349
hrt201n,786,19223,360
hrt201n,787,22247,344
hrt201n,788,20789,347
hrt201n,789,20599,356
hrt201n,790,21829,348
hrt201n,791,20283,357
hrt201n,792,13477,360
hrt201n,793,13184,345
hrt201n,794,21928,349
hrt201n,795,21414,352
hrt201n,796,16061,351
hrt201n,797,13223,348
hrt201n,798,21038,359
hrt201n,799,19430,364
hrt201n,800,20638,362
hrt201n,801,21248,357
hrt201n,802,19108,354
hrt201n,803,12742,364
hrt201n,804,22480,361
hrt201n,805,20417,356
hrt201n,806,15227,364
hrt201n,807,20373,348
hrt201n,808,16260,364
hrt201n,809,22040,352
hrt201n,810,22287,355
hrt201n,811,20443,366
hrt201n,812,12869,361
hrt201n,813,21791,352
hrt201n,814,17058,361
hrt201n,815,22239,368
hrt201n,816,19162,359
hrt201n,817,22418,360
hrt201n,818,20222,354
hrt201n,819,21473,371
hrt201n,820,21245,382
hrt201n,821,14397,378
hrt201n,822,20181,351
hrt201n,823,18049,377
hrt201n,824,15878,362
hrt201n,825,14884,372
hrt201n,826,21508,372
hrt201n,827,23051,371
hrt201n,828,20693,371
hrt201n,829,22105,358
hrt201n,830,21727,362
hrt201n,831,15245,370
hrt201n,832,21667,373
hrt201n,833,22526,373
hrt201n,834,22869,386
hrt201n,835,19444,374
hrt201n,836,22430,361
hrt201n,837,22571,389
hrt201n,838,20722,384
hrt201n,839,20345,376
hrt201n,840,22495,364
hrt201n,841,14696,370
hrt201n,842,22498,367
hrt201n,843,23538,373
hrt201n,844,22372,381
hrt201n,845,23402,378
hrt201n,846,22479,371
hrt201n,847,19848,380
hrt201n,848,21929,364
hrt201n,849,16120,373
hrt201n,850,14058,380
hrt201n,851,17422,385
hrt201n,852,19828,384
hrt201n,853,21680,377
hrt201n,854,21505,392
hrt201n,855,14971,389
hrt201n,856,21378,387
hrt201n,857,20481,383
hrt201n,858,15150,384
hrt201n,859,22693,378
hrt201n,860,19309,392
hrt201n,861,22964,390
hrt201n,862,13549,387
hrt201n,863,18472,383
hrt201n,864,19575,401
hrt201n,865,15231,385
hrt201n,866,22014,388
hrt201n,867,21858,392
hrt201n,868,20335,377
hrt201n,869,22899,390
hrt201n,870,21619,394
hrt201n,871,15675,396
hrt201n,872,23451,391
hrt201n,873,22574,396
hrt201n,874,21017,401
hrt201n,875,15931,395
hrt201n,876,21609,390
hrt201n,877,13273,382
hrt201n,878,20886,392
hrt201n,879,23400,394
hrt201n,880,15982,400
hrt201n,881,21036,391
hrt201n,882,18038,399
hrt201n,883,21530,400
hrt201n,884,19970,387
hrt201n,885,13741,389
hrt201n,886,22235,386
hrt201n,887,23621,407
hrt201n,888,17508,391
hrt201n,889,21617,403
hrt201n,890,20641,392
hrt201n,891,20706,392
hrt201n,892,21772,401
hrt201n,893,22083,387
hrt201n,894,14860,404
hrt201n,895,20371,392
hrt201n,896,20588,384
hrt201n,897,22875,409
hrt201n,898,18720,404
hrt201n,899,16055,401
hrt201n,900,16905,399
hrt201n,901,20373,413
hrt201n,902,19981,395
hrt201n,903,21921,412
hrt201n,904,23641,409
hrt201n,905,20814,399
hrt201n,906,23304,404
hrt201n,907,22329,396
hrt201n,908,20686,392
hrt201n,909,15149,398
hrt201n,910,21942,406
hrt201n,911,21637,425
hrt201n,912,17260,417
hrt201n,913,15889,396
hrt201n,914,16353,412
hrt201n,915,21298,391
hrt201n,916,20050,398
hrt201n,917,17868,401
hrt201n,918,19317,404
hrt201n,919,20525,394
hrt201n,920,18081,412
hrt201n,921,22692,423
hrt201n,922,20092,406
hrt201n,923,20741,405
hrt201n,924,22519,400
hrt201n,925,23549,421
hrt201n,926,21119,407
hrt201n,927,17201,414
hrt201n,928,22405,419
hrt201n,929,22370,403
hrt201n,930,18347,403
hrt201n,931,22252,419
hrt201n,932,22368,416
hrt201n,933,22721,412
hrt201n,934,18046,409
hrt201n,935,22340,419
hrt201n,936,21944,415
hrt201n,937,22495,422
hrt201n,938,20925,414
hrt201n,939,17819,420
hrt201n,940,22089,420
hrt201n,941,20225,419
hrt201n,942,20466,428
hrt201n,943,22478,422
hrt201n,944,17641,432
hrt201n,945,16766,414
hrt201n,946,16455,408
hrt201n,947,22350,432
hrt201n,948,17087,418
hrt201n,949,21841,422
hrt201n,950,22781,423
hrt201n,951,22271,417
hrt201n,952,17784,419
hrt201n,953,20435,425
hrt201n,954,17832,419
hrt201n,955,20814,420
hrt201n,956,17804,434
hrt201n,957,23342,412
hrt201n,958,18385,428
hrt201n,959,22214,421
hrt201n,960,15910,416
hrt201n,961,20436,426
hrt201n,962,20786,436
hrt201n,963,23424,435
hrt201n,964,22582,415
hrt201n,965,22080,420
hrt201n,966,21982,425
hrt201n,967,15082,416
hrt201n,968,21729,430
hrt201n,969,18592,427
hrt201n,970,22645,435
hrt201n,971,18999,439
hrt201n,972,22927,445
hrt201n,973,23077,441
hrt201n,974,16966,426
hrt201n,975,21110,421
hrt201n,976,15688,426
hrt201n,977,17067,434
hrt201n,978,23346,442
hrt201n,979,22620,426
hrt201n,980,21381,441
hrt201n,981,20700,443
hrt201n,982,17099,429
hrt201n,983,23206,443
hrt201n,984,19015,441
hrt201n,985,22059,430
hrt201n,986,23592,438
hrt201n,987,23540,437
hrt201n,988,22748,452
hrt201n,989,21607,438
hrt201n,990,22964,449
hrt201n,991,22764,441
hrt201n,992,22259,427
hrt201n,993,23562,435
hrt201n,994,23264,437
hrt201n,995,22707,444
hrt201n,996,22536,445
hrt201n,997,20713,445
hrt201n,998,22352,448
hrt201n,999,23132,452
hrt201n,1000,19257,440
hrt201n,1001,21962,433
hrt201n,1002,23470,442
hrt201n,1003,23634,446
hrt201n,1004,18994,444
hrt201n,1005,17587,443
hrt201n,1006,20906,453
hrt201n,1007,21837,449
hrt201n,1008,23318,455
hrt201n,1009,21538,452
hrt201n,1010,20857,452
hrt201n,1011,20461,458
hrt201n,1012,23182,458
hrt201n,1013,21185,462
hrt201n,1014,20955,463
hrt201n,1015,17391,444
hrt201n,1016,23033,445
hrt201n,1017,19023,449
hrt201n,1018,21974,447
hrt201n,1019,21925,443
hrt201n,1020,21157,452
hrt201n,1021,20181,451
hrt201n,1022,22233,458
hrt201n,1023,21952,452
hrt201n,1024,23237,448
hrt201n,1025,19287,449
hrt201n,1026,22521,452
hrt201n,1027,22502,447
hrt201n,1028,21994,450
hrt201n,1029,20983,448
hrt201n,1030,22212,448
hrt201n,1031,22244,453
hrt201n,1032,23481,460
hrt201n,1033,22700,468
hrt201n,1034,21683,451
hrt201n,1035,22009,456
hrt201n,1036,21425,446
hrt201n,1037,21606,453
hrt201n,1038,18982,454
hrt201n,1039,23169,455
hrt201n,1040,20974,465
hrt201n,1041,23594,461
hrt201n,1042,23521,448
hrt201n,1043,22879,464
hrt201n,1044,23321,475
hrt201n,1045,23256,460
hrt201n,1046,20552,455
hrt201n,1047,21798,469
hrt201n,1048,21319,455
hrt201n,1049,23523,461
hrt201n,1050,23225,460
hrt201n,1051,22860,476
hrt201n,1052,22373,469
hrt201n,1053,22200,470
hrt201n,1054,22919,474
hrt201n,1055,21067,466
hrt201n,1056,19531,460
hrt201n,1057,19423,462
hrt201n,1058,20948,459
hrt201n,1059,23435,476
hrt201n,1060,23612,478
hrt201n,1061,23520,473
hrt201n,1062,20653,454
hrt201n,1063,20134,456
hrt201n,1064,19125,470
hrt201n,1065,22160,465
hrt201n,1066,18455,464
hrt201n,1067,19781,465
hrt201n,1068,23249,454
hrt201n,1069,23617,471
hrt201n,1070,22978,482
hrt201n,1071,20976,471
hrt201n,1072,22619,472
hrt201n,1073,22840,488
hrt201n,1074,20563,468
hrt201n,1075,22120,485
hrt201n,1076,23573,475
hrt201n,1077,19787,474
hrt201n,1078,23641,475
hrt201n,1079,23639,472
hrt201n,1080,18465,463
hrt201n,1081,22982,490
hrt201n,1082,22669,475
hrt201n,1083,19702,467
hrt201n,1084,21995,484
hrt201n,1085,21627,472
hrt201n,1086,22007,477
hrt201n,1087,22383,490
hrt201n,1088,21811,477
hrt201n,1089,23151,479
hrt201n,1090,22278,496
hrt201n,1091,23150,470
hrt201n,1092,21931,484
hrt201n,1093,23552,477
hrt201n,1094,23645,478
hrt201n,1095,23597,481
hrt201n,1096,23513,485
hrt201n,1097,23153,487
hrt201n,1098,23002,486
hrt201n,1099,21652,487
hrt201n,1100,23024,488
hrt201n,1101,23165,488
hrt201n,1102,22145,480
hrt201n,1103,23572,494
hrt201n,1104,22037,481
hrt201n,1105,23236,489
hrt201n,1106,20336,483
hrt201n,1107,21975,480
hrt201n,1108,21163,486
hrt201n,1109,22979,482
hrt201n,1110,22768,481
hrt201n,1111,22733,490
hrt201n,1112,23446,490
hrt201n,1113,21398,494
hrt201n,1114,22381,494
hrt201n,1115,23410,483
hrt201n,1116,23486,492
hrt201n,1117,22551,497
hrt201n,1118,22856,498
hrt201n,1119,22558,481
hrt201n,1120,22860,490
hrt201n,1121,23604,499
hrt201n,1122,23469,511
hrt201n,1123,23650,499
hrt201n,1124,22040,489
hrt201n,1125,23228,510
hrt201n,1126,23338,494
hrt201n,1127,22841,482
hrt201n,1128,21774,498
hrt201n,1129,23652,515
hrt201n,1130,22589,505
hrt201n,1131,23631,495
hrt201n,1132,21802,492
hrt201n,1133,23060,501
hrt201n,1134,22299,506
hrt201n,1135,23537,505
hrt201n,1136,22991,494
hrt201n,1137,22961,505
hrt201n,1138,22147,501
hrt201n,1139,23645,502
hrt201n,1140,23524,495
hrt201n,1141,23404,495
hrt201n,1142,22982,506
hrt201n,1143,23385,504
hrt201n,1144,21554,495
hrt201n,1145,23591,497
hrt201n,1146,22962,506
hrt201n,1147,23572,500
hrt201n,1148,23638,500
hrt201n,1149,21973,489
hrt201n,1150,23384,510
hrt201n,1151,23305,497
hrt201n,1152,23588,507
hrt201n,1153,21741,495
hrt201n,1154,23154,517
hrt201n,1155,23049,512
hrt201n,1156,23288,510
hrt201n,1157,22556,507
hrt201n,1158,23374,497
hrt201n,1159,23573,499
hrt201n,1160,23437,496
hrt201n,1161,23283,504
hrt201n,1162,23510,499
hrt201n,1163,22738,504
hrt201n,1164,23629,501
hrt201n,1165,23551,517
hrt201n,1166,23339,507
hrt201n,1167,22676,507
hrt201n,1168,23357,518
hrt201n,1169,23539,507
hrt201n,1170,23269,512
hrt201n,1171,23346,511
hrt201n,1172,23630,511
hrt201n,1173,23631,509
hrt201n,1174,22453,506
hrt201n,1175,23405,518
hrt201n,1176,23543,522
hrt201n,1177,22800,513
hrt201n,1178,23190,511
hrt201n,1179,23129,518
lak506d,0,19,3
lak506d,1,3,1
lak506d,2,16,3
lak506d,3,11,2
lak506d,4,33,4
lak506d,5,6,2
lak506d,6,22,3
lak506d,7,8,2
lak506d,8,33,4
lak506d,9,15,3
lak506d,10,113,8
lak506d,11,51,8
lak506d,12,141,9
lak506d,13,69,6
lak506d,14,37,7
lak506d,15,72,6
lak506d,16,40,6
lak506d,17,34,5
lak506d,18,47,6
lak506d,19,84,7
lak506d,20,222,12
lak506d,21,194,12
lak506d,22,120,12
lak506d,23,92,11
lak506d,24,216,11
lak506d,25,228,13
lak506d,26,268,15
lak506d,27,300,13
lak506d,28,257,13
lak506d,29,238,15
lak506d,30,188,16
lak506d,31,599,21
lak506d,32,294,15
lak506d,33,440,20
lak506d,34,406,17
lak506d,35,387,16
lak506d,36,159,15
lak506d,37,191,16
lak506d,38,315,18
lak506d,39,332,16
lak506d,40,582,23
lak506d,41,586,21
lak506d,42,424,18
lak506d,43,568,22
lak506d,44,396,26
lak506d,45,244,20
lak506d,46,468,22
lak506d,47,507,24
lak506d,48,656,26
lak506d,49,634,24
lak506d,50,555,27
lak506d,51,361,23
lak506d,52,723,28
lak506d,53,911,26
lak506d,54,650,24
lak506d,55,473,24
lak506d,56,836,30
lak506d,57,659,23
lak506d,58,793,27
lak506d,59,518,23
lak506d,60,1136,37
lak506d,61,939,32
lak506d,62,732,28
lak506d,63,700,28
lak506d,64,542,32
lak506d,65,1077,34
lak506d,66,811,29
lak506d,67,1128,33
lak506d,68,929,32
lak506d,69,1066,31
lak506d,70,427,33
lak506d,71,1146,41
lak506d,72,854,36
lak506d,73,900,35
lak506d,74,1028,40
lak506d,75,875,30
lak506d,76,873,38
lak506d,77,730,37
lak506d,78,2039,40
lak506d,79,681,39
lak506d,80,1254,42
lak506d,81,986,33
lak506d,82,1375,38
lak506d,83,1695,41
lak506d,84,1714,47
lak506d,85,857,37
lak506d,86,1239,44
lak506d,87,1244,40
lak506d,88,1476,46
lak506d,89,1688,40
lak506d,90,1187,47
lak506d,91,1311,41
lak506d,92,1237,45
lak506d,93,1885,43
lak506d,94,594,46
lak506d,95,1386,43
lak506d,96,961,43
lak506d,97,1569,50
lak506d,98,1399,45
lak506d,99,793,42
lak506d,100,1037,50
lak506d,101,701,56
lak506d,102,2271,53
lak506d,103,1571,54
lak506d,104,1502,47
lak506d,105,1747,52
lak506d,106,1355,44
lak506d,107,1285,54
lak506d,108,869,43
lak506d,109,2355,51
lak506d,110,1794,55
lak506d,111,2347,53
lak506d,112,2447,54
lak506d,113,2642,59
lak506d,114,1667,59
lak506d,115,1192,54
lak506d,116,1798,61
lak506d,117,1802,53
lak506d,118,1383,51
lak506d,119,2145,57
lak506d,120,697,62
lak506d,121,1683,62
lak506d,122,1442,63
lak506d,123,1583,65
lak506d,124,1289,53
lak506d,125,1959,53
lak506d,126,1904,62
lak506d,127,1992,58
lak506d,128,1370,55
lak506d,129,2299,59
lak506d,130,1636,58
lak506d,131,1673,68
lak506d,132,1875,64
lak506d,133,2327,70
lak506d,134,1972,64
lak506d,135,1735,64
lak506d,136,2184,74
lak506d,137,645,65
lak506d,138,2364,73
lak506d,139,2376,63
lak506d,140,3286,67
lak506d,141,2291,70
lak506d,142,1943,73
lak506d,143,1480,71
lak506d,144,1708,68
lak506d,145,2195,69
lak506d,146,2383,75
lak506d,147,2006,79
lak506d,148,1556,69
lak506d,149,2797,70
lak506d,150,2220,71
lak506d,151,2611,79
lak506d,152,2057,79
lak506d,153,2611,74
lak506d,154,1223,67
lak506d,155,2565,73
lak506d,156,2515,74
lak506d,157,2653,72
lak506d,158,2766,76
lak506d,159,2743,73
lak506d,160,2715,79
lak506d,161,2211,82
lak506d,162,2867,89
lak506d,163,1758,83
lak506d,164,2628,80
lak506d,165,2631,86
lak506d,166,2516,81
lak506d,167,3039,78
lak506d,168,1440,83
lak506d,169,1383,89
lak506d,170,1361,80
lak506d,171,2786,86
lak506d,172,5979,94
lak506d,173,4529,93
lak506d,174,3094,96
lak506d,175,2821,88
lak506d,176,2004,83
lak506d,177,2691,88
lak506d,178,2154,73
lak506d,179,3179,88
lak506d,180,3763,100
lak506d,181,3241,90
lak506d,182,2977,90
lak506d,183,2070,87
lak506d,184,1315,90
lak506d,185,2904,89
lak506d,186,1604,88
lak506d,187,1646,90
lak506d,188,4236,95
lak506d,189,3044,99
lak506d,190,1422,90
lak506d,191,2643,93
lak506d,192,3222,100
lak506d,193,2755,92
lak506d,194,4270,103
lak506d,195,3638,99
lak506d,196,3594,100
lak506d,197,3029,94
lak506d,198,3688,103
lak506d,199,4796,101
lak506d,200,3573,110
lak506d,201,5347,114
lak506d,202,3508,106
lak506d,203,3089,96
lak506d,204,3001,93
lak506d,205,5901,97
lak506d,206,1485,98
lak506d,207,3103,101
lak506d,208,3468,102
lak506d,209,3781,104
lak506d,210,5897,110
lak506d,211,3178,104
lak506d,212,3571,102
lak506d,213,1929,111
lak506d,214,4428,102
lak506d,215,2221,104
lak506d,216,2845,115
lak506d,217,3513,103
lak506d,218,2959,106
lak506d,219,3319,101
lak506d,220,5186,118
lak506d,221,2759,109
lak506d,222,6300,114
lak506d,223,3277,113
lak506d,224,3874,113
lak506d,225,3093,101
lak506d,226,3219,113
lak506d,227,2148,106
lak506d,228,3578,107
lak506d,229,3848,116
lak506d,230,4527,123
lak506d,231,4428,113
lak506d,232,2669,117
lak506d,233,3610,118
lak506d,234,3268,118
lak506d,235,2151,113
lak506d,236,3644,109
lak506d,237,5273,110
lak506d,238,3710,119
lak506d,239,3833,118
lak506d,240,4785,125
lak506d,241,3782,127
lak506d,242,5374,117
lak506d,243,4029,124
lak506d,244,2333,114
lak506d,245,2232,113
lak506d,246,4740,129
lak506d,247,6464,125
lak506d,248,4509,118
lak506d,249,4075,122
lak506d,250,3897,127
lak506d,251,5208,126
lak506d,252,4912,130
lak506d,253,4545,130
lak506d,254,4521,137
lak506d,255,5004,131
lak506d,256,6972,127
lak506d,257,3854,122
lak506d,258,3958,123
lak506d,259,4170,122
lak506d,260,2783,130
lak506d,261,5237,129
lak506d,262,4259,136
lak506d,263,4892,136
lak506d,264,2656,132
lak506d,265,6842,135
lak506d,266,3886,127
lak506d,267,4541,136
lak506d,268,6929,133
lak506d,269,4887,132
lak506d,270,3112,136
lak506d,271,2699,142
lak506d,272,4578,140
lak506d,273,6904,131
lak506d,274,4701,131
lak506d,275,4373,135
lak506d,276,4336,127
lak506d,277,4433,136
lak506d,278,6209,140
lak506d,279,3727,139
lak506d,280,2998,136
lak506d,281,2969,137
lak506d,282,5661,133
lak506d,283,5409,151
lak506d,284,5469,147
lak506d,285,4604,144
lak506d,286,3441,143
lak506d,287,5456,144
lak506d,288,3909,144
lak506d,289,3619,142
lak506d,290,5247,147
lak506d,291,3777,144
lak506d,292,5025,141
lak506d,293,5539,144
lak506d,294,6681,146
lak506d,295,5185,144
lak506d,296,4778,150
lak506d,297,4438,148
lak506d,298,5124,143
lak506d,299,5084,142
lak506d,300,4791,147
lak506d,301,6162,141
lak506d,302,5944,157
lak506d,303,5150,143
lak506d,304,3534,152
lak506d,305,4956,148
lak506d,306,5135,155
lak506d,307,6508,147
lak506d,308,4817,157
lak506d,309,6624,151
lak506d,310,4908,159
lak506d,311,6649,146
lak506d,312,2870,155
lak506d,313,6922,152
lak506d,314,7681,161
lak506d,315,7607,161
lak506d,316,6208,151
lak506d,317,4688,157
lak506d,318,7140,159
lak506d,319,4622,150
lak506d,320,8197,165
lak506d,321,4558,148
lak506d,322,4562,162
lak506d,323,6426,156
lak506d,324,4571,154
lak506d,325,6680,163
lak506d,326,5478,168
lak506d,327,5504,165
lak506d,328,6304,165
lak506d,329,6794,158
lak506d,330,6342,165
lak506d,331,7963,169
lak506d,332,6206,162
lak506d,333,5319,168
lak506d,334,5717,168
lak506d,335,5934,171
lak506d,336,5833,164
lak506d,337,4906,161
lak506d,338,8196,171
lak506d,339,7393,161
lak506d,340,6978,179
lak506d,341,6097,176
lak506d,342,7915,177
lak506d,343,5511,162
lak506d,344,6449,166
lak506d,345,8410,172
lak506d,346,5893,169
lak506d,347,5239,159
lak506d,348,6157,177
lak506d,349,8481,173
lak506d,350,5960,166
lak506d,351,5417,185
lak506d,352,8201,177
lak506d,353,7405,179
lak506d,354,5776,176
lak506d,355,6832,178
lak506d,356,7366,174
lak506d,357,5801,177
lak506d,358,5695,172
lak506d,359,6364,176
lak506d,360,7075,185
lak506d,361,6778,182
lak506d,362,6361,183
lak506d,363,7214,181
lak506d,364,8324,181
lak506d,365,6861,183
lak506d,366,5170,172
lak506d,367,5590,184
lak506d,368,6477,181
lak506d,369,8000,179
lak506d,370,4689,180
lak506d,371,8645,188
lak506d,372,8969,189
lak506d,373,5653,185
lak506d,374,4000,188
lak506d,375,8281,181
lak506d,376,5898,177
lak506d,377,4664,183
lak506d,378,6448,190
lak506d,379,5919,178
lak506d,380,6622,182
lak506d,381,6616,191
lak506d,382,8200,195
lak506d,383,6330,195
lak506d,384,6446,185
lak506d,385,6743,180
lak506d,386,6486,186
lak506d,387,6610,188
lak506d,388,6991,199
lak506d,389,7202,200
lak506d,390,6717,193
lak506d,391,7323,198
lak506d,392,7780,203
lak506d,393,7569,194
lak506d,394,8592,199
lak506d,395,7483,194
lak506d,396,5358,184
lak506d,397,6501,200
lak506d,398,5226,191
lak506d,399,6219,193
lak506d,400,8885,204
lak506d,401,6775,205
lak506d,402,7531,200
lak506d,403,9022,201
lak506d,404,8038,203
lak506d,405,4618,196
lak506d,406,6913,185
lak506d,407,5758,189
lak506d,408,8202,206
lak506d,409,8729,200
lak506d,410,7851,210
lak506d,411,8981,201
lak506d,412,10088,212
lak506d,413,6273,197
lak506d,414,7426,204
lak506d,415,8609,208
lak506d,416,5993,198
lak506d,417,8013,206
lak506d,418,4373,197
lak506d,419,5237,189
lak506d,420,7236,206
lak506d,421,7068,214
lak506d,422,6962,212
lak506d,423,6952,207
lak506d,424,9555,214
lak506d,425,8301,209
lak506d,426,7411,205
lak506d,427,8001,207
lak506d,428,6700,215
lak506d,429,7516,195
lak506d,430,9830,220
lak506d,431,6945,220
lak506d,432,9348,210
lak506d,433,7027,205
lak506d,434,9575,214
lak506d,435,8477,213
lak506d,436,7940,218
lak506d,437,7220,222
lak506d,438,7106,219
lak506d,439,8708,216
lak506d,440,7455,226
lak506d,441,7786,207
lak506d,442,7679,221
lak506d,443,9480,226
lak506d,444,8350,221
lak506d,445,7127,221
lak506d,446,8598,224
lak506d,447,8423,216
lak506d,448,5278,215
lak506d,449,6218,213
lak506d,450,7424,224
lak506d,451,7376,225
lak506d,452,8800,215
lak506d,453,7328,232
lak506d,454,8957,230
lak506d,455,9337,223
lak506d,456,8627,233
lak506d,457,7059,218
lak506d,458,7370,226
lak506d,459,5924,214
lak506d,460,6901,232
lak506d,461,7840,232
lak506d,462,11115,234
lak506d,463,10144,238
lak506d,464,9352,233
lak506d,465,7649,231
lak506d,466,8838,228
lak506d,467,9424,238
lak506d,468,7571,235
lak506d,469,9948,238
lak506d,470,7596,237
lak506d,471,5138,230
lak506d,472,7377,243
lak506d,473,7024,231
lak506d,474,8822,230
lak506d,475,7329,231
lak506d,476,8106,238
lak506d,477,9269,231
lak506d,478,11213,239
lak506d,479,6242,226
lak506d,480,8225,234
lak506d,481,7682,244
lak506d,482,8674,228
lak506d,483,7725,245
lak506d,484,6646,235
lak506d,485,5795,228
lak506d,486,8243,242
lak506d,487,7376,245
lak506d,488,10930,246
lak506d,489,7103,235
lak506d,490,11005,244
lak506d,491,10652,251
lak506d,492,7670,256
lak506d,493,9689,250
lak506d,494,9983,256
lak506d,495,10947,255
lak506d,496,9148,247
lak506d,497,9668,247
lak506d,498,7389,238
lak506d,499,9516,242
lak506d,500,6772,243
lak506d,501,11774,264
lak506d,502,5656,251
lak506d,503,9046,253
lak506d,504,7890,251
lak506d,505,10850,252
lak506d,506,7849,252
lak506d,507,10191,261
lak506d,508,6240,234
lak506d,509,11633,260
lak506d,510,6649,258
lak506d,511,11846,253
lak506d,512,7734,257
lak506d,513,6817,258
lak506d,514,10482,255
lak506d,515,8355,256
lak506d,516,9638,243
lak506d,517,6812,247
lak506d,518,10453,249
lak506d,519,11440,257
lak506d,520,5707,258
lak506d,521,10243,255
lak506d,522,12120,249
lak506d,523,8535,265
lak506d,524,12444,265
lak506d,525,8073,259
lak506d,526,6671,248
lak506d,527,7840,264
lak506d,528,11374,245
lak506d,529,10394,255
lak506d,530,12229,276
lak506d,531,6392,253
lak506d,532,6130,264
lak506d,533,11272,268
lak506d,534,10121,269
lak506d,535,9168,279
lak506d,536,9407,265
lak506d,537,8098,257
lak506d,538,10625,260
lak506d,539,12014,247
lak506d,540,6616,269
lak506d,541,9897,281
lak506d,542,6977,259
lak506d,543,9543,274
lak506d,544,9861,278
lak506d,545,9483,273
lak506d,546,12231,276
lak506d,547,11093,273
lak506d,548,6650,270
lak506d,549,11713,260
lak506d,550,6973,273
lak506d,551,8890,283
lak506d,552,11786,257
lak506d,553,7404,273
lak506d,554,10998,281
lak506d,555,8747,285
lak506d,556,11089,277
lak506d,557,7204,276
lak506d,558,11079,269
lak506d,559,8149,274
lak506d,560,12218,282
lak506d,561,10232,284
lak506d,562,7220,278
lak506d,563,10966,282
lak506d,564,6339,275
lak506d,565,7488,285
lak506d,566,13210,284
lak506d,567,11128,284
lak506d,568,8334,286
lak506d,569,13547,286
lak506d,570,7159,291
lak506d,571,13435,284
lak506d,572,11614,287
lak506d,573,10000,291
lak506d,574,13408,276
lak506d,575,6910,289
lak506d,576,9507,293
lak506d,577,7707,300
lak506d,578,13675,285
lak506d,579,12768,274
lak506d,580,13180,295
lak506d,581,13799,290
lak506d,582,10717,302
lak506d,583,8129,283
lak506d,584,6634,277
lak506d,585,9133,295
lak506d,586,11188,288
lak506d,587,9512,295
lak506d,588,9998,294
lak506d,589,7663,294
lak506d,590,10043,298
lak506d,591,9682,292
lak506d,592,10568,302
lak506d,593,10245,300
lak506d,594,11105,294
lak506d,595,8105,300
lak506d,596,12327,286
lak506d,597,10645,298
lak506d,598,8465,303
lak506d,599,13635,292
lak506d,600,10845,304
lak506d,601,8002,309
lak506d,602,10201,298
lak506d,603,10498,307
lak506d,604,7164,291
lak506d,605,10708,304
lak506d,606,9492,302
lak506d,607,6765,305
lak506d,608,12872,292
lak506d,609,6917,289
lak506d,610,10748,311
lak506d,611,13357,307
lak506d,612,11314,310
lak506d,613,9915,305
lak506d,614,8597,307
lak506d,615,8858,307
lak506d,616,11523,312
lak506d,617,9777,305
lak506d,618,8301,305
lak506d,619,13340,303
lak506d,620,10792,313
lak506d,621,9662,307
lak506d,622,12958,300
lak506d,623,8011,312
lak506d,624,13289,313
lak506d,625,8108,319
lak506d,626,13579,315
lak506d,627,13585,308
lak506d,628,12785,300
lak506d,629,13012,311
lak506d,630,11699,316
lak506d,631,7560,306
lak506d,632,9716,318
lak506d,633,13719,319
lak506d,634,8747,313
lak506d,635,9852,314
lak506d,636,7048,313
lak506d,637,9431,323
lak506d,638,8103,322
lak506d,639,10918,310
lak506d,640,13507,316
lak506d,641,10900,325
lak506d,642,7804,320
lak506d,643,8893,330
lak506d,644,10075,321
lak506d,645,8986,322
lak506d,646,8844,320
lak506d,647,10100,325
lak506d,648,13115,326
lak506d,649,7709,317
lak506d,650,9820,327
lak506d,651,12045,332
lak506d,652,8214,335
lak506d,653,11932,323
lak506d,654,8872,325
lak506d,655,9704,329
lak506d,656,6599,322
lak506d,657,13504,332
lak506d,658,10594,334
lak506d,659,8869,325
lak506d,660,9318,332
lak506d,661,12778,321
lak506d,662,12850,329
lak506d,663,12362,338
lak506d,664,8722,331
lak506d,665,12236,327
lak506d,666,10921,333
lak506d,667,12258,335
lak506d,668,10294,324
lak506d,669,11466,329
lak506d,670,8774,341
lak506d,671,9192,344
lak506d,672,9171,337
lak506d,673,12483,332
lak506d,674,9667,336
lak506d,675,9911,336
lak506d,676,12370,342
lak506d,677,12666,324
lak506d,678,9932,339
lak506d,679,8049,330
lak506d,680,13809,342
lak506d,681,11408,348
lak506d,682,11762,330
lak506d,683,13885,343
lak506d,684,10074,342
lak506d,685,9380,339
lak506d,686,10721,340
lak506d,687,9752,343
lak506d,688,8235,350
lak506d,689,9186,335
lak506d,690,8682,345
lak506d,691,11229,348
lak506d,692,11143,341
lak506d,693,10232,346
lak506d,694,10633,342
lak506d,695,13515,346
lak506d,696,9147,334
lak506d,697,10156,355
lak506d,698,12012,343
lak506d,699,11830,350
lak506d,700,9428,345
lak506d,701,12726,361
lak506d,702,9830,348
lak506d,703,9630,352
lak506d,704,8903,353
lak506d,705,9163,351
lak506d,706,9663,354
lak506d,707,8509,349
lak506d,708,7361,348
lak506d,709,9469,348
lak506d,710,9296,359
lak506d,711,9179,361
lak506d,712,7662,343
lak506d,713,12746,350
lak506d,714,12393,361
lak506d,715,10885,361
lak506d,716,9902,354
lak506d,717,11963,350
lak506d,718,10242,363
lak506d,719,12622,356
lak506d,720,9891,363
lak506d,721,12412,359
lak506d,722,8930,368
lak506d,723,12720,363
lak506d,724,7594,360
lak506d,725,9485,370
lak506d,726,12753,365
lak506d,727,13765,354
lak506d,728,11347,359
lak506d,729,12169,359
lak506d,730,12785,360
lak506d,731,9280,366
lak506d,732,11815,362
lak506d,733,9857,374
lak506d,734,12289,366
lak506d,735,10546,374
lak506d,736,9519,375
lak506d,737,12584,363
lak506d,738,12935,371
lak506d,739,8983,367
lak506d,740,8898,366
lak506d,741,9251,364
lak506d,742,10435,377
lak506d,743,13845,373
lak506d,744,9428,371
lak506d,745,7566,369
lak506d,746,9963,368
lak506d,747,9692,377
lak506d,748,10551,379
lak506d,749,12254,362
lak506d,750,9592,383
lak506d,751,8413,378
lak506d,752,13600,378
lak506d,753,12320,370
lak506d,754,11926,379
lak506d,755,10576,376
lak506d,756,12776,381
lak506d,757,12934,379
lak506d,758,9399,373
lak506d,759,13831,381
lak506d,760,12864,387
lak506d,761,9821,377
lak506d,762,10541,384
lak506d,763,9859,384
lak506d,764,12669,382
lak506d,765,10976,385
lak506d,766,7821,382
lak506d,767,12710,367
lak506d,768,13213,377
lak506d,769,10309,383
lak506d,770,9807,385
lak506d,771,9783,392
lak506d,772,12746,380
lak506d,773,13165,388
lak506d,774,13883,391
lak506d,775,12161,379
lak506d,776,10246,387
lak506d,777,12879,390
lak506d,778,10455,395
lak506d,779,13212,381
lak506d,780,10565,391
lak506d,781,13704,386
lak506d,782,11644,396
lak506d,783,11325,396
lak506d,784,13641,388
lak506d,785,10190,397
lak506d,786,8720,384
lak506d,787,11610,392
lak506d,788,8688,378
lak506d,789,7803,384
lak506d,790,8562,388
lak506d,791,13609,397
lak506d,792,10274,402
lak506d,793,12595,389
lak506d,794,10195,394
lak506d,795,9975,400
lak506d,796,13100,392
lak506d,797,12294,384
lak506d,798,12859,389
lak506d,799,10196,403
lak506d,800,12470,388
lak506d,801,11062,402
lak506d,802,10184,407
lak506d,803,10604,404
lak506d,804,8375,403
lak506d,805,13649,401
lak506d,806,11845,405
lak506d,807,13586,407
lak506d,808,13259,406
lak506d,809,10261,405
lak506d,810,12457,395
lak506d,811,11499,403
lak506d,812,13620,403
lak506d,813,9884,408
lak506d,814,13152,402
lak506d,815,10278,410
lak506d,816,10082,413
lak506d,817,12043,413
lak506d,818,8794,397
lak506d,819,13789,401
lak506d,820,11949,410
lak506d,821,10023,419
lak506d,822,11686,414
lak506d,823,13880,415
lak506d,824,12051,406
lak506d,825,9595,403
lak506d,826,9553,405
lak506d,827,13147,413
lak506d,828,13404,413
lak506d,829,11011,416
lak506d,830,12436,418
lak506d,831,10690,412
lak506d,832,11267,416
lak506d,833,7902,416
lak506d,834,12124,423
lak506d,835,12389,427
lak506d,836,9854,409
lak506d,837,9941,407
lak506d,838,9125,407
lak506d,839,8730,416
lak506d,840,10515,429
lak506d,841,11971,410
lak506d,842,12509,408
lak506d,843,10926,429
lak506d,844,13626,420
lak506d,845,10368,421
lak506d,846,8964,412
lak506d,847,11573,429
lak506d,848,12707,428
lak506d,849,9616,410
lak506d,850,10485,425
lak506d,851,12558,423
lak506d,852,10748,420
lak506d,853,11278,439
lak506d,854,10965,426
lak506d,855,11386,436
lak506d,856,9287,413
lak506d,857,10914,424
lak506d,858,10554,418
lak506d,859,11678,434
lak506d,860,11428,436
lak506d,861,11687,441
lak506d,862,10862,422
lak506d,863,10916,443
lak506d,864,12349,430
lak506d,865,9902,422
lak506d,866,11879,427
lak506d,867,9179,428
lak506d,868,11247,420
lak506d,869,9312,424
lak506d,870,10843,449
lak506d,871,8894,429
lak506d,872,10702,434
lak506d,873,10971,430
lak506d,874,10267,440
lak506d,875,10123,437
lak506d,876,11142,432
lak506d,877,12292,442
lak506d,878,10393,433
lak506d,879,12435,442
lak506d,880,9432,440
lak506d,881,11322,442
lak506d,882,12658,446
lak506d,883,13808,435
lak506d,884,12065,432
lak506d,885,10578,432
lak506d,886,11366,438
lak506d,887,12770,436
lak506d,888,9772,428
lak506d,889,11397,444
lak506d,890,9354,431
lak506d,891,11682,450
lak506d,892,11119,437
lak506d,893,9735,437
lak506d,894,12172,454
lak506d,895,12168,440
lak506d,896,11431,431
lak506d,897,13130,453
lak506d,898,9977,431
lak506d,899,9318,442
lak506d,900,10174,442
lak506d,901,13003,453
lak506d,902,10885,454
lak506d,903,10822,456
lak506d,904,12924,453
lak506d,905,12686,453
lak506d,906,10573,444
lak506d,907,10890,444
lak506d,908,11546,444
lak506d,909,9623,440
lak506d,910,11590,453
lak506d,911,11157,454
lak506d,912,11831,448
lak506d,913,12862,460
lak506d,914,10299,454
lak506d,915,12682,454
lak506d,916,10385,442
lak506d,917,13891,445
lak506d,918,13112,456
lak506d,919,11239,466
lak506d,920,11357,463
lak506d,921,12980,451
lak506d,922,13061,453
lak506d,923,10502,460
lak506d,924,10645,447
lak506d,925,13597,457
lak506d,926,11998,446
lak506d,927,12492,456
lak506d,928,12407,456
lak506d,929,12586,450
lak506d,930,11414,466
lak506d,931,12527,453
lak506d,932,12572,457
lak506d,933,11921,458
lak506d,934,10992,457
lak506d,935,12040,458
lak506d,936,11309,455
lak506d,937,9360,462
lak506d,938,9901,445
lak506d,939,12761,463
lak506d,940,13483,468
lak506d,941,13321,470
lak506d,942,12598,473
lak506d,943,13892,465
lak506d,944,12383,456
lak506d,945,12233,461
lak506d,946,11422,466
lak506d,947,11818,458
lak506d,948,12113,469
lak506d,949,13543,470
lak506d,950,12882,472
lak506d,951,11330,456
lak506d,952,11726,470
lak506d,953,9924,470
lak506d,954,11110,463
lak506d,955,11497,478
lak506d,956,11636,474
lak506d,957,12531,468
lak506d,958,13596,473
lak506d,959,13503,469
lak506d,960,10899,469
lak506d,961,13730,478
lak506d,962,10635,468
lak506d,963,11263,481
lak506d,964,12760,483
lak506d,965,12073,468
lak506d,966,10564,483
lak506d,967,10891,480
lak506d,968,12164,461
lak506d,969,11710,487
lak506d,970,12603,465
lak506d,971,11613,487
lak506d,972,11552,472
lak506d,973,12443,484
lak506d,974,11780,487
lak506d,975,12279,473
lak506d,976,13125,487
lak506d,977,11927,479
lak506d,978,12534,476
lak506d,979,12662,484
lak506d,980,12799,481
lak506d,981,13753,494
lak506d,982,13869,490
lak506d,983,13209,492
lak506d,984,12636,478
lak506d,985,12395,474
lak506d,986,12865,474
lak506d,987,12720,494
lak506d,988,13549,489
lak506d,989,13856,482
lak506d,990,10476,492
lak506d,991,13692,493
lak506d,992,12349,496
lak506d,993,10818,493
lak506d,994,13797,488
lak506d,995,12863,487
lak506d,996,12235,489
lak506d,997,13383,491
lak506d,998,11154,476
lak506d,999,13681,495
lak506d,1000,10053,491
lak506d,1001,13518,504
lak506d,1002,12868,497
lak506d,1003,13179,503
lak506d,1004,13627,495
lak506d,1005,13700,505
lak506d,1006,13048,491
lak506d,1007,12377,507
lak506d,1008,11840,501
lak506d,1009,12466,490
lak506d,1010,12498,490
lak506d,1011,13813,500
lak506d,1012,13548,504
lak506d,1013,12260,505
lak506d,1014,12284,504
lak506d,1015,13449,501
lak506d,1016,13467,512
lak506d,1017,13598,495
lak506d,1018,11910,506
lak506d,1019,10616,502
lak506d,1020,12906,498
lak506d,1021,10757,508
lak506d,1022,13430,509
lak506d,1023,13585,515
lak506d,1024,13429,511
lak506d,1025,12742,504
lak506d,1026,12997,494
lak506d,1027,12492,515
lak506d,1028,13099,489
lak506d,1029,13434,506
lak506d,1030,13263,503
lak506d,1031,13773,506
lak506d,1032,13281,512
lak506d,1033,13274,511
lak506d,1034,13565,508
lak506d,1035,11051,515
lak506d,1036,12729,496
lak506d,1037,12877,513
lak506d,1038,12064,508
lak506d,1039,12595,504
lak506d,1040,11439,520
lak506d,1041,12645,523
lak506d,1042,11175,509
lak506d,1043,12996,519
lak506d,1044,13709,511
lak506d,1045,13448,518
lak506d,1046,12259,522
lak506d,1047,11525,517
lak506d,1048,12309,519
lak506d,1049,12653,521
lak506d,1050,13635,521
lak506d,1051,13740,527
lak506d,1052,13183,522
lak506d,1053,12904,522
lak506d,1054,12976,524
lak506d,1055,11678,522
lak506d,1056,11029,521
lak506d,1057,11016,522
lak506d,1058,13716,513
lak506d,1059,12509,522
lak506d,1060,13851,525
lak506d,1061,12590,525
lak506d,1062,13852,526
lak506d,1063,13873,523
lak506d,1064,13894,519
lak506d,1065,13833,531
lak506d,1066,13349,534
lak506d,1067,13768,521
lak506d,1068,13175,535
lak506d,1069,13021,527
lak506d,1070,13655,535
lak506d,1071,13792,535
lak506d,1072,13171,533
lak506d,1073,13879,525
lak506d,1074,13801,539
lak506d,1075,13707,532
lak506d,1076,13839,529
lak506d,1077,12559,531
lak506d,1078,13344,537
lak506d,1079,13870,531
lak506d,1080,13079,536
lak506d,1081,13540,537
lak506d,1082,12674,530
lak506d,1083,13676,546
lak506d,1084,13705,538
lak506d,1085,13552,532
lak506d,1086,13853,539
lak506d,1087,12748,539
lak506d,1088,13811,541
lak506d,1089,13787,537
lak506d,1090,13874,532
lak506d,1091,12651,540
lak506d,1092,13193,535
lak506d,1093,12046,536
lak506d,1094,13731,548
lak506d,1095,13120,544
lak506d,1096,12184,539
lak506d,1097,12013,537
lak506d,1098,13714,548
lak506d,1099,12266,530
lak506d,1100,13511,544
lak506d,1101,13769,547
lak506d,1102,13869,545
lak506d,1103,13862,550
lak506d,1104,13410,549
lak506d,1105,13856,546
lak506d,1106,13884,535
lak506d,1107,13786,555
lak506d,1108,13326,549
lak506d,1109,13222,549
